<?xml version="1.0" encoding="UTF-8"?>
<kml xmlns="http://www.opengis.net/kml/2.2">
  <Document>
    <name>London Events — 22 Jun 26 to 28 Jun 26</name>
    <description>Weekend events in London, 22 Jun 26 to 28 Jun 26. Pins coloured by category.</description>
  <Style id="blue-dot.png">
    <IconStyle>
      <Icon><href>https://maps.google.com/mapfiles/ms/icons/blue-dot.png</href></Icon>
    </IconStyle>
  </Style>
  <Style id="green-dot.png">
    <IconStyle>
      <Icon><href>https://maps.google.com/mapfiles/ms/icons/green-dot.png</href></Icon>
    </IconStyle>
  </Style>
  <Style id="ltblue-dot.png">
    <IconStyle>
      <Icon><href>https://maps.google.com/mapfiles/ms/icons/ltblue-dot.png</href></Icon>
    </IconStyle>
  </Style>
  <Style id="orange-dot.png">
    <IconStyle>
      <Icon><href>https://maps.google.com/mapfiles/ms/icons/orange-dot.png</href></Icon>
    </IconStyle>
  </Style>
  <Style id="purple-dot.png">
    <IconStyle>
      <Icon><href>https://maps.google.com/mapfiles/ms/icons/purple-dot.png</href></Icon>
    </IconStyle>
  </Style>
  <Style id="red-dot.png">
    <IconStyle>
      <Icon><href>https://maps.google.com/mapfiles/ms/icons/red-dot.png</href></Icon>
    </IconStyle>
  </Style>
  <Style id="yellow-dot.png">
    <IconStyle>
      <Icon><href>https://maps.google.com/mapfiles/ms/icons/yellow-dot.png</href></Icon>
    </IconStyle>
  </Style>
    <Placemark>
      <name>Esto Perpetua</name>
      <description><![CDATA[<b>Esto Perpetua</b><br><i>Arts &amp; Culture</i><br>Wed 22nd Apr – Fri 10th Jul<br>Belmacz, London<br>Check site<br><br>curated by Lavinia Filippi, a group exhibition that takes a photograph of a wall in the cemetery of San Michele as a conceptual starting point for a visual investigation of Venice itself<br><br><a href="https://www.galleriesnow.net/shows/esto-perpetua/">More info / tickets</a>]]></description>
      <styleUrl>#orange-dot.png</styleUrl>
      <Point>
        <coordinates>-0.148451,51.512385,0</coordinates>
      </Point>
    </Placemark>
    <Placemark>
      <name>The Boy Who Harnessed the Wind</name>
      <description><![CDATA[<b>The Boy Who Harnessed the Wind</b><br><i>Theatre</i><br>Wed 29th Apr – Sat 18th Jul<br>@sohoplace, Soho<br>£25<br><br>The Boy Who Harnessed the Wind is a powerful true story where imagination brings hope for tomorrow.<br><br><a href="https://sohoplace.org/shows/the-boy-who-harnessed-the-wind/">More info / tickets</a>]]></description>
      <styleUrl>#blue-dot.png</styleUrl>
      <Point>
        <coordinates>-0.1305145,51.5154993,0</coordinates>
      </Point>
    </Placemark>
    <Placemark>
      <name>Yuko Shiraishi: Brief Encounter - Gazebo</name>
      <description><![CDATA[<b>Yuko Shiraishi: Brief Encounter - Gazebo</b><br><i>Arts &amp; Culture</i><br>Thu 30th Apr – Sat 18th Jul<br>Annely Juda Fine Art, London<br>Check site<br><br>“for this project - another in my Imaginary Architecture series - I chose to explore iridescent clouds, sometimes known as \&quot;rainbow clouds\&quot;, a meteorological phenomenon characterised by vibrant, colourful bands appearing on thin, semi-transparent clouds<br><br><a href="https://www.galleriesnow.net/shows/yuko-shiraishi-brief-encounter-gazebo/">More info / tickets</a>]]></description>
      <styleUrl>#orange-dot.png</styleUrl>
      <Point>
        <coordinates>-0.1456,51.514301,0</coordinates>
      </Point>
    </Placemark>
    <Placemark>
      <name>Richard Kenton Webb: Passion Drawings</name>
      <description><![CDATA[<b>Richard Kenton Webb: Passion Drawings</b><br><i>Arts &amp; Culture</i><br>Thu 30th Apr – Sat 11th Jul<br>Benjamin Rhodes Arts, London<br>Check site<br><br>“a book / exhibition of 24 drawings about love … an intensely sensitive suite of drawings inspired by the Passion of Christ and dedicated to all outsiders”<br><br><a href="https://www.galleriesnow.net/shows/richard-kenton-webb-passion-drawings-english-iconoclasm/">More info / tickets</a>]]></description>
      <styleUrl>#orange-dot.png</styleUrl>
      <Point>
        <coordinates>-0.0740157,51.525126,0</coordinates>
      </Point>
    </Placemark>
    <Placemark>
      <name>John Riddy: Winter Landscape</name>
      <description><![CDATA[<b>John Riddy: Winter Landscape</b><br><i>Arts &amp; Culture</i><br>Thu 30th Apr – Thu 25th Jun<br>Frith Street Gallery, London<br>Check site<br><br>new photographs of London by Riddy - “both a description of place and a kind of social survey”<br><br><a href="https://www.galleriesnow.net/shows/john-riddy-winter-landscape/">More info / tickets</a>]]></description>
      <styleUrl>#orange-dot.png</styleUrl>
      <Point>
        <coordinates>-0.13207,51.514224,0</coordinates>
      </Point>
    </Placemark>
    <Placemark>
      <name>Turmoil and Triumph: Art through the War Years</name>
      <description><![CDATA[<b>Turmoil and Triumph: Art through the War Years</b><br><i>Arts &amp; Culture</i><br>Tue 12th May – Fri 17th Jul<br>Alon Zakaim Fine Art, London<br>Check site<br><br>focussed on the First World War, the interwar period, and the Second World War, a chronological and thematic exploration of the relationship between conflict and artistic transformation<br><br><a href="https://www.galleriesnow.net/shows/turmoil-and-triumph-art-through-the-war-years/">More info / tickets</a>]]></description>
      <styleUrl>#orange-dot.png</styleUrl>
      <Point>
        <coordinates>-0.141225,51.510532,0</coordinates>
      </Point>
    </Placemark>
    <Placemark>
      <name>Isabelle Young: Venice As I Was</name>
      <description><![CDATA[<b>Isabelle Young: Venice As I Was</b><br><i>Arts &amp; Culture</i><br>Tue 12th May – Fri 3rd Jul<br>Canopy Collections, London<br>Check site<br><br>the British photographer’s first exhibition with the gallery - &quot;Young’s Venice is both elegy and diary. The city appears suspended at the threshold of submergence … both shielded and already defeated&quot; - Alona Pardo<br><br><a href="https://www.galleriesnow.net/shows/isabelle-young-venice-as-i-was/">More info / tickets</a>]]></description>
      <styleUrl>#orange-dot.png</styleUrl>
      <Point>
        <coordinates>-0.091455,51.474214,0</coordinates>
      </Point>
    </Placemark>
    <Placemark>
      <name>Jason Shulman: Moving Pictures</name>
      <description><![CDATA[<b>Jason Shulman: Moving Pictures</b><br><i>Arts &amp; Culture</i><br>Wed 13th May – Sat 4th Jul<br>Ashley Saville, London<br>Check site<br><br>“Shulman is a romantic artist. His themes – loss, memory, nostalgia, death, the porous membrane between joy and pain, time and space, forgetting and remembering, would be familiar to the poet, John Keats” - Nicola Shulman<br><br><a href="https://www.galleriesnow.net/shows/jason-shulman-moving-pictures/">More info / tickets</a>]]></description>
      <styleUrl>#orange-dot.png</styleUrl>
      <Point>
        <coordinates>0.04765,51.501882,0</coordinates>
      </Point>
    </Placemark>
    <Placemark>
      <name>IMTwentyOne Exhibition</name>
      <description><![CDATA[<b>IMTwentyOne Exhibition</b><br><i>Arts &amp; Culture</i><br>Thu 21st May – Sat 27th Jun<br>IMT Gallery, London<br>Free<br><br>Art exhibition and online auction celebrating the gallery's 21st anniversary.<br><br><a href="https://eventsforlondon.co.uk/event/imtwentyone-exhibition-online-auction/2026-05-21/">More info / tickets</a>]]></description>
      <styleUrl>#orange-dot.png</styleUrl>
      <Point>
        <coordinates>-0.129486,51.508428,0</coordinates>
      </Point>
    </Placemark>
    <Placemark>
      <name>Unyimeabasi Udoh: No Vehicles</name>
      <description><![CDATA[<b>Unyimeabasi Udoh: No Vehicles</b><br><i>Arts &amp; Culture</i><br>Thu 21st May – Sat 11th Jul<br>Alma Pearl, London<br>Check site<br><br>new wall-based sculptures and screenprints using aluminium, retroreflective glass, and cold wax to explore language, sign, and perception in urban infrastructure materials<br><br><a href="https://www.galleriesnow.net/shows/unyimeabasi-udoh-no-vehicles/">More info / tickets</a>]]></description>
      <styleUrl>#orange-dot.png</styleUrl>
      <Point>
        <coordinates>-0.239225,51.474952,0</coordinates>
      </Point>
    </Placemark>
    <Placemark>
      <name>England Pop-Up Shop</name>
      <description><![CDATA[<b>England Pop-Up Shop</b><br><i>Sport &amp; Fitness</i><br>Thu 21st May – Fri 3rd Jul<br>15 Carnaby St, Carnaby<br>Free<br><br>England pop-up shop. Open on Carnaby Street until the start of July, the store (the national team’s first-ever official pop-up) is selling the latest England kits and training wear, alongside exclusive merch and special offers on England match days.<br><br><a href="https://londontheinside.com/map/pop-ups/">More info / tickets</a>]]></description>
      <styleUrl>#ltblue-dot.png</styleUrl>
      <Point>
        <coordinates>-0.1385086,51.5130409,0</coordinates>
      </Point>
    </Placemark>
    <Placemark>
      <name>Re-wetting the void</name>
      <description><![CDATA[<b>Re-wetting the void</b><br><i>Arts &amp; Culture</i><br>Fri 22nd May – Sat 4th Jul<br>ai., London<br>Check site<br><br>in an exhibition exploring sound as a medium, painting, photography, video, sound, sculpture, and installation works by an all-female group of artists<br><br><a href="https://www.galleriesnow.net/shows/re-wetting-the-void/">More info / tickets</a>]]></description>
      <styleUrl>#orange-dot.png</styleUrl>
      <Point>
        <coordinates>-0.1765697,51.6173827,0</coordinates>
      </Point>
    </Placemark>
    <Placemark>
      <name>Disruptors Exhibition</name>
      <description><![CDATA[<b>Disruptors Exhibition</b><br><i>Arts &amp; Culture</i><br>Wed 27th May – Fri 26th Jun<br>Ben Uri Gallery, St John's Wood<br>Free<br><br>Exhibition featuring works from Ben Uri and William Allen Collections.<br><br><a href="https://eventsforlondon.co.uk/event/disruptors-fractured-images-and-migrant-wordl/2026-05-27/">More info / tickets</a>]]></description>
      <styleUrl>#orange-dot.png</styleUrl>
      <Point>
        <coordinates>-0.1853268,51.5375248,0</coordinates>
      </Point>
    </Placemark>
    <Placemark>
      <name>Meet the Designer</name>
      <description><![CDATA[<b>Meet the Designer</b><br><i>Arts &amp; Culture</i><br>Sat 30th May – Sat 27th Jun<br>Young V&amp;A, London<br>Free<br><br>A talk with production designer Becky Sloan.<br><br><a href="https://www.vam.ac.uk/event/62Gx56gE5J/meet-the-designer-becky-sloan-2026">More info / tickets</a>]]></description>
      <styleUrl>#orange-dot.png</styleUrl>
      <Point>
        <coordinates>-0.054873,51.5290464,0</coordinates>
      </Point>
    </Placemark>
    <Placemark>
      <name>Aryana Sheibani: Mysteries of Sweep</name>
      <description><![CDATA[<b>Aryana Sheibani: Mysteries of Sweep</b><br><i>Arts &amp; Culture</i><br>Wed 3rd Jun – Wed 1st Jul<br>FreddieFoulkes Gallery, London<br>Check site<br><br>the Swiss-British-Iranian artist presents “various works, (various in scale, material, and subject), which taken collectively address meaning (or lack of), purpose (or lack of), and the discourse surrounding authorship and ownership”<br><br><a href="https://www.galleriesnow.net/shows/aryana-sheibani-mysteries-of-sweep/">More info / tickets</a>]]></description>
      <styleUrl>#orange-dot.png</styleUrl>
      <Point>
        <coordinates>-0.129486,51.508428,0</coordinates>
      </Point>
    </Placemark>
    <Placemark>
      <name>Olive Oil Bar</name>
      <description><![CDATA[<b>Olive Oil Bar</b><br><i>Food &amp; Drink</i><br>Wed 3rd Jun – Mon 29th Jun<br>Seven Dials, Monmouth Street, Covent Garden, Covent Garden<br>Free<br><br>Olive Oil Bar back to the capital. Popping up in Covent Garden this June, the Olive Oil Bar is a one-stop-shop for all things EVOO. Designed as a place to discover and taste extra virgin olive oils, the bar will host free daily tastings, with a bunch of special events also on the programme. Founder Sarah Vachon (one of<br><br><a href="https://londontheinside.com/map/pop-ups/">More info / tickets</a>]]></description>
      <styleUrl>#red-dot.png</styleUrl>
      <Point>
        <coordinates>-0.127106,51.513321,0</coordinates>
      </Point>
    </Placemark>
    <Placemark>
      <name>Rome-Tehran: Parallel Avantgardes</name>
      <description><![CDATA[<b>Rome-Tehran: Parallel Avantgardes</b><br><i>Arts &amp; Culture</i><br>Thu 4th Jun – Sun 12th Jul<br>Ab-Anbar, London<br>Check site<br><br>co-curated by Salman Matinfar and Piero Tomassoni, an exploration of the development of the avant-garde through the work of ten artists from Italy and Iran who were contemporaries in Rome during the 1950s through the 1970s<br><br><a href="https://www.galleriesnow.net/shows/rome-tehran-parallel-avant-gardes/">More info / tickets</a>]]></description>
      <styleUrl>#orange-dot.png</styleUrl>
      <Point>
        <coordinates>-0.015011,51.482643,0</coordinates>
      </Point>
    </Placemark>
    <Placemark>
      <name>Fin Simonetti: I’m Already an Actor</name>
      <description><![CDATA[<b>Fin Simonetti: I’m Already an Actor</b><br><i>Arts &amp; Culture</i><br>Thu 4th Jun – Sat 18th Jul<br>Albion Jeune, London<br>Check site<br><br>new stone sculpture by Simonetti shown alongside her first exhibition of paintings - “in an uncharacteristically personal body of work, Simonetti grapples with themes of agency, cruelty, and the mechanics of anthropomorphisation”<br><br><a href="https://www.galleriesnow.net/shows/fin-simonetti-im-already-an-actor/">More info / tickets</a>]]></description>
      <styleUrl>#orange-dot.png</styleUrl>
      <Point>
        <coordinates>-0.141864,51.516997,0</coordinates>
      </Point>
    </Placemark>
    <Placemark>
      <name>Patricia Piccinini: Holding Tight and Letting Go</name>
      <description><![CDATA[<b>Patricia Piccinini: Holding Tight and Letting Go</b><br><i>Arts &amp; Culture</i><br>Thu 4th Jun – Sat 11th Jul<br>Ames Yavuz, London West End<br>Check site<br><br>Piccinini’s first presentation with the gallery in London explores kinship through humanoid chimeras in silicone and fibreglass, reflecting empathy, “speculative optimism”, and the tension between cruelty and tenderness<br><br><a href="https://www.galleriesnow.net/shows/patricia-piccinini-holding-tight-and-letting-go/">More info / tickets</a>]]></description>
      <styleUrl>#orange-dot.png</styleUrl>
      <Point>
        <coordinates>-0.0380141,51.5162044,0</coordinates>
      </Point>
    </Placemark>
    <Placemark>
      <name>Colour is the Place</name>
      <description><![CDATA[<b>Colour is the Place</b><br><i>Arts &amp; Culture</i><br>Thu 4th Jun – Sat 18th Jul<br>Dirimart London, London West End<br>Check site<br><br>curated by Jessica Cerasi, works by “four painters for whom the canvas operates as a site of reflection … where colour is not decoration or description; it is a primary language, capable of saying what words can only attempt to approach&quot;<br><br><a href="https://www.galleriesnow.net/shows/group-exhibition-40/">More info / tickets</a>]]></description>
      <styleUrl>#orange-dot.png</styleUrl>
      <Point>
        <coordinates>-0.099076,51.509648,0</coordinates>
      </Point>
    </Placemark>
    <Placemark>
      <name>Rafal Topolewski: Dusk</name>
      <description><![CDATA[<b>Rafal Topolewski: Dusk</b><br><i>Arts &amp; Culture</i><br>Fri 5th Jun – Sat 11th Jul<br>Alice Amati, London<br>Check site<br><br>&quot;repetition and self-quoting permeates Topolewski’s practice at large, with imagery … weav[ing] an inconstant tapestry of frail thoughts and ideas that the viewer gets tangled up in&quot; - Saša Bogojev<br><br><a href="https://www.galleriesnow.net/shows/rafal-topolewski-2/">More info / tickets</a>]]></description>
      <styleUrl>#orange-dot.png</styleUrl>
      <Point>
        <coordinates>-0.1007218,51.5180326,0</coordinates>
      </Point>
    </Placemark>
    <Placemark>
      <name>Eileen Agar</name>
      <description><![CDATA[<b>Eileen Agar</b><br><i>Arts &amp; Culture</i><br>Fri 5th Jun – Sat 25th Jul<br>Alison Jacques, London West End<br>Free<br><br>the gallery’s first exhibition of one of the most distinctive figures associated with British Surrealism spans almost thirty years of her paintings, collages, and mixed-media works<br><br><a href="https://www.galleriesnow.net/shows/eileen-agar/">More info / tickets</a>]]></description>
      <styleUrl>#orange-dot.png</styleUrl>
      <Point>
        <coordinates>0.064187,51.510272,0</coordinates>
      </Point>
    </Placemark>
    <Placemark>
      <name>Yinka Ilori: Joy Through Resistance</name>
      <description><![CDATA[<b>Yinka Ilori: Joy Through Resistance</b><br><i>Arts &amp; Culture</i><br>Fri 5th Jun – Sat 11th Jul<br>Cristea Roberts Gallery, London West End<br>Check site<br><br>inspired by his heritage and the vibrant energy of communal gatherings, new paintings, prints, sculpture, and an immersive sound installation in the British Nigerian artist and designer’s first solo gallery exhibition in his home city<br><br><a href="https://www.galleriesnow.net/shows/yinka-ilori-joy-through-resistance-he-who-laughs-last-laughs-best/">More info / tickets</a>]]></description>
      <styleUrl>#orange-dot.png</styleUrl>
      <Point>
        <coordinates>-0.1361372,51.5060637,0</coordinates>
      </Point>
    </Placemark>
    <Placemark>
      <name>Steven Shearer: My Moody Muse</name>
      <description><![CDATA[<b>Steven Shearer: My Moody Muse</b><br><i>Arts &amp; Culture</i><br>Fri 5th Jun – Fri 31st Jul<br>David Zwirner, London West End<br>Check site<br><br>focussing on his portraiture, new figurative oil paintings, significant loans of recent work, and drawings “reflect Shearer’s commitment to exploring the variable, unfixed nature of images and the technologies that mediate our reception of them&quot;<br><br><a href="https://www.galleriesnow.net/shows/steven-shearer/">More info / tickets</a>]]></description>
      <styleUrl>#orange-dot.png</styleUrl>
      <Point>
        <coordinates>-0.1429652,51.5094435,0</coordinates>
      </Point>
    </Placemark>
    <Placemark>
      <name>Carmela De Falco: listening with eyes, watching with ears</name>
      <description><![CDATA[<b>Carmela De Falco: listening with eyes, watching with ears</b><br><i>Arts &amp; Culture</i><br>Sat 6th Jun – Sun 19th Jul<br>DES BAINS, London West End<br>Check site<br><br>De Falco’s first solo exhibition at the gallery - “her research subverts and alters codified cultural orders through an investigation of language and the physical and mental spaces inhabited and crossed by individuals and communities&quot;<br><br><a href="https://www.galleriesnow.net/shows/carmela-de-falco-listening-with-eyes-watching-with-ears/">More info / tickets</a>]]></description>
      <styleUrl>#orange-dot.png</styleUrl>
      <Point>
        <coordinates>-0.1910252,51.4721397,0</coordinates>
      </Point>
    </Placemark>
    <Placemark>
      <name>Choose Love Pop-Up Shop</name>
      <description><![CDATA[<b>Choose Love Pop-Up Shop</b><br><i>Community</i><br>Tue 9th Jun – Sun 28th Jun<br>Borough Yards, Stoney Street, Borough<br>£245<br><br>A summer pop-up shop supporting refugees with essentials for extreme heat.<br><br><a href="https://londontheinside.com/map/pop-ups/">More info / tickets</a>]]></description>
      <styleUrl>#yellow-dot.png</styleUrl>
      <Point>
        <coordinates>-0.091563,51.505796,0</coordinates>
      </Point>
    </Placemark>
    <Placemark>
      <name>Soho Solos</name>
      <description><![CDATA[<b>Soho Solos</b><br><i>Arts &amp; Culture</i><br>Wed 10th Jun – Sun 28th Jun<br>Great Pulteney Street Gallery, Soho<br>Free<br><br>Soho Solos, four solo presentations by Soho Open prize winners Mandy Hudson, James Robert Morrison, Conor Quinn… \n<br><br><a href="https://eventsforlondon.co.uk/event/soho-solos-mandy-hudson-james-robert-morrison-conor-quinn-alice-sheppard-fidler/2026-06-10/">More info / tickets</a>]]></description>
      <styleUrl>#orange-dot.png</styleUrl>
      <Point>
        <coordinates>-0.136029,51.512162,0</coordinates>
      </Point>
    </Placemark>
    <Placemark>
      <name>Splash: Sea, Beach and Pool</name>
      <description><![CDATA[<b>Splash: Sea, Beach and Pool</b><br><i>Arts &amp; Culture</i><br>Wed 10th Jun – Sat 29th Aug<br>ATLAS Gallery, London<br>Free<br><br>&quot;across photography, water becomes a way of seeing&quot; - iconic 20th century photography and contemporary perspectives from nearly twenty artists reveal the visual and symbolic power of water across generations and styles<br><br><a href="https://www.galleriesnow.net/shows/splash-sea-beach-and-pool/">More info / tickets</a>]]></description>
      <styleUrl>#orange-dot.png</styleUrl>
      <Point>
        <coordinates>-0.155289,51.519521,0</coordinates>
      </Point>
    </Placemark>
    <Placemark>
      <name>Justin Brice Guariglia: Agentic Forests</name>
      <description><![CDATA[<b>Justin Brice Guariglia: Agentic Forests</b><br><i>Arts &amp; Culture</i><br>Thu 11th Jun – Sat 11th Jul<br>Flowers Gallery, Cork Street, Mayfair<br>Check site<br><br>large-scale pictures printed in acrylic on white gessoed linen canvases depicting infinitely complex forest ecosystems, in the New York-based artist’s first solo London gallery exhibition<br><br><a href="https://www.galleriesnow.net/shows/justin-brice-guariglia-agentic-forests/">More info / tickets</a>]]></description>
      <styleUrl>#orange-dot.png</styleUrl>
      <Point>
        <coordinates>-0.141436,51.510281,0</coordinates>
      </Point>
    </Placemark>
    <Placemark>
      <name>The World Cup @ The Crown &amp; Sceptre W1</name>
      <description><![CDATA[<b>The World Cup @ The Crown &amp; Sceptre W1</b><br><i>Sport &amp; Fitness</i><br>Thu 11th Jun – Tue 7th Jul<br>The Crown And Sceptre, Fitzrovia<br>Check site<br><br>Watch the World Cup on multiple screens with food and drinks in Fitzrovia.<br><br><a href="https://www.skiddle.com/whats-on/events/london/?eventType=HEALTH,SPORT&amp;">More info / tickets</a>]]></description>
      <styleUrl>#ltblue-dot.png</styleUrl>
      <Point>
        <coordinates>-0.0967294,51.3594512,0</coordinates>
      </Point>
    </Placemark>
    <Placemark>
      <name>Project a Black Planet: Panafrican Art</name>
      <description><![CDATA[<b>Project a Black Planet: Panafrican Art</b><br><i>Arts &amp; Culture</i><br>Thu 11th Jun – Sun 6th Sep<br>Barbican, EC2Y 8DS<br>£19<br><br>An exhibition exploring the role of visual art in Panafricanism.<br><br><a href="https://www.barbican.org.uk/whats-on/talks-events">More info / tickets</a>]]></description>
      <styleUrl>#orange-dot.png</styleUrl>
      <Point>
        <coordinates>-0.0923806,51.5194587,0</coordinates>
      </Point>
    </Placemark>
    <Placemark>
      <name>Lesley Foxcroft</name>
      <description><![CDATA[<b>Lesley Foxcroft</b><br><i>Arts &amp; Culture</i><br>Thu 11th Jun – Sat 18th Jul<br>Annely Juda Fine Art, London West End<br>Check site<br><br>new sculptures made from simple, everyday materials- “folding, cutting, pressing and stacking, Foxcroft\'s sculptures unfurl from the wall or corner of the room, arranging material on the floor and up walls”<br><br><a href="https://www.galleriesnow.net/shows/lesley-foxcroft/">More info / tickets</a>]]></description>
      <styleUrl>#orange-dot.png</styleUrl>
      <Point>
        <coordinates>-0.1412195,51.4949039,0</coordinates>
      </Point>
    </Placemark>
    <Placemark>
      <name>Beat Zoderer: Haiku</name>
      <description><![CDATA[<b>Beat Zoderer: Haiku</b><br><i>Arts &amp; Culture</i><br>Thu 11th Jun – Sat 4th Jul<br>Bartha_contemporary, Notting Hill<br>Check site<br><br>new work by one of the most distinctive voices in contemporary geometric abstraction, demonstrating his ability to combine conceptual precision with visual spontaneity to create works that are at once rigorously constructed and unexpectedly lyrical<br><br><a href="https://www.galleriesnow.net/shows/beat-zoderer-haiku/">More info / tickets</a>]]></description>
      <styleUrl>#orange-dot.png</styleUrl>
      <Point>
        <coordinates>-0.192852,51.509827,0</coordinates>
      </Point>
    </Placemark>
    <Placemark>
      <name>Hepworth in Colour</name>
      <description><![CDATA[<b>Hepworth in Colour</b><br><i>Arts &amp; Culture</i><br>Fri 12th Jun – Sun 6th Sep<br>Courtauld Gallery, WC2R 0RN<br>£18<br><br>An exhibition on Barbara Hepworth's lesser-known work with colour.<br><br><a href="https://www.culturalwednesday.co.uk/best-london-exhibitions-2/">More info / tickets</a>]]></description>
      <styleUrl>#orange-dot.png</styleUrl>
      <Point>
        <coordinates>-0.1177002,51.5116244,0</coordinates>
      </Point>
    </Placemark>
    <Placemark>
      <name>Duets: Music in the Lounge</name>
      <description><![CDATA[<b>Duets: Music in the Lounge</b><br><i>Music</i><br>Sat 13th Jun<br>Supporters' House Lounge, In Gallery<br>Free<br><br>Live music performance in a relaxed lounge setting.<br><br><a href="https://www.nationalgallery.org.uk/events/duets-music-in-the-lounge-summer-2026">More info / tickets</a>]]></description>
      <styleUrl>#purple-dot.png</styleUrl>
      <Point>
        <coordinates>-0.0863251,51.4459604,0</coordinates>
      </Point>
    </Placemark>
    <Placemark>
      <name>Summer Music in City Churches</name>
      <description><![CDATA[<b>Summer Music in City Churches</b><br><i>Music</i><br>Tue 16th Jun – Fri 26th Jun<br>St Giles Cripplegate, City of London<br>Free<br><br>Nine-day music festival in historic City of London churches.<br><br><a href="https://eventsforlondon.co.uk/event/summer-music-in-city-churches-around-the-world-london-concerts/">More info / tickets</a>]]></description>
      <styleUrl>#purple-dot.png</styleUrl>
      <Point>
        <coordinates>-0.093879,51.518839,0</coordinates>
      </Point>
    </Placemark>
    <Placemark>
      <name>Royal Academy Summer Exhibition</name>
      <description><![CDATA[<b>Royal Academy Summer Exhibition</b><br><i>Arts &amp; Culture</i><br>Tue 16th Jun – Sun 23rd Aug<br>Royal Academy, Westminster<br>£25.50<br><br>Royal Academy Summer Exhibition is one of London’s most established annual art events and draws both regular gallery visitors and casual tourists.<br><br><a href="https://www.culturalwednesday.co.uk/best-london-exhibitions-2/">More info / tickets</a>]]></description>
      <styleUrl>#orange-dot.png</styleUrl>
      <Point>
        <coordinates>-0.13991,51.509755,0</coordinates>
      </Point>
    </Placemark>
    <Placemark>
      <name>Kulpreet Singh: Indelible Black Marks</name>
      <description><![CDATA[<b>Kulpreet Singh: Indelible Black Marks</b><br><i>Arts &amp; Culture</i><br>Tue 16th Jun – Sun 2nd Aug<br>Hayward Gallery, Southbank<br>Check site<br><br>First UK solo exhibition by artist Kulpreet Singh.<br><br><a href="https://www.galleriesnow.net/exhibitions/london/">More info / tickets</a>]]></description>
      <styleUrl>#orange-dot.png</styleUrl>
      <Point>
        <coordinates>-0.11550494014084159,51.506168200000005,0</coordinates>
      </Point>
    </Placemark>
    <Placemark>
      <name>Forest Live</name>
      <description><![CDATA[<b>Forest Live</b><br><i>Music</i><br>Wed 17th Jun – Fri 26th Jun<br>Forest, Forest<br>Free<br><br>Outdoor music festival in the forest.<br><br><a href="https://guides.ticketmaster.co.uk/concerts-and-tours-guide-2-2/summer-gig-guide/">More info / tickets</a>]]></description>
      <styleUrl>#purple-dot.png</styleUrl>
      <Point>
        <coordinates>-0.0314851,51.4402569,0</coordinates>
      </Point>
    </Placemark>
    <Placemark>
      <name>REJECTS: Artworks by the Royal Academy</name>
      <description><![CDATA[<b>REJECTS: Artworks by the Royal Academy</b><br><i>Arts &amp; Culture</i><br>Thu 18th Jun – Sun 28th Jun<br>Art Friend Gallery at The Bakery, London<br>Free<br><br>A showcase of overlooked artworks from the Royal Academy Summer Exhibition.<br><br><a href="https://eventsforlondon.co.uk/event/rejects-artworks-by-the-royal-academy/2026-06-18/">More info / tickets</a>]]></description>
      <styleUrl>#orange-dot.png</styleUrl>
      <Point>
        <coordinates>-0.223748,51.409759,0</coordinates>
      </Point>
    </Placemark>
    <Placemark>
      <name>Willi Siber: Dimension V - Baroque Nature</name>
      <description><![CDATA[<b>Willi Siber: Dimension V - Baroque Nature</b><br><i>Arts &amp; Culture</i><br>Fri 19th Jun – Sun 16th Aug<br>Bluerider ART London, London West End<br>Free<br><br>Siber chooses to return to the most fundamental dialogue with materiality: making steel weightless, letting wood breathe, transforming colour into time, allowing nature to blossom in Baroque splendour<br><br><a href="https://www.galleriesnow.net/shows/willi-siber-dimension-v-baroque-nature/">More info / tickets</a>]]></description>
      <styleUrl>#orange-dot.png</styleUrl>
      <Point>
        <coordinates>-0.090806,51.517438,0</coordinates>
      </Point>
    </Placemark>
    <Placemark>
      <name>Francis Sultana x Bonacina: New Interpretations</name>
      <description><![CDATA[<b>Francis Sultana x Bonacina: New Interpretations</b><br><i>Arts &amp; Culture</i><br>Fri 19th Jun – Mon 27th Jul<br>David Gill, London West End<br>Check site<br><br>Art exhibition featuring new interpretations by Francis Sultana and Bonacina.<br><br><a href="https://www.galleriesnow.net/shows/francis-sultana-x-bonacina-new-interpretations/">More info / tickets</a>]]></description>
      <styleUrl>#orange-dot.png</styleUrl>
      <Point>
        <coordinates>-0.1370087,51.5066777,0</coordinates>
      </Point>
    </Placemark>
    <Placemark>
      <name>Wimbledon Qualifiers</name>
      <description><![CDATA[<b>Wimbledon Qualifiers</b><br><i>Sport &amp; Fitness</i><br>Mon 22nd Jun – Thu 25th Jun<br>Community Sport Centre, Roehampton, South West London<br>Paid<br><br>The Wimbledon qualifying tournament gives tennis fans the chance to watch competitive matches before the main Championships begin.<br><br><a href="https://www.londonbackpackers.com/blog/unmissable-events-festivals-to-attend-in-london-in-june/">More info / tickets</a>]]></description>
      <styleUrl>#ltblue-dot.png</styleUrl>
      <Point>
        <coordinates>-0.012684,51.460803,0</coordinates>
      </Point>
    </Placemark>
    <Placemark>
      <name>That Last Summer</name>
      <description><![CDATA[<b>That Last Summer</b><br><i>Theatre</i><br>Tue 23rd Jun – Fri 26th Jun<br>New Diorama Theatre, Regent's Place, London<br>Check site<br><br>A group of friends face a mysterious trial in the park.<br><br><a href="https://newdiorama.com/whats-on">More info / tickets</a>]]></description>
      <styleUrl>#blue-dot.png</styleUrl>
      <Point>
        <coordinates>-0.141457,51.524654,0</coordinates>
      </Point>
    </Placemark>
    <Placemark>
      <name>XL Bully</name>
      <description><![CDATA[<b>XL Bully</b><br><i>Theatre</i><br>Tue 23rd Jun – Fri 26th Jun<br>New Diorama Theatre, Regent's Place, London<br>Check site<br><br>Eight friends are trapped in a locked room with an unseen threat.<br><br><a href="https://newdiorama.com/whats-on">More info / tickets</a>]]></description>
      <styleUrl>#blue-dot.png</styleUrl>
      <Point>
        <coordinates>-0.141457,51.524654,0</coordinates>
      </Point>
    </Placemark>
    <Placemark>
      <name>World Cup Live Screening</name>
      <description><![CDATA[<b>World Cup Live Screening</b><br><i>Sport &amp; Fitness</i><br>Wed 24th Jun – Thu 25th Jun<br>Fire Club And The Garden Vauxhall, Vauxhall<br>£45<br><br>Watch Brazil vs Scotland on a big screen.<br><br><a href="https://www.skiddle.com/whats-on/London/">More info / tickets</a>]]></description>
      <styleUrl>#ltblue-dot.png</styleUrl>
      <Point>
        <coordinates>-0.1229297,51.4874834,0</coordinates>
      </Point>
    </Placemark>
    <Placemark>
      <name>World Cup: Scotland v Brazil - Watch Party</name>
      <description><![CDATA[<b>World Cup: Scotland v Brazil - Watch Party</b><br><i>Sport &amp; Fitness</i><br>Wed 24th Jun – Thu 25th Jun<br>Club 360, London<br>£37.50<br><br>Join a watch party for Scotland's World Cup game against Brazil.<br><br><a href="https://www.skiddle.com/whats-on/London/">More info / tickets</a>]]></description>
      <styleUrl>#ltblue-dot.png</styleUrl>
      <Point>
        <coordinates>-0.0778137,51.4720664,0</coordinates>
      </Point>
    </Placemark>
    <Placemark>
      <name>Scotland vs Brazil: Football World Cup Watch Party</name>
      <description><![CDATA[<b>Scotland vs Brazil: Football World Cup Watch Party</b><br><i>Sport &amp; Fitness</i><br>Wed 24th Jun – Thu 25th Jun<br>Vortex Jazz Club<br>Free<br><br>Watch the Scotland vs Brazil World Cup match with live jazz and a projector setup.<br><br><a href="https://www.vortexjazz.co.uk/event/scotland-vs-brazil-football-world-cup-watch-party/">More info / tickets</a>]]></description>
      <styleUrl>#ltblue-dot.png</styleUrl>
      <Point>
        <coordinates>-0.0766409,51.5487575,0</coordinates>
      </Point>
    </Placemark>
    <Placemark>
      <name>femtanyl</name>
      <description><![CDATA[<b>femtanyl</b><br><i>Music</i><br>Thu 25th Jun<br>EartH<br>Check site<br><br>Femtanyl have developed a rabid online cult following that has steadily grown since their 2024 breakout…<br><br><a href="https://earthackney.co.uk/events/femtanyl-25th-jun-earth-london-tickets-bb8yno/">More info / tickets</a>]]></description>
      <styleUrl>#purple-dot.png</styleUrl>
      <Point>
        <coordinates>-0.0756966,51.5510448,0</coordinates>
      </Point>
    </Placemark>
    <Placemark>
      <name>Beast on the Moon</name>
      <description><![CDATA[<b>Beast on the Moon</b><br><i>Theatre</i><br>Thu 25th Jun – Sat 27th Jun<br>Arches Lane Theatre, Arches Lane<br>Check site<br><br>Theatre production by Richard Kalinoski.<br><br><a href="https://batterseapowerstation.co.uk/events/beast-on-the-moon-by-richard-kalinoski-at-arches-lane-theatre/">More info / tickets</a>]]></description>
      <styleUrl>#blue-dot.png</styleUrl>
      <Point>
        <coordinates>-0.14695,51.482809,0</coordinates>
      </Point>
    </Placemark>
    <Placemark>
      <name>Levi’s Summer</name>
      <description><![CDATA[<b>Levi’s Summer</b><br><i>Arts &amp; Culture</i><br>Thu 25th Jun – Sun 28th Jun<br>Battersea Power Station, Battersea<br>Free<br><br>Summer event at Battersea Power Station.<br><br><a href="https://batterseapowerstation.co.uk/events/levis-summer/">More info / tickets</a>]]></description>
      <styleUrl>#orange-dot.png</styleUrl>
      <Point>
        <coordinates>-0.1429709,51.4796154,0</coordinates>
      </Point>
    </Placemark>
    <Placemark>
      <name>90s Night</name>
      <description><![CDATA[<b>90s Night</b><br><i>Music</i><br>Thu 25th Jun<br>Street Pizza Battersea, Battersea<br>£25<br><br>A night of 90s music and pizza.<br><br><a href="https://batterseapowerstation.co.uk/events/90s-night-at-street-pizza-battersea/">More info / tickets</a>]]></description>
      <styleUrl>#purple-dot.png</styleUrl>
      <Point>
        <coordinates>-0.1470715,51.4832766,0</coordinates>
      </Point>
    </Placemark>
    <Placemark>
      <name>The Art of Mini Golf</name>
      <description><![CDATA[<b>The Art of Mini Golf</b><br><i>Arts &amp; Culture</i><br>Thu 25th Jun – Sun 26th Jul<br>Battersea Arts Centre, Battersea<br>£15 – £25<br><br>An exhibition celebrating rebellious and playful mini golf designs.<br><br><a href="https://eventsforlondon.co.uk/event/the-art-of-mini-golf-exhibition/">More info / tickets</a>]]></description>
      <styleUrl>#orange-dot.png</styleUrl>
      <Point>
        <coordinates>-0.1607853,51.4649605,0</coordinates>
      </Point>
    </Placemark>
    <Placemark>
      <name>London Loo Tour</name>
      <description><![CDATA[<b>London Loo Tour</b><br><i>Cultural</i><br>Thu 25th Jun<br>Waterloo Station, Waterloo<br>£15 – £20<br><br>A quirky tour exploring London's toilets and their hidden stories.<br><br><a href="https://eventsforlondon.co.uk/event/london-loo-tour-2-2/">More info / tickets</a>]]></description>
      <styleUrl>#orange-dot.png</styleUrl>
      <Point>
        <coordinates>-0.1137089,51.5037251,0</coordinates>
      </Point>
    </Placemark>
    <Placemark>
      <name>Robert Vano: Love You from Prague</name>
      <description><![CDATA[<b>Robert Vano: Love You from Prague</b><br><i>Arts &amp; Culture</i><br>Thu 25th Jun<br>Czech Centre London, Westminster<br>Free<br><br>Photography exhibition by acclaimed Czech and Slovak photographer Robert Vano.<br><br><a href="https://eventsforlondon.co.uk/event/robert-vano-love-you-from-prague/">More info / tickets</a>]]></description>
      <styleUrl>#orange-dot.png</styleUrl>
      <Point>
        <coordinates>-0.058702,51.531444,0</coordinates>
      </Point>
    </Placemark>
    <Placemark>
      <name>An Evening With Christopher Awdry</name>
      <description><![CDATA[<b>An Evening With Christopher Awdry</b><br><i>Cultural</i><br>Thu 25th Jun<br>Eventim Apollo<br>Free<br><br>Thomas the Tank Engine author shares stories and railway heritage.<br><br><a href="https://eventsforlondon.co.uk/event/an-evening-with-christopher-awdry-85-years-of-letting-off-steam/">More info / tickets</a>]]></description>
      <styleUrl>#orange-dot.png</styleUrl>
      <Point>
        <coordinates>-0.2244517,51.4907466,0</coordinates>
      </Point>
    </Placemark>
    <Placemark>
      <name>stadtklang w/ NATALIE LINDI</name>
      <description><![CDATA[<b>stadtklang w/ NATALIE LINDI</b><br><i>Music</i><br>Thu 25th Jun<br>Ruby Lucy Hotel &amp; Bar London, London<br>Free<br><br>Emerging artist Natalie Lindi performs live.<br><br><a href="https://eventsforlondon.co.uk/event/stadtklang-w-natalie-lindi-live-ruby-lucy-london/">More info / tickets</a>]]></description>
      <styleUrl>#purple-dot.png</styleUrl>
      <Point>
        <coordinates>-0.109187,51.532305,0</coordinates>
      </Point>
    </Placemark>
    <Placemark>
      <name>Jazz on the Tea Lawn</name>
      <description><![CDATA[<b>Jazz on the Tea Lawn</b><br><i>Music</i><br>Thu 25th Jun<br>Lauderdale House, London<br>£15.50<br><br>Latin jazz fusion performance by John Crawford.<br><br><a href="https://eventsforlondon.co.uk/event/jazz-on-the-tea-lawn-john-crawford-latin-quintet/">More info / tickets</a>]]></description>
      <styleUrl>#purple-dot.png</styleUrl>
      <Point>
        <coordinates>-0.1434217,51.5693005,0</coordinates>
      </Point>
    </Placemark>
    <Placemark>
      <name>Comedy Night with Belly Laugh Barn</name>
      <description><![CDATA[<b>Comedy Night with Belly Laugh Barn</b><br><i>Comedy</i><br>Thu 25th Jun<br>Hampton Hub Club, London<br>£18 – £22<br><br>Stand-up comedy featuring Toussaint Douglass.<br><br><a href="https://eventsforlondon.co.uk/event/comedy-night-with-belly-laugh-barn/">More info / tickets</a>]]></description>
      <styleUrl>#blue-dot.png</styleUrl>
      <Point>
        <coordinates>-0.3713232,51.4165471,0</coordinates>
      </Point>
    </Placemark>
    <Placemark>
      <name>Modern Abstract Art Exhibition</name>
      <description><![CDATA[<b>Modern Abstract Art Exhibition</b><br><i>Arts &amp; Culture</i><br>Thu 25th Jun – Tue 14th Jul<br>The Atrium, Clayton Hotel, Chiswick, Chiswick<br>Free<br><br>An exhibition of modern abstract artworks.<br><br><a href="https://eventsforlondon.co.uk/event/places-near-and-far-modern-abstract-art-exhibition/">More info / tickets</a>]]></description>
      <styleUrl>#orange-dot.png</styleUrl>
      <Point>
        <coordinates>0.0442179,51.4944061,0</coordinates>
      </Point>
    </Placemark>
    <Placemark>
      <name>Insomnia London</name>
      <description><![CDATA[<b>Insomnia London</b><br><i>Music</i><br>Thu 25th Jun – Fri 26th Jun<br>XOYO, London<br>£8<br><br>House, techno, DnB, jungle, and breaks music event.<br><br><a href="https://www.skiddle.com/whats-on/events/London/?genre=80">More info / tickets</a>]]></description>
      <styleUrl>#purple-dot.png</styleUrl>
      <Point>
        <coordinates>-0.0858335,51.5254832,0</coordinates>
      </Point>
    </Placemark>
    <Placemark>
      <name>The Best in Stand Up</name>
      <description><![CDATA[<b>The Best in Stand Up</b><br><i>Comedy</i><br>Thu 25th Jun – Sat 27th Jun<br>The Comedy Store London, Soho<br>Free<br><br>World-class stand-up comedy show with five comedians.<br><br><a href="https://london.thecomedystore.co.uk/event/the-best-in-stand-up/2026-06-25_19-30">More info / tickets</a>]]></description>
      <styleUrl>#blue-dot.png</styleUrl>
      <Point>
        <coordinates>-0.136524,51.513546,0</coordinates>
      </Point>
    </Placemark>
    <Placemark>
      <name>Wharf Wellness Festival</name>
      <description><![CDATA[<b>Wharf Wellness Festival</b><br><i>Wellness</i><br>Thu 25th Jun – Sun 28th Jun<br>Canary Wharf, Canary Wharf<br>Free<br><br>Wharf Wellness festival, a month-long series of exclusive wellbeing and fitness events and experiences, set across the neighbourhood’s many …<br><br><a href="https://londoncheapo.com/events/">More info / tickets</a>]]></description>
      <styleUrl>#ltblue-dot.png</styleUrl>
      <Point>
        <coordinates>-0.0190006,51.5048954,0</coordinates>
      </Point>
    </Placemark>
    <Placemark>
      <name>Whodunnit [Unrehearsed] 4</name>
      <description><![CDATA[<b>Whodunnit [Unrehearsed] 4</b><br><i>Theatre</i><br>Thu 25th Jun – Sun 28th Jun<br>Park Theatre, Park<br>Free<br><br>Improvised murder mystery with musical elements.<br><br><a href="https://parktheatre.co.uk/events/whodunnit-unrehearsed-4/">More info / tickets</a>]]></description>
      <styleUrl>#blue-dot.png</styleUrl>
      <Point>
        <coordinates>-0.1084766,51.5657257,0</coordinates>
      </Point>
    </Placemark>
    <Placemark>
      <name>NEWTRND Pop-Up Shop</name>
      <description><![CDATA[<b>NEWTRND Pop-Up Shop</b><br><i>Arts &amp; Social</i><br>Thu 25th Jun – Sat 27th Jun<br>Unit 41, Uplands Business Park, E17 5QJ<br>Free<br><br>Immersive retail with emerging designers, streetwear, live music, and interactive installs. Public access.<br><br><a href="https://scouts.yutori.com/inbox/219d1f20-0546-4157-9f07-4d2e598de11a">More info / tickets</a>]]></description>
      <styleUrl>#yellow-dot.png</styleUrl>
      <Point>
        <coordinates>-0.042028,51.5934168,0</coordinates>
      </Point>
    </Placemark>
    <Placemark>
      <name>Sephora: K &amp; J Beauty Pop-Up</name>
      <description><![CDATA[<b>Sephora: K &amp; J Beauty Pop-Up</b><br><i>Arts &amp; Social</i><br>Thu 25th Jun – Sun 28th Jun<br>Westfield London, W12 7GE<br>Free<br><br>Exclusive beauty products and live artistry.<br><br><a href="https://scouts.yutori.com/inbox/219d1f20-0546-4157-9f07-4d2e598de11a">More info / tickets</a>]]></description>
      <styleUrl>#yellow-dot.png</styleUrl>
      <Point>
        <coordinates>-0.221808,51.5078484,0</coordinates>
      </Point>
    </Placemark>
    <Placemark>
      <name>Alterist Pop-Up at Netil Market</name>
      <description><![CDATA[<b>Alterist Pop-Up at Netil Market</b><br><i>Arts &amp; Culture</i><br>Thu 25th Jun – Sun 28th Jun<br>Alterist Concept Store, Unit M1, Fields, Netil Market, Hackney<br>Free<br><br>Four-day curated showcase of one-off and limited-edition pieces from Kantamanto community designers. Live music by Netil Radio, food from SEN NOODS and SUGO 82, and drinks from Wingnut Wines and Alibi. Open to the public during market hours; no ticket required.<br><br><a href="https://scouts.yutori.com/inbox/219d1f20-0546-4157-9f07-4d2e598de11a">More info / tickets</a>]]></description>
      <styleUrl>#orange-dot.png</styleUrl>
      <Point>
        <coordinates>-0.058034,51.537565,0</coordinates>
      </Point>
    </Placemark>
    <Placemark>
      <name>LESBIAN SPACE PRINCESS</name>
      <description><![CDATA[<b>LESBIAN SPACE PRINCESS</b><br><i>Arts &amp; Culture</i><br>Thu 25th Jun<br>Rio Cinema, Dalston<br>Free<br><br>Film screening at Rio Cinema.<br><br><a href="https://riocinema.org.uk/Rio.dll/WhatsOn">More info / tickets</a>]]></description>
      <styleUrl>#orange-dot.png</styleUrl>
      <Point>
        <coordinates>-0.0755805,51.5496199,0</coordinates>
      </Point>
    </Placemark>
    <Placemark>
      <name>CACTUS PEARS</name>
      <description><![CDATA[<b>CACTUS PEARS</b><br><i>Arts &amp; Culture</i><br>Thu 25th Jun<br>Rio Cinema, Dalston<br>Free<br><br>Film screening at Rio Cinema.<br><br><a href="https://riocinema.org.uk/Rio.dll/WhatsOn">More info / tickets</a>]]></description>
      <styleUrl>#orange-dot.png</styleUrl>
      <Point>
        <coordinates>-0.0755805,51.5496199,0</coordinates>
      </Point>
    </Placemark>
    <Placemark>
      <name>PINK PALACE: KILLER CONDOM</name>
      <description><![CDATA[<b>PINK PALACE: KILLER CONDOM</b><br><i>Arts &amp; Culture</i><br>Thu 25th Jun<br>Rio Cinema, Dalston<br>Check site<br><br>Film screening at Rio Cinema.<br><br><a href="https://riocinema.org.uk/Rio.dll/WhatsOn">More info / tickets</a>]]></description>
      <styleUrl>#orange-dot.png</styleUrl>
      <Point>
        <coordinates>-0.0755805,51.5496199,0</coordinates>
      </Point>
    </Placemark>
    <Placemark>
      <name>A to B</name>
      <description><![CDATA[<b>A to B</b><br><i>Theatre</i><br>Thu 25th Jun – Fri 3rd Jul<br>Soho Upstairs, Soho<br>From £29<br><br>A theatre play by Tia-Renee Mullings.<br><br><a href="https://sohotheatre.com/all-shows/">More info / tickets</a>]]></description>
      <styleUrl>#blue-dot.png</styleUrl>
      <Point>
        <coordinates>-0.136524,51.513546,0</coordinates>
      </Point>
    </Placemark>
    <Placemark>
      <name>Ania Magliano: Peach Fuzz</name>
      <description><![CDATA[<b>Ania Magliano: Peach Fuzz</b><br><i>Comedy</i><br>Thu 25th Jun – Sat 4th Jul<br>Soho Downstairs, Soho<br>From £21<br><br>A comedy performance by Ania Magliano.<br><br><a href="https://sohotheatre.com/all-shows/">More info / tickets</a>]]></description>
      <styleUrl>#blue-dot.png</styleUrl>
      <Point>
        <coordinates>-0.136524,51.513546,0</coordinates>
      </Point>
    </Placemark>
    <Placemark>
      <name>One Man Musical</name>
      <description><![CDATA[<b>One Man Musical</b><br><i>Theatre</i><br>Thu 25th Jun – Fri 3rd Jul<br>Soho Theatre, Soho<br>From £22<br><br>A solo performer presents a musical show.<br><br><a href="https://sohotheatre.com/all-shows/">More info / tickets</a>]]></description>
      <styleUrl>#blue-dot.png</styleUrl>
      <Point>
        <coordinates>-0.13276842458202992,51.514412050000004,0</coordinates>
      </Point>
    </Placemark>
    <Placemark>
      <name>Bleak Week: Cinema of Despair</name>
      <description><![CDATA[<b>Bleak Week: Cinema of Despair</b><br><i>Arts &amp; Culture</i><br>Thu 25th Jun<br>The Prince Charles Cinema, Leicester Square<br>£1<br><br>A film series featuring bleak and despairing movies.<br><br><a href="https://princecharlescinema.com/seasons-events/bleak/">More info / tickets</a>]]></description>
      <styleUrl>#orange-dot.png</styleUrl>
      <Point>
        <coordinates>-0.129716,51.510963,0</coordinates>
      </Point>
    </Placemark>
    <Placemark>
      <name>Come and See</name>
      <description><![CDATA[<b>Come and See</b><br><i>Arts &amp; Culture</i><br>Thu 25th Jun<br>Prince Charles Cinema, London<br>$200<br><br>A screening of the acclaimed war film.<br><br><a href="https://princecharlescinema.com/next-7-days/">More info / tickets</a>]]></description>
      <styleUrl>#orange-dot.png</styleUrl>
      <Point>
        <coordinates>-0.130123,51.511482,0</coordinates>
      </Point>
    </Placemark>
    <Placemark>
      <name>Rose of Nevada</name>
      <description><![CDATA[<b>Rose of Nevada</b><br><i>Arts &amp; Culture</i><br>Thu 25th Jun<br>Prince Charles Cinema, London<br>$200<br><br>A classic film shown on 35mm.<br><br><a href="https://princecharlescinema.com/next-7-days/">More info / tickets</a>]]></description>
      <styleUrl>#orange-dot.png</styleUrl>
      <Point>
        <coordinates>-0.130123,51.511482,0</coordinates>
      </Point>
    </Placemark>
    <Placemark>
      <name>The Truman Show</name>
      <description><![CDATA[<b>The Truman Show</b><br><i>Arts &amp; Culture</i><br>Thu 25th Jun<br>Prince Charles Cinema, London<br>$200<br><br>A cult classic comedy-drama on 35mm.<br><br><a href="https://princecharlescinema.com/next-7-days/">More info / tickets</a>]]></description>
      <styleUrl>#orange-dot.png</styleUrl>
      <Point>
        <coordinates>-0.130123,51.511482,0</coordinates>
      </Point>
    </Placemark>
    <Placemark>
      <name>The Garbage Pail Kids Movie</name>
      <description><![CDATA[<b>The Garbage Pail Kids Movie</b><br><i>Arts &amp; Culture</i><br>Thu 25th Jun<br>Prince Charles Cinema, London<br>£1 members<br><br>A nostalgic 80s kids' film.<br><br><a href="https://princecharlescinema.com/next-7-days/">More info / tickets</a>]]></description>
      <styleUrl>#orange-dot.png</styleUrl>
      <Point>
        <coordinates>-0.130123,51.511482,0</coordinates>
      </Point>
    </Placemark>
    <Placemark>
      <name>Kill List</name>
      <description><![CDATA[<b>Kill List</b><br><i>Arts &amp; Culture</i><br>Thu 25th Jun<br>Prince Charles Cinema, London<br>$200<br><br>A horror film with a Q&amp;A session.<br><br><a href="https://princecharlescinema.com/next-7-days/">More info / tickets</a>]]></description>
      <styleUrl>#orange-dot.png</styleUrl>
      <Point>
        <coordinates>-0.130123,51.511482,0</coordinates>
      </Point>
    </Placemark>
    <Placemark>
      <name>BLACKBOARDS</name>
      <description><![CDATA[<b>BLACKBOARDS</b><br><i>Arts &amp; Culture</i><br>Thu 25th Jun<br>Prince Charles Cinema, London<br>$200<br><br>A film screening in 35mm format.<br><br><a href="https://princecharlescinema.com/next-7-days/">More info / tickets</a>]]></description>
      <styleUrl>#orange-dot.png</styleUrl>
      <Point>
        <coordinates>-0.130123,51.511482,0</coordinates>
      </Point>
    </Placemark>
    <Placemark>
      <name>CHRISTIANE F.</name>
      <description><![CDATA[<b>CHRISTIANE F.</b><br><i>Arts &amp; Culture</i><br>Thu 25th Jun<br>Prince Charles Cinema, London<br>£1<br><br>A film screening with an 18 rating.<br><br><a href="https://princecharlescinema.com/next-7-days/">More info / tickets</a>]]></description>
      <styleUrl>#orange-dot.png</styleUrl>
      <Point>
        <coordinates>-0.130123,51.511482,0</coordinates>
      </Point>
    </Placemark>
    <Placemark>
      <name>KATALIN VARGA + Q&amp;A</name>
      <description><![CDATA[<b>KATALIN VARGA + Q&amp;A</b><br><i>Arts &amp; Culture</i><br>Thu 25th Jun<br>Prince Charles Cinema, London<br>$200<br><br>Film screening with a Q&amp;A session.<br><br><a href="https://princecharlescinema.com/next-7-days/">More info / tickets</a>]]></description>
      <styleUrl>#orange-dot.png</styleUrl>
      <Point>
        <coordinates>-0.130123,51.511482,0</coordinates>
      </Point>
    </Placemark>
    <Placemark>
      <name>Pocket Revolution</name>
      <description><![CDATA[<b>Pocket Revolution</b><br><i>Theatre</i><br>Thu 25th Jun – Fri 26th Jun<br>Elephant SE11, Elephant and Castle<br>£15<br><br>A performance by Tisa Kliček.<br><br><a href="https://southwarkplayhouse.co.uk/productions/pocket-revolution/">More info / tickets</a>]]></description>
      <styleUrl>#blue-dot.png</styleUrl>
      <Point>
        <coordinates>-0.098418,51.494025,0</coordinates>
      </Point>
    </Placemark>
    <Placemark>
      <name>Anthony Locascio: The Divine Comedy</name>
      <description><![CDATA[<b>Anthony Locascio: The Divine Comedy</b><br><i>Theatre</i><br>Thu 25th Jun<br>170 Drury Lane (basement), Covent Garden<br>£25<br><br>A performance by Anthony Locascio.<br><br><a href="https://thetopsecretcomedyclub.co.uk/events-listings/anthony-locascio-the-divine-comedy/">More info / tickets</a>]]></description>
      <styleUrl>#blue-dot.png</styleUrl>
      <Point>
        <coordinates>-0.1229779,51.5153948,0</coordinates>
      </Point>
    </Placemark>
    <Placemark>
      <name>Alfie Dundas: First Class Panic</name>
      <description><![CDATA[<b>Alfie Dundas: First Class Panic</b><br><i>Comedy</i><br>Thu 25th Jun<br>170 Drury Lane (ground floor), Covent Garden<br>£5<br><br>A work-in-progress comedy show by Alfie Dundas.<br><br><a href="https://thetopsecretcomedyclub.co.uk/events-listings/alfie-dundas-first-class-panic-work-in-progress-3/">More info / tickets</a>]]></description>
      <styleUrl>#blue-dot.png</styleUrl>
      <Point>
        <coordinates>-0.1229779,51.5153948,0</coordinates>
      </Point>
    </Placemark>
    <Placemark>
      <name>Lee Peart: Work in Progress</name>
      <description><![CDATA[<b>Lee Peart: Work in Progress</b><br><i>Comedy</i><br>Thu 25th Jun<br>The Bill Murray, Islington<br>£8.99<br><br>Comedian testing new material in an intimate setting.<br><br><a href="https://www.angelcomedy.co.uk/bill-murray/">More info / tickets</a>]]></description>
      <styleUrl>#blue-dot.png</styleUrl>
      <Point>
        <coordinates>-0.098819,51.536251,0</coordinates>
      </Point>
    </Placemark>
    <Placemark>
      <name>Paddy Young: Work in Progress</name>
      <description><![CDATA[<b>Paddy Young: Work in Progress</b><br><i>Comedy</i><br>Thu 25th Jun<br>The Bill Murray, Islington<br>£8.99<br><br>Comedian testing new material in an intimate setting.<br><br><a href="https://www.angelcomedy.co.uk/bill-murray/">More info / tickets</a>]]></description>
      <styleUrl>#blue-dot.png</styleUrl>
      <Point>
        <coordinates>-0.098819,51.536251,0</coordinates>
      </Point>
    </Placemark>
    <Placemark>
      <name>1996: A Celebration of Cool Britannia</name>
      <description><![CDATA[<b>1996: A Celebration of Cool Britannia</b><br><i>Cultural</i><br>Thu 25th Jun<br>Barbican Centre, London<br>FREE<br><br>Relive 90s music, fashion, and football culture.<br><br><a href="https://www.barbican.org.uk/whats-on">More info / tickets</a>]]></description>
      <styleUrl>#orange-dot.png</styleUrl>
      <Point>
        <coordinates>-0.0938978,51.5198645,0</coordinates>
      </Point>
    </Placemark>
    <Placemark>
      <name>Delcy Morelos: origo</name>
      <description><![CDATA[<b>Delcy Morelos: origo</b><br><i>Arts &amp; Culture</i><br>Thu 25th Jun<br>Barbican Centre, London<br>Free<br><br>A site-specific installation exploring humanity's relationship with the earth using soil, clay, and spices.<br><br><a href="https://www.barbican.org.uk/whats-on/2026/event/delcy-morelos-origo">More info / tickets</a>]]></description>
      <styleUrl>#orange-dot.png</styleUrl>
      <Point>
        <coordinates>-0.0938978,51.5198645,0</coordinates>
      </Point>
    </Placemark>
    <Placemark>
      <name>Disclosure Day</name>
      <description><![CDATA[<b>Disclosure Day</b><br><i>Theatre</i><br>Thu 25th Jun<br>Barbican Centre, London<br>£15.50<br><br>A sci-fi epic about a world where some people aren't alone, starring Emily Blunt and Josh O'Connor.<br><br><a href="https://www.picturehouses.com/movie-details/000/HO00018086/disclosure-day?filter=">More info / tickets</a>]]></description>
      <styleUrl>#blue-dot.png</styleUrl>
      <Point>
        <coordinates>-0.0938978,51.5198645,0</coordinates>
      </Point>
    </Placemark>
    <Placemark>
      <name>Greg Doran: Venus &amp; Adonis</name>
      <description><![CDATA[<b>Greg Doran: Venus &amp; Adonis</b><br><i>Theatre</i><br>Thu 25th Jun<br>Barbican Centre, London<br>Free<br><br>Simon Russell Beale narrates Shakespeare's poem brought to life by world-class puppeteers.<br><br><a href="https://www.barbican.org.uk/whats-on/2026/event/greg-doran-venus-adonis">More info / tickets</a>]]></description>
      <styleUrl>#blue-dot.png</styleUrl>
      <Point>
        <coordinates>-0.0938978,51.5198645,0</coordinates>
      </Point>
    </Placemark>
    <Placemark>
      <name>Cole Porter: High Society</name>
      <description><![CDATA[<b>Cole Porter: High Society</b><br><i>Theatre</i><br>Thu 25th Jun<br>Barbican Centre, London<br>From £39<br><br>A theatrical production of Cole Porter's musical comedy.<br><br><a href="https://www.barbican.org.uk/whats-on/2026/event/cole-porter-high-society">More info / tickets</a>]]></description>
      <styleUrl>#blue-dot.png</styleUrl>
      <Point>
        <coordinates>-0.0938978,51.5198645,0</coordinates>
      </Point>
    </Placemark>
    <Placemark>
      <name>Tuner</name>
      <description><![CDATA[<b>Tuner</b><br><i>Arts &amp; Culture</i><br>Thu 25th Jun<br>Barbican Centre, London<br>£15.50<br><br>A film about a piano tuner whose skills lead him into the world of safecracking.<br><br><a href="https://www.barbican.org.uk/whats-on/2026/event/tuner">More info / tickets</a>]]></description>
      <styleUrl>#orange-dot.png</styleUrl>
      <Point>
        <coordinates>-0.0938978,51.5198645,0</coordinates>
      </Point>
    </Placemark>
    <Placemark>
      <name>Les Liaisons Dangereuses</name>
      <description><![CDATA[<b>Les Liaisons Dangereuses</b><br><i>Theatre</i><br>Thu 25th Jun<br>Barbican Centre, London<br>£21.50<br><br>A new staging of the classic novel about intrigue and ruin in glittering salons.<br><br><a href="https://www.barbican.org.uk/whats-on/2026/event/nt-live-les-liaisons-dangereuses">More info / tickets</a>]]></description>
      <styleUrl>#blue-dot.png</styleUrl>
      <Point>
        <coordinates>-0.0938978,51.5198645,0</coordinates>
      </Point>
    </Placemark>
    <Placemark>
      <name>Al Di Meola</name>
      <description><![CDATA[<b>Al Di Meola</b><br><i>Music</i><br>Thu 25th Jun<br>Barbican Centre, London<br>From £39<br><br>Jazz guitarist Al Di Meola performs a concert spanning five decades of music.<br><br><a href="https://www.barbican.org.uk/whats-on/2026/event/al-di-meola">More info / tickets</a>]]></description>
      <styleUrl>#purple-dot.png</styleUrl>
      <Point>
        <coordinates>-0.0938978,51.5198645,0</coordinates>
      </Point>
    </Placemark>
    <Placemark>
      <name>Nino</name>
      <description><![CDATA[<b>Nino</b><br><i>Theatre</i><br>Thu 25th Jun<br>Barbican Centre, London<br>£15.50<br><br>Nino, a shy young man diagnosed with throat cancer on the eve of his 29th birthday.<br><br><a href="https://www.barbican.org.uk/whats-on/2026/event/nino">More info / tickets</a>]]></description>
      <styleUrl>#blue-dot.png</styleUrl>
      <Point>
        <coordinates>-0.0938978,51.5198645,0</coordinates>
      </Point>
    </Placemark>
    <Placemark>
      <name>Backrooms</name>
      <description><![CDATA[<b>Backrooms</b><br><i>Arts &amp; Culture</i><br>Thu 25th Jun<br>Barbican Centre, London<br>£15.50<br><br>A horror film based on a creepy 4chan message board about a parallel universe.<br><br><a href="https://www.barbican.org.uk/whats-on/2026/event/backrooms">More info / tickets</a>]]></description>
      <styleUrl>#orange-dot.png</styleUrl>
      <Point>
        <coordinates>-0.0938978,51.5198645,0</coordinates>
      </Point>
    </Placemark>
    <Placemark>
      <name>Frida Kahlo's world of colour floods Carnaby Street</name>
      <description><![CDATA[<b>Frida Kahlo's world of colour floods Carnaby Street</b><br><i>Arts &amp; Culture</i><br>Thu 25th Jun<br>Carnaby Street, Carnaby<br>Free<br><br>An outdoor extension of the Tate Modern's Frida Kahlo exhibition.<br><br><a href="https://www.cntraveller.com/gallery/things-to-do-in-london-this-weekend">More info / tickets</a>]]></description>
      <styleUrl>#orange-dot.png</styleUrl>
      <Point>
        <coordinates>-0.1380133,51.512284,0</coordinates>
      </Point>
    </Placemark>
    <Placemark>
      <name>The Sleeping Beauty</name>
      <description><![CDATA[<b>The Sleeping Beauty</b><br><i>Theatre</i><br>Thu 25th Jun<br>Royal Albert Hall, South Kensington<br>Check site<br><br>The Sleeping Beauty. The revival of this rarely-performed treasure features a refined narrative and shorter running time, opening up the ballet to seasoned audiences and newcomers alike, with dazzling costumes by legendary designer Nicholas Georgiadis and visually stunning projections by Charlotte MacMillan.<br><br><a href="https://www.cntraveller.com/gallery/things-to-do-in-london-this-weekend">More info / tickets</a>]]></description>
      <styleUrl>#blue-dot.png</styleUrl>
      <Point>
        <coordinates>-0.176829,51.50113,0</coordinates>
      </Point>
    </Placemark>
    <Placemark>
      <name>Movers Ballet and Contemporary Dance</name>
      <description><![CDATA[<b>Movers Ballet and Contemporary Dance</b><br><i>Theatre</i><br>Thu 25th Jun – Fri 10th Jul<br>Sunderland Empire<br>£6<br><br>A ballet and contemporary dance performance.<br><br><a href="https://www.atgtickets.com/shows/movers-ballet-and-contemporary-dance/sunderland-empire/">More info / tickets</a>]]></description>
      <styleUrl>#blue-dot.png</styleUrl>
      <Point>
        <coordinates>-0.033938,51.505889,0</coordinates>
      </Point>
    </Placemark>
    <Placemark>
      <name>Carrie (Remake) Screening</name>
      <description><![CDATA[<b>Carrie (Remake) Screening</b><br><i>Arts &amp; Culture</i><br>Thu 25th Jun<br>Genesis Cinema, Whitechapel<br>£15<br><br>Screening of the Carrie remake with a Bloody Mary Film Club event.<br><br><a href="https://www.genesiscinema.co.uk/event/109772">More info / tickets</a>]]></description>
      <styleUrl>#orange-dot.png</styleUrl>
      <Point>
        <coordinates>-0.051241,51.521296,0</coordinates>
      </Point>
    </Placemark>
    <Placemark>
      <name>Obsession</name>
      <description><![CDATA[<b>Obsession</b><br><i>Arts &amp; Culture</i><br>Thu 25th Jun<br>Genesis Cinema, Whitechapel<br>£30<br><br>Film about a man who gets exactly what he wished for at a dark price.<br><br><a href="https://www.genesiscinema.co.uk/event/109930">More info / tickets</a>]]></description>
      <styleUrl>#orange-dot.png</styleUrl>
      <Point>
        <coordinates>-0.051241,51.521296,0</coordinates>
      </Point>
    </Placemark>
    <Placemark>
      <name>Cabinet of Curiosities</name>
      <description><![CDATA[<b>Cabinet of Curiosities</b><br><i>Arts &amp; Culture</i><br>Thu 25th Jun<br>The Hive, Poplar<br>Free<br><br>Cabinet of Curiosities depicting everyday life on the Lansbury Estate, Poplar. Designed and built by Delvendahl Martin Architects.<br><br><a href="https://www.ianvisits.co.uk/calendar/weekend/">More info / tickets</a>]]></description>
      <styleUrl>#orange-dot.png</styleUrl>
      <Point>
        <coordinates>-0.1776124,51.5452111,0</coordinates>
      </Point>
    </Placemark>
    <Placemark>
      <name>The Festival of Stuff 2026</name>
      <description><![CDATA[<b>The Festival of Stuff 2026</b><br><i>Arts &amp; Culture</i><br>Thu 25th Jun<br>UCL East, Stratford<br>Free<br><br>Hands-on activities and interactive demonstrations.<br><br><a href="https://www.ianvisits.co.uk/calendar/weekend/">More info / tickets</a>]]></description>
      <styleUrl>#orange-dot.png</styleUrl>
      <Point>
        <coordinates>-0.07203,51.45353,0</coordinates>
      </Point>
    </Placemark>
    <Placemark>
      <name>Ruskin Park Summer Fete</name>
      <description><![CDATA[<b>Ruskin Park Summer Fete</b><br><i>Community</i><br>Thu 25th Jun<br>Ruskin Park, Camberwell<br>Free<br><br>Annual local fete with food, drink, stalls, and live music.<br><br><a href="https://www.ianvisits.co.uk/calendar/ruskin-park-summer-fete-2-421038/">More info / tickets</a>]]></description>
      <styleUrl>#yellow-dot.png</styleUrl>
      <Point>
        <coordinates>-0.0903446,51.465154,0</coordinates>
      </Point>
    </Placemark>
    <Placemark>
      <name>Meet the Author: Emily Garside</name>
      <description><![CDATA[<b>Meet the Author: Emily Garside</b><br><i>Cultural</i><br>Thu 25th Jun<br>Queer Britain, Kings Cross<br>£16.45<br><br>Author Emily Garside discusses queer Welsh history with Lisa Power.<br><br><a href="https://www.ianvisits.co.uk/calendar/weekend/">More info / tickets</a>]]></description>
      <styleUrl>#orange-dot.png</styleUrl>
      <Point>
        <coordinates>-0.1239491,51.530609,0</coordinates>
      </Point>
    </Placemark>
    <Placemark>
      <name>Who if Not Us: Film Screening</name>
      <description><![CDATA[<b>Who if Not Us: Film Screening</b><br><i>Arts &amp; Culture</i><br>Thu 25th Jun<br>Aga Khan Centre, Kings Cross<br>Free<br><br>Film screening on climate change's impact with a director Q&amp;A.<br><br><a href="https://www.ianvisits.co.uk/calendar/who-if-not-us-film-screening-director-qa-431589/">More info / tickets</a>]]></description>
      <styleUrl>#orange-dot.png</styleUrl>
      <Point>
        <coordinates>-0.1239491,51.530609,0</coordinates>
      </Point>
    </Placemark>
    <Placemark>
      <name>Henry Moore after hours</name>
      <description><![CDATA[<b>Henry Moore after hours</b><br><i>Arts &amp; Culture</i><br>Thu 25th Jun<br>Kew Botanic Gardens, Richmond<br>£23<br><br>Evening of art, music, and performance inspired by Henry Moore's exhibition.<br><br><a href="https://www.ianvisits.co.uk/calendar/weekend/">More info / tickets</a>]]></description>
      <styleUrl>#orange-dot.png</styleUrl>
      <Point>
        <coordinates>-0.2968861,51.4781974,0</coordinates>
      </Point>
    </Placemark>
    <Placemark>
      <name>Cocktail Masterclass</name>
      <description><![CDATA[<b>Cocktail Masterclass</b><br><i>Food &amp; Drink</i><br>Thu 25th Jun<br>Trapeze, Shoreditch<br>Tickets from £27.50<br><br>Cocktail Masterclass! Think you've got what it takes to be a master mixologist? Or just fancy an excuse to shake things up (literally)? Step right up and join us in the magical Mezzanine at Trapeze Bar, Shoreditch, where our cocktail ringmasters will teach you the tricks of the trade—one delicious drink at a time! Expe<br><br><a href="https://trapeze-0.designmynight.com/67ea830247bd28a53f7dc7b9/cocktail-masterclass">More info / tickets</a>]]></description>
      <styleUrl>#red-dot.png</styleUrl>
      <Point>
        <coordinates>-0.0833109,51.5257616,0</coordinates>
      </Point>
    </Placemark>
    <Placemark>
      <name>Lost Souls Poetry Open Mic</name>
      <description><![CDATA[<b>Lost Souls Poetry Open Mic</b><br><i>Arts &amp; Culture</i><br>Thu 25th Jun<br>Exhibit<br>Tickets from free<br><br>Inclusive poetry and spoken word event for all levels.<br><br><a href="https://theexhibit.designmynight.com/62583d813640a43e7d69a505/lost-souls-poetry-open-mic">More info / tickets</a>]]></description>
      <styleUrl>#orange-dot.png</styleUrl>
      <Point>
        <coordinates>-0.1514713,51.4433108,0</coordinates>
      </Point>
    </Placemark>
    <Placemark>
      <name>Juke Box Baby</name>
      <description><![CDATA[<b>Juke Box Baby</b><br><i>Music</i><br>Thu 25th Jun<br>Albert's Schloss - Soho, Soho<br>Free<br><br>Juke Box Baby we provide the band and you provide the playlist! From chart toppers to deep cuts to all time classics our all-star band are ready to rock your requests for this crowd powered party! Expect a hands in the air, feet on the benches interactive sing a long sensation! Meet you by the Juke Box, Baby. No ticket<br><br><a href="https://alberts-schloss-london.designmynight.com/66963481aa68e777eb7638c0/baby-grand-slam">More info / tickets</a>]]></description>
      <styleUrl>#purple-dot.png</styleUrl>
      <Point>
        <coordinates>-0.1336464,51.5108198,0</coordinates>
      </Point>
    </Placemark>
    <Placemark>
      <name>The Big London Bake South</name>
      <description><![CDATA[<b>The Big London Bake South</b><br><i>Food &amp; Drink</i><br>Thu 25th Jun<br>The Castle Tooting, Tooting<br>Tickets from £39.99 – £142.47<br><br>A fun baking competition with friends in South London.<br><br><a href="https://the-big-bake.designmynight.com/59197b3dde7e7861dd19f3d2/the-big-london-bake">More info / tickets</a>]]></description>
      <styleUrl>#red-dot.png</styleUrl>
      <Point>
        <coordinates>-0.1677325,51.4285893,0</coordinates>
      </Point>
    </Placemark>
    <Placemark>
      <name>Sounds Familiar Music Quiz</name>
      <description><![CDATA[<b>Sounds Familiar Music Quiz</b><br><i>Music</i><br>Thu 25th Jun<br>The Phoenix<br>£16.50<br><br>Sounds Familiar Music Quiz works, there may appear to be more tickets on sale than actually available. This is due to attendees needing to buy different size team tickets. Therefore we need to have more of a variety of different ticket types on sale. If you know how many you need - we advise purchasing as soon as possi<br><br><a href="https://soundsfamiliarmusicquiz.designmynight.com/609cf65de764e4196a326619/sounds-familiar-music-quiz-the-phoenix-1">More info / tickets</a>]]></description>
      <styleUrl>#purple-dot.png</styleUrl>
      <Point>
        <coordinates>-0.131956,51.5933146,0</coordinates>
      </Point>
    </Placemark>
    <Placemark>
      <name>The Murder Express Part Deux</name>
      <description><![CDATA[<b>The Murder Express Part Deux</b><br><i>Theatre</i><br>Thu 25th Jun<br>Pedley Street Station, East London<br>Tickets from £92.90 – £99.50<br><br>Immersive murder mystery dinner on a train.<br><br><a href="https://www.designmynight.com/london/event-space/bethnal-green/pedley-street-station/the-murdr-express-part-deux-jewel-of-the-empire">More info / tickets</a>]]></description>
      <styleUrl>#blue-dot.png</styleUrl>
      <Point>
        <coordinates>-0.0651926,51.5232152,0</coordinates>
      </Point>
    </Placemark>
    <Placemark>
      <name>CHOOKY Supper Club</name>
      <description><![CDATA[<b>CHOOKY Supper Club</b><br><i>Food &amp; Drink</i><br>Thu 25th Jun<br>The William Morris Pub<br>£45<br><br>Summer solstice celebration with live music and a four-course feast.<br><br><a href="https://www.designmynight.com/london/whats-on/best-events-in-may">More info / tickets</a>]]></description>
      <styleUrl>#red-dot.png</styleUrl>
      <Point>
        <coordinates>-0.183741,51.412744,0</coordinates>
      </Point>
    </Placemark>
    <Placemark>
      <name>A Midsummer Night's Dream</name>
      <description><![CDATA[<b>A Midsummer Night's Dream</b><br><i>Theatre</i><br>Thu 25th Jun – Sat 29th Aug<br>Shakespeare's Globe Theatre, Southwark<br>from £19<br><br>A Midsummer Night's Dream, the Globe Theatre becomes a space for communal celebration under starry, summer skies. Enter a world where the veil between the everyday and the extraordinary grows thin.<br><br><a href="https://www.londontheatres.com/events/comedy">More info / tickets</a>]]></description>
      <styleUrl>#blue-dot.png</styleUrl>
      <Point>
        <coordinates>-0.0946312,51.5077042,0</coordinates>
      </Point>
    </Placemark>
    <Placemark>
      <name>The Blackout - Kazeem Jamal</name>
      <description><![CDATA[<b>The Blackout - Kazeem Jamal</b><br><i>Comedy</i><br>Thu 25th Jun<br>Up The Creek, London<br>£7.60<br><br>Stand-up comedy show featuring Kazeem Jamal.<br><br><a href="https://www.london-theatreland.co.uk/dates/2026/05/category/comedy">More info / tickets</a>]]></description>
      <styleUrl>#blue-dot.png</styleUrl>
      <Point>
        <coordinates>-0.0116225,51.4812724,0</coordinates>
      </Point>
    </Placemark>
    <Placemark>
      <name>Stand-Up Comedy Show</name>
      <description><![CDATA[<b>Stand-Up Comedy Show</b><br><i>Comedy</i><br>Thu 25th Jun<br>Big Belly Comedy - Southbank, Southbank<br>£5.93<br><br>Comedy night at Big Belly Comedy Club.<br><br><a href="https://www.london-theatreland.co.uk/dates/2026/05/category/comedy">More info / tickets</a>]]></description>
      <styleUrl>#blue-dot.png</styleUrl>
      <Point>
        <coordinates>-0.1069201,51.5077742,0</coordinates>
      </Point>
    </Placemark>
    <Placemark>
      <name>Stand-up comedy show</name>
      <description><![CDATA[<b>Stand-up comedy show</b><br><i>Comedy</i><br>Thu 25th Jun<br>The Comedy Store, London<br>£13.25<br><br>Live comedy performances at a famous venue.<br><br><a href="https://www.london-theatreland.co.uk/dates/2026/05/category/comedy">More info / tickets</a>]]></description>
      <styleUrl>#blue-dot.png</styleUrl>
      <Point>
        <coordinates>-0.1322569,51.5101213,0</coordinates>
      </Point>
    </Placemark>
    <Placemark>
      <name>Mudlarks family gallery</name>
      <description><![CDATA[<b>Mudlarks family gallery</b><br><i>Family</i><br>Thu 25th Jun – Sun 5th Jul<br>London Museum Docklands, London-wide<br>Free<br><br>Interactive play area for children under 8.<br><br><a href="https://www.londonmuseum.org.uk/whats-on/">More info / tickets</a>]]></description>
      <styleUrl>#green-dot.png</styleUrl>
      <Point>
        <coordinates>-0.1202069,51.5342186,0</coordinates>
      </Point>
    </Placemark>
    <Placemark>
      <name>The Producers</name>
      <description><![CDATA[<b>The Producers</b><br><i>Theatre</i><br>Thu 25th Jun – Sat 19th Sep<br>Garrick Theatre, London<br>Free<br><br>The Producers transfers to the Garrick Theatre. Based on the classic cult film, the original Broadway production won a record twelve Tony Awards, including Best Musical.<br><br><a href="https://www.londontheatres.com/events/comedy">More info / tickets</a>]]></description>
      <styleUrl>#blue-dot.png</styleUrl>
      <Point>
        <coordinates>-0.127802,51.509996,0</coordinates>
      </Point>
    </Placemark>
    <Placemark>
      <name>I'm Grand Mam</name>
      <description><![CDATA[<b>I'm Grand Mam</b><br><i>Comedy</i><br>Thu 25th Jun<br>Hackney Empire, Hackney<br>Check site<br><br>I'm Grand Mam is the wildly popular Irish comedy duo made up of best friends Kevin Twomey and PJ Kirby. What began as two Cork lads chatting, grew into a cult-favourite podcast and live act loved for its warmth, wit, and razor-sharp observations.<br><br><a href="https://www.londontheatres.com/events/comedy">More info / tickets</a>]]></description>
      <styleUrl>#blue-dot.png</styleUrl>
      <Point>
        <coordinates>-0.0557025,51.5456229,0</coordinates>
      </Point>
    </Placemark>
    <Placemark>
      <name>How to Be a Strong Woman</name>
      <description><![CDATA[<b>How to Be a Strong Woman</b><br><i>Comedy</i><br>Thu 25th Jun – Thu 30th Jul<br>The Coach House Piccadilly, Piccadilly<br>£3<br><br>Comedy show with dating misadventures and witty wisdom for a feel-good night out.<br><br><a href="https://www.londontheatres.com/events/comedy">More info / tickets</a>]]></description>
      <styleUrl>#blue-dot.png</styleUrl>
      <Point>
        <coordinates>-0.134586,51.510276,0</coordinates>
      </Point>
    </Placemark>
    <Placemark>
      <name>The Blackout Comedy Night</name>
      <description><![CDATA[<b>The Blackout Comedy Night</b><br><i>Comedy</i><br>Thu 25th Jun<br>Up The Creek, London<br>£3<br><br>Interactive comedy night where the audience decides performance lengths.<br><br><a href="https://www.londontheatres.com/events/comedy">More info / tickets</a>]]></description>
      <styleUrl>#blue-dot.png</styleUrl>
      <Point>
        <coordinates>-0.0116225,51.4812724,0</coordinates>
      </Point>
    </Placemark>
    <Placemark>
      <name>Deployed &amp; Unsupervised: Raised By Order, Ruined By Freedom</name>
      <description><![CDATA[<b>Deployed &amp; Unsupervised: Raised By Order, Ruined By Freedom</b><br><i>Comedy</i><br>Thu 25th Jun<br>Big Belly Comedy - Southbank, Southbank<br>Free<br><br>Deployed &amp; Unsupervised: Raised By Order, Ruined By Freedom. After six years in the British Army, Dean Helliwell was trained to handle pressure, follow orders, and stay in control. Then he returned to civilian life where none of that seems to apply.<br><br><a href="https://www.londontheatres.com/events/comedy">More info / tickets</a>]]></description>
      <styleUrl>#blue-dot.png</styleUrl>
      <Point>
        <coordinates>-0.1069201,51.5077742,0</coordinates>
      </Point>
    </Placemark>
    <Placemark>
      <name>Virtue Comedy New Act/New Material</name>
      <description><![CDATA[<b>Virtue Comedy New Act/New Material</b><br><i>Comedy</i><br>Thu 25th Jun – Thu 23rd Jul<br>The Long Acre Bar, Covent Garden<br>Free<br><br>Free open mic night for new comedians.<br><br><a href="https://www.londontheatres.com/events/comedy">More info / tickets</a>]]></description>
      <styleUrl>#blue-dot.png</styleUrl>
      <Point>
        <coordinates>-0.1272935,51.5119961,0</coordinates>
      </Point>
    </Placemark>
    <Placemark>
      <name>Picture This Talk</name>
      <description><![CDATA[<b>Picture This Talk</b><br><i>Arts &amp; Culture</i><br>Thu 25th Jun<br>In Gallery | Pigott Theatre, London<br>From £10<br><br>Conversations and talks in the gallery.<br><br><a href="https://www.nationalgallery.org.uk/events">More info / tickets</a>]]></description>
      <styleUrl>#orange-dot.png</styleUrl>
      <Point>
        <coordinates>-0.0863251,51.4459604,0</coordinates>
      </Point>
    </Placemark>
    <Placemark>
      <name>The Christophers</name>
      <description><![CDATA[<b>The Christophers</b><br><i>Arts &amp; Culture</i><br>Thu 25th Jun<br>Phoenix Cinema, East Finchley<br>Check site<br><br>A film screening at Phoenix Cinema.<br><br><a href="https://www.phoenixcinema.co.uk/PhoenixCinemaLondon.dll/WhatsOn">More info / tickets</a>]]></description>
      <styleUrl>#orange-dot.png</styleUrl>
      <Point>
        <coordinates>-0.1637085,51.5885079,0</coordinates>
      </Point>
    </Placemark>
    <Placemark>
      <name>Les Liaisons Dangereuses</name>
      <description><![CDATA[<b>Les Liaisons Dangereuses</b><br><i>Theatre</i><br>Thu 25th Jun<br>Phoenix Cinema, East Finchley<br>Check site<br><br>A live theatre broadcast from the National Theatre.<br><br><a href="https://www.phoenixcinema.co.uk/PhoenixCinemaLondon.dll/WhatsOn">More info / tickets</a>]]></description>
      <styleUrl>#blue-dot.png</styleUrl>
      <Point>
        <coordinates>-0.1637085,51.5885079,0</coordinates>
      </Point>
    </Placemark>
    <Placemark>
      <name>Night of the Guitar</name>
      <description><![CDATA[<b>Night of the Guitar</b><br><i>Music</i><br>Thu 25th Jun<br>Sadler's Wells Theatre<br>Check site<br><br>A guitar-focused music performance at Sadler's Wells Theatre.<br><br><a href="https://www.sadlerswells.com/whats-on">More info / tickets</a>]]></description>
      <styleUrl>#purple-dot.png</styleUrl>
      <Point>
        <coordinates>-0.1060896,51.52901,0</coordinates>
      </Point>
    </Placemark>
    <Placemark>
      <name>Mother Courage and Her Children</name>
      <description><![CDATA[<b>Mother Courage and Her Children</b><br><i>Theatre</i><br>Thu 25th Jun – Sat 27th Jun<br>Globe Theatre, Bankside<br>£32<br><br>Mother Courage And Her Children, Brecht’s fierce, musical, anti-war protest play, directed by Elle While.<br><br><a href="https://www.londontheatre.co.uk/whats-on/london-theatre-week">More info / tickets</a>]]></description>
      <styleUrl>#blue-dot.png</styleUrl>
      <Point>
        <coordinates>-0.0971863561153852,51.5081214,0</coordinates>
      </Point>
    </Placemark>
    <Placemark>
      <name>Volans – Catch of the Day</name>
      <description><![CDATA[<b>Volans – Catch of the Day</b><br><i>Arts &amp; Culture</i><br>Thu 25th Jun<br>Somerset House, Strand<br>Check site<br><br>A game blending conservation with speed dating.<br><br><a href="https://www.somersethouse.org.uk/whats-on">More info / tickets</a>]]></description>
      <styleUrl>#orange-dot.png</styleUrl>
      <Point>
        <coordinates>-0.11689232823185038,51.512029556237245,0</coordinates>
      </Point>
    </Placemark>
    <Placemark>
      <name>Volans – Unlocking the Socio Bioeconomy</name>
      <description><![CDATA[<b>Volans – Unlocking the Socio Bioeconomy</b><br><i>Arts &amp; Culture</i><br>Thu 25th Jun<br>Somerset House, Strand<br>Check site<br><br>Interactive talk on scaling socio bioeconomy models.<br><br><a href="https://www.somersethouse.org.uk/whats-on">More info / tickets</a>]]></description>
      <styleUrl>#orange-dot.png</styleUrl>
      <Point>
        <coordinates>-0.11689232823185038,51.512029556237245,0</coordinates>
      </Point>
    </Placemark>
    <Placemark>
      <name>Astronomers Take Over</name>
      <description><![CDATA[<b>Astronomers Take Over</b><br><i>Cultural</i><br>Thu 25th Jun – Mon 29th Jun<br>National Maritime Museum, Greenwich<br>starting at £59.05<br><br>Astronomers host events while the Greenwich Planetarium is under refurbishment.<br><br><a href="https://www.timeout.com/london/things-to-do/things-to-do-in-london-this-week">More info / tickets</a>]]></description>
      <styleUrl>#orange-dot.png</styleUrl>
      <Point>
        <coordinates>-0.005122450776572108,51.48077585,0</coordinates>
      </Point>
    </Placemark>
    <Placemark>
      <name>Fashion Curation Now</name>
      <description><![CDATA[<b>Fashion Curation Now</b><br><i>Arts &amp; Culture</i><br>Thu 25th Jun<br>V&amp;A East Storehouse, Stratford<br>Free<br><br>A seminar on modern fashion curation techniques.<br><br><a href="https://www.vam.ac.uk/event/ER8Xo01Jwml/v-a-lcf-seminar-fashion-curation-now-june-2026">More info / tickets</a>]]></description>
      <styleUrl>#orange-dot.png</styleUrl>
      <Point>
        <coordinates>-0.0211827,51.5464368,0</coordinates>
      </Point>
    </Placemark>
    <Placemark>
      <name>Mosaics and Micromosaics: Art, Craft and Identities</name>
      <description><![CDATA[<b>Mosaics and Micromosaics: Art, Craft and Identities</b><br><i>Arts &amp; Culture</i><br>Thu 25th Jun<br>Victoria and Albert Museum, South Kensington<br>£15 – £20<br><br>Explore the art and cultural significance of mosaics.<br><br><a href="https://www.vam.ac.uk/event/KV8ELq8VVeM/mosaics-and-micromosaics-livestream">More info / tickets</a>]]></description>
      <styleUrl>#orange-dot.png</styleUrl>
      <Point>
        <coordinates>-0.17163721656927572,51.496883800000006,0</coordinates>
      </Point>
    </Placemark>
    <Placemark>
      <name>Familiar Touch 12A</name>
      <description><![CDATA[<b>Familiar Touch 12A</b><br><i>Theatre</i><br>Thu 25th Jun<br>Barbican Centre, London<br>£15.50<br><br>An octogenarian woman adjusts to life in assisted living.<br><br><a href="https://www.barbican.org.uk/whats-on/2026/event/familiar-touch">More info / tickets</a>]]></description>
      <styleUrl>#blue-dot.png</styleUrl>
      <Point>
        <coordinates>-0.0938978,51.5198645,0</coordinates>
      </Point>
    </Placemark>
    <Placemark>
      <name>A Private Life 15</name>
      <description><![CDATA[<b>A Private Life 15</b><br><i>Theatre</i><br>Thu 25th Jun<br>Barbican Centre, London<br>£15.50<br><br>A Private Life (Vie Privee) + Q&amp;A - Certificate ([]) - Staring Daniel Auteuil, Virginie Efira, Jodie Foster - Find a review, trailer and cinema listings for A Private Life (Vie Privee) + Q&amp;A here on LondonNet<br><br><a href="https://www.barbican.org.uk/whats-on/2026/event/a-private-life">More info / tickets</a>]]></description>
      <styleUrl>#blue-dot.png</styleUrl>
      <Point>
        <coordinates>-0.0938978,51.5198645,0</coordinates>
      </Point>
    </Placemark>
    <Placemark>
      <name>Whirlpool: Jonah Phillips</name>
      <description><![CDATA[<b>Whirlpool: Jonah Phillips</b><br><i>Music</i><br>Thu 25th Jun<br>Vortex Jazz Club, London<br>£10<br><br>A performance by London-based drummer and bandleader Jonah Phillips.<br><br><a href="https://www.vortexjazz.co.uk/event/whirlpool-jonah-phillips/">More info / tickets</a>]]></description>
      <styleUrl>#purple-dot.png</styleUrl>
      <Point>
        <coordinates>-0.0766409,51.5487575,0</coordinates>
      </Point>
    </Placemark>
    <Placemark>
      <name>Jim Rattigan Quintet</name>
      <description><![CDATA[<b>Jim Rattigan Quintet</b><br><i>Music</i><br>Thu 25th Jun<br>Vortex Jazz Club<br>£17.50<br><br>A jazz quintet featuring virtuoso French horn player Jim Rattigan and top UK musicians.<br><br><a href="https://www.vortexjazz.co.uk/event/jim-rattigan-quintet-2/">More info / tickets</a>]]></description>
      <styleUrl>#purple-dot.png</styleUrl>
      <Point>
        <coordinates>-0.0766409,51.5487575,0</coordinates>
      </Point>
    </Placemark>
    <Placemark>
      <name>BRENN!</name>
      <description><![CDATA[<b>BRENN!</b><br><i>Music</i><br>Thu 25th Jun<br>The Garage, London<br>£20<br><br>Live performance or event at The Garage.<br><br><a href="https://www.thegarage.london/live/">More info / tickets</a>]]></description>
      <styleUrl>#purple-dot.png</styleUrl>
      <Point>
        <coordinates>-0.1039603,51.5467543,0</coordinates>
      </Point>
    </Placemark>
    <Placemark>
      <name>MAYA</name>
      <description><![CDATA[<b>MAYA</b><br><i>Music</i><br>Thu 25th Jun<br>100 Club, Oxford Street, London<br>£5 adv + bf<br><br>A live music event at the iconic 100 Club<br><br><a href="https://www.the100club.co.uk/100club-events/">More info / tickets</a>]]></description>
      <styleUrl>#purple-dot.png</styleUrl>
      <Point>
        <coordinates>0.1112172,51.4214109,0</coordinates>
      </Point>
    </Placemark>
    <Placemark>
      <name>Hadestown</name>
      <description><![CDATA[<b>Hadestown</b><br><i>Theatre</i><br>Thu 25th Jun – Sun 28th Jun<br>Lyric Theatre, London<br>£25<br><br>A musical retelling of the myth of Orpheus and Eurydice.<br><br><a href="https://nimaxtheatres.com/shows/hadestown/">More info / tickets</a>]]></description>
      <styleUrl>#blue-dot.png</styleUrl>
      <Point>
        <coordinates>-0.133788,51.511347,0</coordinates>
      </Point>
    </Placemark>
    <Placemark>
      <name>A Fine Idea</name>
      <description><![CDATA[<b>A Fine Idea</b><br><i>Theatre</i><br>Thu 25th Jun – Sat 4th Jul<br>Arcola Theatre, Dalston, London<br>Pay what you can<br><br>A time-traveling play exploring global inequality over 75 years.<br><br><a href="https://www.arcolatheatre.com/event/a-fine-idea/">More info / tickets</a>]]></description>
      <styleUrl>#blue-dot.png</styleUrl>
      <Point>
        <coordinates>-0.074908,51.546946,0</coordinates>
      </Point>
    </Placemark>
    <Placemark>
      <name>Safe Haven</name>
      <description><![CDATA[<b>Safe Haven</b><br><i>Theatre</i><br>Thu 25th Jun – Sat 27th Jun<br>Arcola Theatre, Dalston, London<br>Pay what you can<br><br>Safe Haven asks what responsibility governments bear when catastrophe is unfolding in plain sight.<br><br><a href="https://www.arcolatheatre.com/event/safe-haven-june/">More info / tickets</a>]]></description>
      <styleUrl>#blue-dot.png</styleUrl>
      <Point>
        <coordinates>-0.074908,51.546946,0</coordinates>
      </Point>
    </Placemark>
    <Placemark>
      <name>The Gruffalo</name>
      <description><![CDATA[<b>The Gruffalo</b><br><i>Theatre</i><br>Thu 25th Jun<br>Lyric Theatre<br>FROM £10<br><br>A family-friendly stage adaptation of the beloved children's book.<br><br><a href="https://thelyrictheatre.co.uk/tickets/the-gruffalo-2/">More info / tickets</a>]]></description>
      <styleUrl>#blue-dot.png</styleUrl>
      <Point>
        <coordinates>-0.133788,51.511347,0</coordinates>
      </Point>
    </Placemark>
    <Placemark>
      <name>Star Wars: The Mandalorian and Grogu</name>
      <description><![CDATA[<b>Star Wars: The Mandalorian and Grogu</b><br><i>Cultural</i><br>Thu 25th Jun<br>The Lexi Cinema, London<br>£1<br><br>A film screening of the popular Star Wars series episode.<br><br><a href="https://thelexicinema.co.uk/TheLexiCinema.dll/WhatsOn">More info / tickets</a>]]></description>
      <styleUrl>#orange-dot.png</styleUrl>
      <Point>
        <coordinates>-0.2224753,51.5375275,0</coordinates>
      </Point>
    </Placemark>
    <Placemark>
      <name>Mark Thomas: 40 in Stand Up Years</name>
      <description><![CDATA[<b>Mark Thomas: 40 in Stand Up Years</b><br><i>Comedy</i><br>Thu 25th Jun – Fri 26th Jun<br>The Undercroft, St Georges Church, Bloomsbury<br>Check site<br><br>Comedy show celebrating Mark Thomas's 40 years in stand-up.<br><br><a href="https://www.museumofcomedy.com/whats-on/">More info / tickets</a>]]></description>
      <styleUrl>#blue-dot.png</styleUrl>
      <Point>
        <coordinates>-0.007728,51.542824,0</coordinates>
      </Point>
    </Placemark>
    <Placemark>
      <name>Bad Clowns and Good Friends</name>
      <description><![CDATA[<b>Bad Clowns and Good Friends</b><br><i>Comedy</i><br>Thu 25th Jun – Tue 30th Jun<br>The Undercroft, St Georges Church, Bloomsbury<br>Check site<br><br>Comedy performance featuring bad clowns and good friends.<br><br><a href="https://www.museumofcomedy.com/whats-on/">More info / tickets</a>]]></description>
      <styleUrl>#blue-dot.png</styleUrl>
      <Point>
        <coordinates>-0.007728,51.542824,0</coordinates>
      </Point>
    </Placemark>
    <Placemark>
      <name>Architecture of the Natural History Museum Tour</name>
      <description><![CDATA[<b>Architecture of the Natural History Museum Tour</b><br><i>Arts &amp; Culture</i><br>Thu 25th Jun<br>Natural History Museum<br>£20<br><br>Join us for a special tour as we look at the fascinating stories hidden within the architecture of our iconic building.<br><br><a href="https://www.nhm.ac.uk/events/architecture-of-the-natural-history-museum-tour.html">More info / tickets</a>]]></description>
      <styleUrl>#orange-dot.png</styleUrl>
      <Point>
        <coordinates>-0.1760019,51.4965109,0</coordinates>
      </Point>
    </Placemark>
    <Placemark>
      <name>Museum Highlights Tour</name>
      <description><![CDATA[<b>Museum Highlights Tour</b><br><i>Arts &amp; Culture</i><br>Thu 25th Jun<br>Natural History Museum<br>£20<br><br>Join us for an hour-long tour of our most iconic specimens, from the world’s most complete fossil stegosaur to an infamous gorilla, don’t miss your chance to get to know our best of the best.<br><br><a href="https://www.nhm.ac.uk/events/museum-highlights-tour.html">More info / tickets</a>]]></description>
      <styleUrl>#orange-dot.png</styleUrl>
      <Point>
        <coordinates>-0.1760019,51.4965109,0</coordinates>
      </Point>
    </Placemark>
    <Placemark>
      <name>Kids Tour: The Young Explorers</name>
      <description><![CDATA[<b>Kids Tour: The Young Explorers</b><br><i>Family</i><br>Thu 25th Jun<br>Natural History Museum, South Kensington<br>£15<br><br>This fun, interactive tour is packed with stories, activities and surprises for young explorers at the Natural History Museum.<br><br><a href="https://www.nhm.ac.uk/events/kids-tour-the-young-explorers">More info / tickets</a>]]></description>
      <styleUrl>#green-dot.png</styleUrl>
      <Point>
        <coordinates>-0.17600190725447445,51.496510900000004,0</coordinates>
      </Point>
    </Placemark>
    <Placemark>
      <name>Early Riser Jurassic Tour</name>
      <description><![CDATA[<b>Early Riser Jurassic Tour</b><br><i>Cultural</i><br>Thu 25th Jun<br>Natural History Museum, South Kensington<br>£32<br><br>Take extra care visiting us during hot weather, our galleries get quite warm and some may be closed for your comfort.<br><br><a href="https://www.nhm.ac.uk/events/early-riser-jurassic-tour">More info / tickets</a>]]></description>
      <styleUrl>#orange-dot.png</styleUrl>
      <Point>
        <coordinates>-0.17600190725447445,51.496510900000004,0</coordinates>
      </Point>
    </Placemark>
    <Placemark>
      <name>Dino Snores for Kids</name>
      <description><![CDATA[<b>Dino Snores for Kids</b><br><i>Family</i><br>Thu 25th Jun<br>Natural History Museum<br>From £87<br><br>Our unique sleepover gives kids aged 7 to 11 the chance to explore the Natural History Museum after dark while taking part in exciting and educational activities.<br><br><a href="https://www.nhm.ac.uk/events/dino-snores-for-kids.html">More info / tickets</a>]]></description>
      <styleUrl>#green-dot.png</styleUrl>
      <Point>
        <coordinates>-0.1760019,51.4965109,0</coordinates>
      </Point>
    </Placemark>
    <Placemark>
      <name>T. Rex Show with Teach Rex</name>
      <description><![CDATA[<b>T. Rex Show with Teach Rex</b><br><i>Family</i><br>Thu 25th Jun<br>Natural History Museum<br>£13<br><br>Interactive dinosaur show for kids.<br><br><a href="https://www.nhm.ac.uk/events/t-rex-show-with-teach-rex.html">More info / tickets</a>]]></description>
      <styleUrl>#green-dot.png</styleUrl>
      <Point>
        <coordinates>-0.1760019,51.4965109,0</coordinates>
      </Point>
    </Placemark>
    <Placemark>
      <name>Dino Disco for Kids</name>
      <description><![CDATA[<b>Dino Disco for Kids</b><br><i>Family</i><br>Thu 25th Jun<br>Natural History Museum<br>£20<br><br>Join us for the best party in town! Bring along the kids, show off your Jurassic jive and listen to your favourite tunes at our family-friendly headphone disco.<br><br><a href="https://www.nhm.ac.uk/events/dino-disco">More info / tickets</a>]]></description>
      <styleUrl>#green-dot.png</styleUrl>
      <Point>
        <coordinates>-0.1760019,51.4965109,0</coordinates>
      </Point>
    </Placemark>
    <Placemark>
      <name>Contention</name>
      <description><![CDATA[<b>Contention</b><br><i>Music</i><br>Thu 25th Jun<br>New Cross Inn, New Cross<br>£15<br><br>Live music event at New Cross Inn.<br><br><a href="https://pit.live/events/contention-1">More info / tickets</a>]]></description>
      <styleUrl>#purple-dot.png</styleUrl>
      <Point>
        <coordinates>-0.0370911,51.4757953,0</coordinates>
      </Point>
    </Placemark>
    <Placemark>
      <name>ArtsEd MT Company: Calling</name>
      <description><![CDATA[<b>ArtsEd MT Company: Calling</b><br><i>Theatre</i><br>Thu 25th Jun<br>Pleasance Theatre, LONDON<br>Check site<br><br>Theatre performance by a student company.<br><br><a href="https://www.pleasance.co.uk/events/location/London">More info / tickets</a>]]></description>
      <styleUrl>#blue-dot.png</styleUrl>
      <Point>
        <coordinates>-0.1213017,51.549184,0</coordinates>
      </Point>
    </Placemark>
    <Placemark>
      <name>Dark Secrets: The Esoteric Exhibition</name>
      <description><![CDATA[<b>Dark Secrets: The Esoteric Exhibition</b><br><i>Arts &amp; Culture</i><br>Thu 25th Jun – Tue 18th Aug<br>Vaults - Leake Street, Waterloo Station<br>£23<br><br>Dark Secrets: The Esoteric Exhibition here ❓ Please consult the FAQs of this experience here 🎟️ Tickets sold at the box office will have a higher price than tickets sold online. Description What happens after death? Can we communicate with the beyond? These eternal questions have plagued societies for centuries. Now, t<br><br><a href="https://feverup.com/m/427444?cp_landing=cta_header&amp;cp_landing_term=cta_header&amp;cp_landing_source=darksecretsexhibition&amp;utm_source=google&amp;utm_medium=organic">More info / tickets</a>]]></description>
      <styleUrl>#orange-dot.png</styleUrl>
      <Point>
        <coordinates>-0.1147409,51.5013532,0</coordinates>
      </Point>
    </Placemark>
    <Placemark>
      <name>Ponytronica, With Who? Artificially Yours, Tinpot</name>
      <description><![CDATA[<b>Ponytronica, With Who? Artificially Yours, Tinpot</b><br><i>Music</i><br>Thu 25th Jun<br>The Windmill<br>FREE<br><br>Live music night featuring Ponytronica and other acts.<br><br><a href="https://www.windmillbrixton.co.uk/events/2026-06-25-ponytronica-with-who-artificially-yours-tinpot-the-windmill">More info / tickets</a>]]></description>
      <styleUrl>#purple-dot.png</styleUrl>
      <Point>
        <coordinates>-0.1224856,51.4539873,0</coordinates>
      </Point>
    </Placemark>
    <Placemark>
      <name>Wellcome Collection Lates: Shaping Age</name>
      <description><![CDATA[<b>Wellcome Collection Lates: Shaping Age</b><br><i>Arts &amp; Culture</i><br>Thu 25th Jun<br>Wellcome Collection, Camden<br>Free<br><br>Evening event with performances, talks, and workshops on ageing.<br><br><a href="https://wellcomecollection.org/events/wellcome-collection-lates-shaping-age">More info / tickets</a>]]></description>
      <styleUrl>#orange-dot.png</styleUrl>
      <Point>
        <coordinates>-0.1340195,51.5259739,0</coordinates>
      </Point>
    </Placemark>
    <Placemark>
      <name>Frida Kahlo Exhibition</name>
      <description><![CDATA[<b>Frida Kahlo Exhibition</b><br><i>Arts &amp; Culture</i><br>Thu 25th Jun – Tue 18th Aug<br>Tate Modern, Bankside<br>Free<br><br>A major exhibition featuring 130+ works and personal artefacts of Frida Kahlo.<br><br><a href="https://secretldn.com/things-to-do-in-london-weekend/">More info / tickets</a>]]></description>
      <styleUrl>#orange-dot.png</styleUrl>
      <Point>
        <coordinates>-0.09934164882888792,51.5074293,0</coordinates>
      </Point>
    </Placemark>
    <Placemark>
      <name>World Cup Double Header: Curacao vs Ivory Coast + Ecuador vs Germany</name>
      <description><![CDATA[<b>World Cup Double Header: Curacao vs Ivory Coast + Ecuador vs Germany</b><br><i>Sport &amp; Fitness</i><br>Thu 25th Jun<br>KERB Sports Bar<br>Tickets from free<br><br>Watch two World Cup matches live on big screens at a London sports bar.<br><br><a href="https://fifa-world-cup-2026.designmynight.com/69ce27129ba2d3a4c62adf41/double-header-curacao-vs-ivory-coast-ecuador-vs-germany">More info / tickets</a>]]></description>
      <styleUrl>#ltblue-dot.png</styleUrl>
      <Point>
        <coordinates>-0.0699015,51.516928,0</coordinates>
      </Point>
    </Placemark>
    <Placemark>
      <name>Ramses and the Pharaohs' Gold: The Exhibition</name>
      <description><![CDATA[<b>Ramses and the Pharaohs' Gold: The Exhibition</b><br><i>Arts &amp; Culture</i><br>Thu 25th Jun – Sun 30th Aug<br>NEON at Battersea Power Station, Battersea<br>£20.84<br><br>Features the pharaoh’s coffin, royal treasures, and immersive galleries transporting visitors 3,000 years into the past.<br><br><a href="https://feverup.com/m/503872">More info / tickets</a>]]></description>
      <styleUrl>#orange-dot.png</styleUrl>
      <Point>
        <coordinates>-0.1740176,51.4611779,0</coordinates>
      </Point>
    </Placemark>
    <Placemark>
      <name>London Bike Ride + Historic Pub + Graffiti</name>
      <description><![CDATA[<b>London Bike Ride + Historic Pub + Graffiti</b><br><i>Cultural</i><br>Thu 25th Jun – Tue 18th Aug<br>The Walrus Bar &amp; Hostel, London<br>From £65<br><br>Explore London by bike, visiting historic pubs and street art.<br><br><a href="https://feverup.com/en/london">More info / tickets</a>]]></description>
      <styleUrl>#orange-dot.png</styleUrl>
      <Point>
        <coordinates>-0.0934412,51.5127204,0</coordinates>
      </Point>
    </Placemark>
    <Placemark>
      <name>Live Music Thursday</name>
      <description><![CDATA[<b>Live Music Thursday</b><br><i>Music</i><br>Thu 25th Jun<br>Nordic Bar<br>Tickets from £11<br><br>Live music night to kickstart the weekend early.<br><br><a href="https://nordic-bar-0.designmynight.com/65cb55e281ea2c525c7eb7c6/live-music-thursday">More info / tickets</a>]]></description>
      <styleUrl>#purple-dot.png</styleUrl>
      <Point>
        <coordinates>-0.135695,51.517856,0</coordinates>
      </Point>
    </Placemark>
    <Placemark>
      <name>Open Karaoke</name>
      <description><![CDATA[<b>Open Karaoke</b><br><i>Nightlife</i><br>Thu 25th Jun<br>The Star By Liverpool Street<br>Tickets from free<br><br>Open Karaoke experience that’s not just unforgettable but also outrageously fun. Whether you’re a seasoned vocal daredevil, ready to captivate the audience with your melodious notes, or someone who’s just looking to let loose, have a cheeky blast, turning heads as you belt out your faves. The spotlight is waiting for y<br><br><a href="https://the-star-by-liverpool-street.designmynight.com/654cecd83d6ede6b4506160a/open-karaoke-the-star-by-liverpool-street">More info / tickets</a>]]></description>
      <styleUrl>#purple-dot.png</styleUrl>
      <Point>
        <coordinates>-0.0770182,51.5172503,0</coordinates>
      </Point>
    </Placemark>
    <Placemark>
      <name>Billingsgate Market Seafood Experience</name>
      <description><![CDATA[<b>Billingsgate Market Seafood Experience</b><br><i>Food &amp; Drink</i><br>Thu 25th Jun<br>The English Grill at The Rubens at The Palace Hotel<br>Tickets from £27.50 – £51.84<br><br>Create a bespoke seafood menu with fresh catches from Billingsgate Market.<br><br><a href="https://the-rubens-at-the-palace.designmynight.com/688b47f56978220112412d49/the-rubens-masterclass-series-billingsgate-market-experience-1">More info / tickets</a>]]></description>
      <styleUrl>#red-dot.png</styleUrl>
      <Point>
        <coordinates>-0.082473,51.414978,0</coordinates>
      </Point>
    </Placemark>
    <Placemark>
      <name>Portrait Experience with Shelley Levy</name>
      <description><![CDATA[<b>Portrait Experience with Shelley Levy</b><br><i>Arts &amp; Culture</i><br>Thu 25th Jun<br>The English Grill at The Rubens at The Palace Hotel<br>£599<br><br>Enjoy a dining experience while posing for a custom portrait by a resident artist.<br><br><a href="https://the-rubens-at-the-palace.designmynight.com/688b479c4943b6001f2a0ef4/resident-artist-shelley-levy-portrait-experience-1">More info / tickets</a>]]></description>
      <styleUrl>#orange-dot.png</styleUrl>
      <Point>
        <coordinates>-0.082473,51.414978,0</coordinates>
      </Point>
    </Placemark>
    <Placemark>
      <name>Ecuador vs Germany World Cup Screening</name>
      <description><![CDATA[<b>Ecuador vs Germany World Cup Screening</b><br><i>Sport &amp; Fitness</i><br>Thu 25th Jun<br>Fire Club And The Garden Vauxhall, Vauxhall<br>£5<br><br>Live screening of the World Cup match with a lively atmosphere.<br><br><a href="https://www.skiddle.com/whats-on/events/london/?eventType=FOOD&amp;">More info / tickets</a>]]></description>
      <styleUrl>#ltblue-dot.png</styleUrl>
      <Point>
        <coordinates>-0.1229297,51.4874834,0</coordinates>
      </Point>
    </Placemark>
    <Placemark>
      <name>World Cup Showdown: Curaçao v Ivory Coast</name>
      <description><![CDATA[<b>World Cup Showdown: Curaçao v Ivory Coast</b><br><i>Sport &amp; Fitness</i><br>Thu 25th Jun<br>Freight Brixton, Brixton<br>£0<br><br>Live screening of the World Cup match at Freight Brixton.<br><br><a href="https://www.skiddle.com/whats-on/events/london/?eventType=HEALTH,SPORT&amp;">More info / tickets</a>]]></description>
      <styleUrl>#ltblue-dot.png</styleUrl>
      <Point>
        <coordinates>-0.1133473,51.4628953,0</coordinates>
      </Point>
    </Placemark>
    <Placemark>
      <name>Lunchtime Talk: GLC Film Files</name>
      <description><![CDATA[<b>Lunchtime Talk: GLC Film Files</b><br><i>Arts &amp; Social</i><br>Thu 25th Jun<br>The London Archives<br>5<br><br>Talk on London's GLC Film Viewing Board archives.<br><br><a href="https://www.ianvisits.co.uk/calendar/lunchtime-talk-screening-london-the-glc-film-viewing-board-files-431259/">More info / tickets</a>]]></description>
      <styleUrl>#yellow-dot.png</styleUrl>
      <Point>
        <coordinates>-0.1079166,51.5249498,0</coordinates>
      </Point>
    </Placemark>
    <Placemark>
      <name>Routemaster RM1 on display</name>
      <description><![CDATA[<b>Routemaster RM1 on display</b><br><i>Cultural</i><br>Thu 25th Jun<br>London Transport Museum, Covent Garden, Covent Garden<br>Free<br><br>View the iconic Routemaster bus at Covent Garden Piazza.<br><br><a href="https://www.ianvisits.co.uk/calendar/date/2026/06/">More info / tickets</a>]]></description>
      <styleUrl>#orange-dot.png</styleUrl>
      <Point>
        <coordinates>-0.1212265,51.5119839,0</coordinates>
      </Point>
    </Placemark>
    <Placemark>
      <name>Belonging in Wandsworth Town</name>
      <description><![CDATA[<b>Belonging in Wandsworth Town</b><br><i>Community</i><br>Thu 25th Jun<br>The London Centre, City of London, City of London<br>Free<br><br>Experts discuss cultural placeshaping as Wandsworth Town grows.<br><br><a href="https://www.ianvisits.co.uk/calendar/date/2026/06/">More info / tickets</a>]]></description>
      <styleUrl>#yellow-dot.png</styleUrl>
      <Point>
        <coordinates>-0.0928707,51.5161194,0</coordinates>
      </Point>
    </Placemark>
    <Placemark>
      <name>Heat Pumps Explained</name>
      <description><![CDATA[<b>Heat Pumps Explained</b><br><i>Wellness</i><br>Thu 25th Jun<br>LSBU Clarence Centre, Southwark, Southwark<br>Free<br><br>Learn how heat pumps work and how to switch from boilers.<br><br><a href="https://www.ianvisits.co.uk/calendar/date/2026/06/">More info / tickets</a>]]></description>
      <styleUrl>#ltblue-dot.png</styleUrl>
      <Point>
        <coordinates>-0.103849,51.498433,0</coordinates>
      </Point>
    </Placemark>
    <Placemark>
      <name>Architecture Shop</name>
      <description><![CDATA[<b>Architecture Shop</b><br><i>Arts &amp; Culture</i><br>Thu 25th Jun<br>A is for architecture, Bethnal Green, Bethnal Green<br>Free<br><br>Explore perspectives from architects, artists, and the public.<br><br><a href="https://www.ianvisits.co.uk/calendar/date/2026/06/">More info / tickets</a>]]></description>
      <styleUrl>#orange-dot.png</styleUrl>
      <Point>
        <coordinates>-0.077084,51.523692,0</coordinates>
      </Point>
    </Placemark>
    <Placemark>
      <name>Fletcher Priest Architects Open Studio</name>
      <description><![CDATA[<b>Fletcher Priest Architects Open Studio</b><br><i>Arts &amp; Culture</i><br>Thu 25th Jun<br>Fletcher Priest architects, Holborn, Holborn<br>Free<br><br>Explore 100 Fetter Lane's heritage through film and conversation.<br><br><a href="https://www.ianvisits.co.uk/calendar/date/2026/06/">More info / tickets</a>]]></description>
      <styleUrl>#orange-dot.png</styleUrl>
      <Point>
        <coordinates>-0.1193216,51.5176447,0</coordinates>
      </Point>
    </Placemark>
    <Placemark>
      <name>The Evolving Life of an Islington Home</name>
      <description><![CDATA[<b>The Evolving Life of an Islington Home</b><br><i>Cultural</i><br>Thu 25th Jun<br>St Mary's Church Islington, Islington<br>Free<br><br>A talk on the past, present, and future of home retrofitting.<br><br><a href="https://www.ianvisits.co.uk/calendar/date/2026/06/">More info / tickets</a>]]></description>
      <styleUrl>#orange-dot.png</styleUrl>
      <Point>
        <coordinates>-0.1017197,51.5384067,0</coordinates>
      </Point>
    </Placemark>
    <Placemark>
      <name>A History of Georgian Feasting</name>
      <description><![CDATA[<b>A History of Georgian Feasting</b><br><i>Cultural</i><br>Thu 25th Jun<br>Strawberry Hill House and Garden, Twickenham<br>£25<br><br>Explore Georgian dining culture as a display of wealth and power.<br><br><a href="https://www.ianvisits.co.uk/calendar/date/2026/06/">More info / tickets</a>]]></description>
      <styleUrl>#orange-dot.png</styleUrl>
      <Point>
        <coordinates>-0.104146,51.4969,0</coordinates>
      </Point>
    </Placemark>
    <Placemark>
      <name>Paths Through Britain</name>
      <description><![CDATA[<b>Paths Through Britain</b><br><i>Cultural</i><br>Thu 25th Jun<br>British Library, Camden<br>£12<br><br>A panel discussion on the history and significance of walking trails.<br><br><a href="https://www.ianvisits.co.uk/calendar/date/2026/06/">More info / tickets</a>]]></description>
      <styleUrl>#orange-dot.png</styleUrl>
      <Point>
        <coordinates>-0.1276918,51.5299119,0</coordinates>
      </Point>
    </Placemark>
    <Placemark>
      <name>Richard Price and America’s Revolution</name>
      <description><![CDATA[<b>Richard Price and America’s Revolution</b><br><i>Cultural</i><br>Thu 25th Jun<br>Newington Green Meeting House, Stoke Newington<br>£6.13<br><br>A talk on philosopher Richard Price’s influence on the American Revolution.<br><br><a href="https://www.ianvisits.co.uk/calendar/date/2026/06/">More info / tickets</a>]]></description>
      <styleUrl>#orange-dot.png</styleUrl>
      <Point>
        <coordinates>-0.0576343,51.52674,0</coordinates>
      </Point>
    </Placemark>
    <Placemark>
      <name>Netherlands vs. Tunisia football watch party</name>
      <description><![CDATA[<b>Netherlands vs. Tunisia football watch party</b><br><i>Sport &amp; Fitness</i><br>Thu 25th Jun<br>Bicycle Café, London<br>CADFree<br><br>Watch the Netherlands vs. Tunisia match on the patio.<br><br><a href="https://www.londontourism.ca/events/come-watch-on-the-patio-netherlands-vs-tunisia">More info / tickets</a>]]></description>
      <styleUrl>#ltblue-dot.png</styleUrl>
      <Point>
        <coordinates>-0.2948192,51.4623172,0</coordinates>
      </Point>
    </Placemark>
    <Placemark>
      <name>Aeolian Summer Music Festival 2026</name>
      <description><![CDATA[<b>Aeolian Summer Music Festival 2026</b><br><i>Music</i><br>Thu 25th Jun – Sun 28th Jun<br>Aeolian Hall Musical Arts Association, London<br>CADPrices vary<br><br>Aeolian Summer Music Festival 2026 from Thursday, June 25 to Sunday, June 28, 2026, in London Ontario.<br><br><a href="https://www.londontourism.ca/events/aeolian-summer-music-festival-2026">More info / tickets</a>]]></description>
      <styleUrl>#purple-dot.png</styleUrl>
      <Point>
        <coordinates>0.019077,51.454293,0</coordinates>
      </Point>
    </Placemark>
    <Placemark>
      <name>Kalsey Kulyk</name>
      <description><![CDATA[<b>Kalsey Kulyk</b><br><i>Music</i><br>Thu 25th Jun<br>Rum Runners, London, Ontario<br>CAD $30.21<br><br>Live performance by singer Kalsey Kulyk.<br><br><a href="https://www.londontourism.ca/events/kalsey-kulyk">More info / tickets</a>]]></description>
      <styleUrl>#purple-dot.png</styleUrl>
      <Point>
        <coordinates>-0.086485,51.510539,0</coordinates>
      </Point>
    </Placemark>
    <Placemark>
      <name>DJ Fresh Czz, Malik Palacio, Casper Marcus, Tiffany Chantelle</name>
      <description><![CDATA[<b>DJ Fresh Czz, Malik Palacio, Casper Marcus, Tiffany Chantelle</b><br><i>Music</i><br>Thu 25th Jun<br>Good Foundation Theatre - Market Lane, London, Ontario<br>CADFree<br><br>Live DJ and music performance by multiple artists.<br><br><a href="https://www.londontourism.ca/events/dj-fresh-czz-malik-palacio-casper-marcus-tiffany-chantelle-and-more">More info / tickets</a>]]></description>
      <styleUrl>#purple-dot.png</styleUrl>
      <Point>
        <coordinates>-0.226445,51.502863,0</coordinates>
      </Point>
    </Placemark>
    <Placemark>
      <name>Jeremy Ledbetter Trio</name>
      <description><![CDATA[<b>Jeremy Ledbetter Trio</b><br><i>Music</i><br>Thu 25th Jun<br>Aeolian Hall Musical Arts Association, London, Ontario<br>CADPrices vary<br><br>Live music performance by the Jeremy Ledbetter Trio.<br><br><a href="https://www.londontourism.ca/events/jeremy-ledbetter-trio">More info / tickets</a>]]></description>
      <styleUrl>#purple-dot.png</styleUrl>
      <Point>
        <coordinates>0.019077,51.454293,0</coordinates>
      </Point>
    </Placemark>
    <Placemark>
      <name>Chris Webby w/ Spose &amp; Quake Matthews</name>
      <description><![CDATA[<b>Chris Webby w/ Spose &amp; Quake Matthews</b><br><i>Music</i><br>Thu 25th Jun<br>London Music Hall, London, Ontario<br>CAD $50.79<br><br>Live hip-hop performance featuring Chris Webby and guests.<br><br><a href="https://www.londontourism.ca/events/chris-webby-w-spose-and-quake-matthews">More info / tickets</a>]]></description>
      <styleUrl>#purple-dot.png</styleUrl>
      <Point>
        <coordinates>-0.0483978,51.4759485,0</coordinates>
      </Point>
    </Placemark>
    <Placemark>
      <name>London Asian Night Market</name>
      <description><![CDATA[<b>London Asian Night Market</b><br><i>Food &amp; Drink</i><br>Thu 25th Jun – Sun 28th Jun<br>T&amp;T Supermarket London Store, London, Ontario<br>CADFree<br><br>Asian food, culture, and entertainment market.<br><br><a href="https://www.londontourism.ca/events/london-asian-night-market">More info / tickets</a>]]></description>
      <styleUrl>#red-dot.png</styleUrl>
      <Point>
        <coordinates>-0.0814754,51.5038691,0</coordinates>
      </Point>
    </Placemark>
    <Placemark>
      <name>Burger Fest</name>
      <description><![CDATA[<b>Burger Fest</b><br><i>Food &amp; Drink</i><br>Thu 25th Jun – Sun 28th Jun<br>Richmond Athletic Ground, Richmond<br>Check site<br><br>Food festival with burgers, live music, and entertainment.<br><br><a href="https://secretldn.com/things-to-do-in-london-june-2026/">More info / tickets</a>]]></description>
      <styleUrl>#red-dot.png</styleUrl>
      <Point>
        <coordinates>-0.3033217,51.4668519,0</coordinates>
      </Point>
    </Placemark>
    <Placemark>
      <name>The Christians Live</name>
      <description><![CDATA[<b>The Christians Live</b><br><i>Music</i><br>Thu 25th Jun<br>Boisdale of Canary Wharf, Canary Wharf<br>Tickets from £63.72 – £110.24<br><br>Soulful live performance by The Christians at Boisdale of Canary Wharf.<br><br><a href="https://boisdalecanarywharf.designmynight.com/6a2053d4306b4c771c3aa414/the-christians-2">More info / tickets</a>]]></description>
      <styleUrl>#purple-dot.png</styleUrl>
      <Point>
        <coordinates>-0.0220439,51.5052156,0</coordinates>
      </Point>
    </Placemark>
    <Placemark>
      <name>Take That</name>
      <description><![CDATA[<b>Take That</b><br><i>Music</i><br>Thu 25th Jun – Sat 27th Jun<br>London Stadium, Stratford<br>Check site<br><br>A concert featuring Take That, The Script, and Belinda Carlisle.<br><br><a href="https://www.london-theatreland.co.uk/dates/2026/06/category/concert">More info / tickets</a>]]></description>
      <styleUrl>#purple-dot.png</styleUrl>
      <Point>
        <coordinates>-0.0166238,51.5386207,0</coordinates>
      </Point>
    </Placemark>
    <Placemark>
      <name>Zac Brown Band</name>
      <description><![CDATA[<b>Zac Brown Band</b><br><i>Music</i><br>Thu 25th Jun<br>British Airways i360, London<br>Check site<br><br>A live performance by the Zac Brown Band.<br><br><a href="https://www.songkick.com/metro-areas/24426-uk-london/june-2026">More info / tickets</a>]]></description>
      <styleUrl>#purple-dot.png</styleUrl>
      <Point>
        <coordinates>-0.486365,51.486036,0</coordinates>
      </Point>
    </Placemark>
    <Placemark>
      <name>Celeste</name>
      <description><![CDATA[<b>Celeste</b><br><i>Music</i><br>Thu 25th Jun<br>O2 Forum Kentish Town, Kentish Town<br>Check site<br><br>Live performance by the singer-songwriter Celeste.<br><br><a href="https://www.songkick.com/metro-areas/24426-uk-london/june-2026">More info / tickets</a>]]></description>
      <styleUrl>#purple-dot.png</styleUrl>
      <Point>
        <coordinates>-0.1422038,51.5521441,0</coordinates>
      </Point>
    </Placemark>
    <Placemark>
      <name>Snail Mail and unflirt</name>
      <description><![CDATA[<b>Snail Mail and unflirt</b><br><i>Music</i><br>Thu 25th Jun<br>Electric Ballroom, Camden<br>Check site<br><br>Indie rock show featuring Snail Mail and unflirt.<br><br><a href="https://www.songkick.com/metro-areas/24426-uk-london/june-2026">More info / tickets</a>]]></description>
      <styleUrl>#purple-dot.png</styleUrl>
      <Point>
        <coordinates>-0.142943,51.5397245,0</coordinates>
      </Point>
    </Placemark>
    <Placemark>
      <name>Sonic Boom and Panda Bear</name>
      <description><![CDATA[<b>Sonic Boom and Panda Bear</b><br><i>Music</i><br>Thu 25th Jun<br>Rough Trade East London, Brick Lane<br>Check site<br><br>Live electronic music performance by Sonic Boom and Panda Bear.<br><br><a href="https://www.songkick.com/metro-areas/24426-uk-london/june-2026">More info / tickets</a>]]></description>
      <styleUrl>#purple-dot.png</styleUrl>
      <Point>
        <coordinates>-0.0706571,51.5174584,0</coordinates>
      </Point>
    </Placemark>
    <Placemark>
      <name>St. Lucia</name>
      <description><![CDATA[<b>St. Lucia</b><br><i>Music</i><br>Thu 25th Jun<br>Dingwalls, Camden<br>Check site<br><br>Live performance by the indie-pop artist St. Lucia.<br><br><a href="https://www.songkick.com/metro-areas/24426-uk-london/june-2026">More info / tickets</a>]]></description>
      <styleUrl>#purple-dot.png</styleUrl>
      <Point>
        <coordinates>-0.1624803,51.5427966,0</coordinates>
      </Point>
    </Placemark>
    <Placemark>
      <name>Dilated Peoples</name>
      <description><![CDATA[<b>Dilated Peoples</b><br><i>Music</i><br>Thu 25th Jun<br>The Jazz Cafe, Camden<br>Check site<br><br>Hip-hop show by the legendary group Dilated Peoples.<br><br><a href="https://www.songkick.com/metro-areas/24426-uk-london/june-2026">More info / tickets</a>]]></description>
      <styleUrl>#purple-dot.png</styleUrl>
      <Point>
        <coordinates>-0.1430336,51.5385824,0</coordinates>
      </Point>
    </Placemark>
    <Placemark>
      <name>Jon Batiste</name>
      <description><![CDATA[<b>Jon Batiste</b><br><i>Music</i><br>Thu 25th Jun<br>KOKO, London, UK, London<br>Check site<br><br>Live performance by the Grammy-winning musician.<br><br><a href="https://www.london-theatreland.co.uk/dates/2026/06/category/concert">More info / tickets</a>]]></description>
      <styleUrl>#purple-dot.png</styleUrl>
      <Point>
        <coordinates>-0.053854,51.4366669,0</coordinates>
      </Point>
    </Placemark>
    <Placemark>
      <name>The Script and Belinda Carlisle</name>
      <description><![CDATA[<b>The Script and Belinda Carlisle</b><br><i>Music</i><br>Thu 25th Jun<br>London Stadium, London, UK<br>Check site<br><br>Live performance by The Script and Belinda Carlisle at London Stadium.<br><br><a href="https://www.songkick.com/metro-areas/24426-uk-london/2026">More info / tickets</a>]]></description>
      <styleUrl>#purple-dot.png</styleUrl>
      <Point>
        <coordinates>-0.053854,51.4366669,0</coordinates>
      </Point>
    </Placemark>
    <Placemark>
      <name>Lone and Lukas Wigflex</name>
      <description><![CDATA[<b>Lone and Lukas Wigflex</b><br><i>Music</i><br>Thu 25th Jun<br>Number 90, London, UK<br>from £31<br><br>Live music event featuring Lone and Lukas Wigflex.<br><br><a href="https://www.london-theatreland.co.uk/dates/2026/06/category/concert">More info / tickets</a>]]></description>
      <styleUrl>#purple-dot.png</styleUrl>
      <Point>
        <coordinates>0.171136,51.546943,0</coordinates>
      </Point>
    </Placemark>
    <Placemark>
      <name>Jack Garratt</name>
      <description><![CDATA[<b>Jack Garratt</b><br><i>Music</i><br>Thu 25th Jun<br>Pillars Brewery, Walthamstow, UK<br>Check site<br><br>Live performance by Jack Garratt at Pillars Brewery.<br><br><a href="https://www.songkick.com/metro-areas/24426-uk-london/2026">More info / tickets</a>]]></description>
      <styleUrl>#purple-dot.png</styleUrl>
      <Point>
        <coordinates>-0.0084931,51.5837417,0</coordinates>
      </Point>
    </Placemark>
    <Placemark>
      <name>Balance and Composure and Glitterer</name>
      <description><![CDATA[<b>Balance and Composure and Glitterer</b><br><i>Music</i><br>Thu 25th Jun<br>The Dome, London, UK<br>Check site<br><br>Live music event featuring Balance and Composure and Glitterer.<br><br><a href="https://www.songkick.com/metro-areas/24426-uk-london/2026">More info / tickets</a>]]></description>
      <styleUrl>#purple-dot.png</styleUrl>
      <Point>
        <coordinates>-0.1386581,51.5574348,0</coordinates>
      </Point>
    </Placemark>
    <Placemark>
      <name>Brenn and Oscar Blue</name>
      <description><![CDATA[<b>Brenn and Oscar Blue</b><br><i>Music</i><br>Thu 25th Jun<br>The Garage, London, UK<br>Check site<br><br>Live music performance by Brenn and Oscar Blue.<br><br><a href="https://www.songkick.com/metro-areas/24426-uk-london/2026">More info / tickets</a>]]></description>
      <styleUrl>#purple-dot.png</styleUrl>
      <Point>
        <coordinates>-0.284553,51.516755,0</coordinates>
      </Point>
    </Placemark>
    <Placemark>
      <name>A Guy Called Gerald and Howie B</name>
      <description><![CDATA[<b>A Guy Called Gerald and Howie B</b><br><i>Music</i><br>Thu 25th Jun<br>The Old Blue Last, London, UK<br>Check site<br><br>Live electronic music set by A Guy Called Gerald and Howie B.<br><br><a href="https://www.songkick.com/metro-areas/24426-uk-london/2026">More info / tickets</a>]]></description>
      <styleUrl>#purple-dot.png</styleUrl>
      <Point>
        <coordinates>-0.0965963,51.5165659,0</coordinates>
      </Point>
    </Placemark>
    <Placemark>
      <name>Jade Bird</name>
      <description><![CDATA[<b>Jade Bird</b><br><i>Music</i><br>Thu 25th Jun<br>Spiritual Bar, Camden, UK<br>Check site<br><br>Live performance by indie artist Jade Bird.<br><br><a href="https://www.songkick.com/metro-areas/24426-uk-london/2026">More info / tickets</a>]]></description>
      <styleUrl>#purple-dot.png</styleUrl>
      <Point>
        <coordinates>-0.1488798,51.5431976,0</coordinates>
      </Point>
    </Placemark>
    <Placemark>
      <name>Author &amp; Punisher and Big Lad</name>
      <description><![CDATA[<b>Author &amp; Punisher and Big Lad</b><br><i>Music</i><br>Thu 25th Jun<br>XOYO, London, UK<br>Check site<br><br>Live music event featuring Author &amp; Punisher and Big Lad.<br><br><a href="https://www.songkick.com/metro-areas/24426-uk-london/2026">More info / tickets</a>]]></description>
      <styleUrl>#purple-dot.png</styleUrl>
      <Point>
        <coordinates>-0.053854,51.4366669,0</coordinates>
      </Point>
    </Placemark>
    <Placemark>
      <name>Bea</name>
      <description><![CDATA[<b>Bea</b><br><i>Music</i><br>Thu 25th Jun<br>The Lower Third, London, UK<br>Check site<br><br>Live performance by artist Bea.<br><br><a href="https://www.songkick.com/metro-areas/24426-uk-london/2026">More info / tickets</a>]]></description>
      <styleUrl>#purple-dot.png</styleUrl>
      <Point>
        <coordinates>-0.1291827,51.5155359,0</coordinates>
      </Point>
    </Placemark>
    <Placemark>
      <name>Matthew Dekay</name>
      <description><![CDATA[<b>Matthew Dekay</b><br><i>Music</i><br>Thu 25th Jun<br>Brick Lane, Brick Lane<br>Check site<br><br>Live performance by artist Matthew Dekay.<br><br><a href="https://www.songkick.com/metro-areas/24426-uk-london/2026">More info / tickets</a>]]></description>
      <styleUrl>#purple-dot.png</styleUrl>
      <Point>
        <coordinates>-0.0706571,51.5174584,0</coordinates>
      </Point>
    </Placemark>
    <Placemark>
      <name>JMONO and Lowkey</name>
      <description><![CDATA[<b>JMONO and Lowkey</b><br><i>Music</i><br>Thu 25th Jun<br>Brick Lane, Brick Lane<br>Check site<br><br>Live performance by JMONO and Lowkey.<br><br><a href="https://www.songkick.com/metro-areas/24426-uk-london/2026">More info / tickets</a>]]></description>
      <styleUrl>#purple-dot.png</styleUrl>
      <Point>
        <coordinates>-0.0706571,51.5174584,0</coordinates>
      </Point>
    </Placemark>
    <Placemark>
      <name>Evergreen and Misty</name>
      <description><![CDATA[<b>Evergreen and Misty</b><br><i>Music</i><br>Thu 25th Jun<br>The Shacklewell Arms, Stoke Newington<br>Check site<br><br>Live performance by Evergreen and Misty.<br><br><a href="https://www.songkick.com/metro-areas/24426-uk-london/2026">More info / tickets</a>]]></description>
      <styleUrl>#purple-dot.png</styleUrl>
      <Point>
        <coordinates>-0.0713909,51.5524081,0</coordinates>
      </Point>
    </Placemark>
    <Placemark>
      <name>Sebastian Schub</name>
      <description><![CDATA[<b>Sebastian Schub</b><br><i>Music</i><br>Thu 25th Jun<br>Stone Nest, London, UK<br>Check site<br><br>Live performance by Sebastian Schub.<br><br><a href="https://www.songkick.com/metro-areas/24426-uk-london/2026">More info / tickets</a>]]></description>
      <styleUrl>#purple-dot.png</styleUrl>
      <Point>
        <coordinates>-0.129324,51.512953,0</coordinates>
      </Point>
    </Placemark>
    <Placemark>
      <name>Anna Graves and Bertie Newman</name>
      <description><![CDATA[<b>Anna Graves and Bertie Newman</b><br><i>Music</i><br>Thu 25th Jun<br>The Social, Shoreditch<br>Check site<br><br>Live act featuring Anna Graves and Bertie Newman.<br><br><a href="https://www.songkick.com/metro-areas/24426-uk-london/2026">More info / tickets</a>]]></description>
      <styleUrl>#purple-dot.png</styleUrl>
      <Point>
        <coordinates>-0.1408183,51.5173191,0</coordinates>
      </Point>
    </Placemark>
    <Placemark>
      <name>April Magazine and Teresa Winter</name>
      <description><![CDATA[<b>April Magazine and Teresa Winter</b><br><i>Music</i><br>Thu 25th Jun<br>The Lexington, Islington<br>Check site<br><br>Live performance by April Magazine and Teresa Winter.<br><br><a href="https://www.songkick.com/metro-areas/24426-uk-london/2026">More info / tickets</a>]]></description>
      <styleUrl>#purple-dot.png</styleUrl>
      <Point>
        <coordinates>-0.11145561125384369,51.5317715,0</coordinates>
      </Point>
    </Placemark>
    <Placemark>
      <name>Nadine Khouri</name>
      <description><![CDATA[<b>Nadine Khouri</b><br><i>Music</i><br>Thu 25th Jun<br>Elgar Room, Royal Albert Hall, South Kensington<br>Check site<br><br>Live performance by Nadine Khouri.<br><br><a href="https://www.songkick.com/metro-areas/24426-uk-london/2026">More info / tickets</a>]]></description>
      <styleUrl>#purple-dot.png</styleUrl>
      <Point>
        <coordinates>-0.1769488,51.4987022,0</coordinates>
      </Point>
    </Placemark>
    <Placemark>
      <name>Kloyd and Sket©h</name>
      <description><![CDATA[<b>Kloyd and Sket©h</b><br><i>Music</i><br>Thu 25th Jun<br>Next Door Records Two, London, UK<br>Check site<br><br>Live music performance by Kloyd and Sket©h.<br><br><a href="https://www.songkick.com/metro-areas/24426-uk-london/2026">More info / tickets</a>]]></description>
      <styleUrl>#purple-dot.png</styleUrl>
      <Point>
        <coordinates>-0.0742238,51.5565926,0</coordinates>
      </Point>
    </Placemark>
    <Placemark>
      <name>K, Le Maestro</name>
      <description><![CDATA[<b>K, Le Maestro</b><br><i>Music</i><br>Thu 25th Jun<br>The Orange Room, London, UK<br>Check site<br><br>Live music performance by K, Le Maestro.<br><br><a href="https://www.songkick.com/metro-areas/24426-uk-london/2026">More info / tickets</a>]]></description>
      <styleUrl>#purple-dot.png</styleUrl>
      <Point>
        <coordinates>-0.0004519,51.538907,0</coordinates>
      </Point>
    </Placemark>
    <Placemark>
      <name>90sBella and Mister S</name>
      <description><![CDATA[<b>90sBella and Mister S</b><br><i>Music</i><br>Thu 25th Jun<br>The Orange Room, London, UK<br>Check site<br><br>Live music performance by 90sBella and Mister S.<br><br><a href="https://www.songkick.com/metro-areas/24426-uk-london/2026">More info / tickets</a>]]></description>
      <styleUrl>#purple-dot.png</styleUrl>
      <Point>
        <coordinates>-0.0004519,51.538907,0</coordinates>
      </Point>
    </Placemark>
    <Placemark>
      <name>Embers</name>
      <description><![CDATA[<b>Embers</b><br><i>Music</i><br>Thu 25th Jun<br>Green Note, Camden, UK<br>Check site<br><br>Live music performance by Embers.<br><br><a href="https://www.songkick.com/metro-areas/24426-uk-london/2026">More info / tickets</a>]]></description>
      <styleUrl>#purple-dot.png</styleUrl>
      <Point>
        <coordinates>-0.1459464,51.5372895,0</coordinates>
      </Point>
    </Placemark>
    <Placemark>
      <name>JJerome87</name>
      <description><![CDATA[<b>JJerome87</b><br><i>Music</i><br>Thu 25th Jun<br>Bush Hall, London, UK<br>Free<br><br>Live music performance by JJerome87.<br><br><a href="https://www.songkick.com/metro-areas/24426-uk-london/2026">More info / tickets</a>]]></description>
      <styleUrl>#purple-dot.png</styleUrl>
      <Point>
        <coordinates>-0.2316807,51.5065603,0</coordinates>
      </Point>
    </Placemark>
    <Placemark>
      <name>Saha Gnawa</name>
      <description><![CDATA[<b>Saha Gnawa</b><br><i>Music</i><br>Thu 25th Jun<br>Ronnie Scott's Jazz Club, London, UK<br>Free<br><br>Traditional Gnawa music performance.<br><br><a href="https://www.songkick.com/metro-areas/24426-uk-london/2026">More info / tickets</a>]]></description>
      <styleUrl>#purple-dot.png</styleUrl>
      <Point>
        <coordinates>-0.1315652,51.5134283,0</coordinates>
      </Point>
    </Placemark>
    <Placemark>
      <name>Guilherme Monteiro, Jason Lindner, Daniel Freedman, and amino belyamani</name>
      <description><![CDATA[<b>Guilherme Monteiro, Jason Lindner, Daniel Freedman, and amino belyamani</b><br><i>Music</i><br>Thu 25th Jun<br>Ronnie Scott's Jazz Club, London, UK<br>Free<br><br>Jazz performance by multiple artists.<br><br><a href="https://www.songkick.com/metro-areas/24426-uk-london/2026">More info / tickets</a>]]></description>
      <styleUrl>#purple-dot.png</styleUrl>
      <Point>
        <coordinates>-0.1315652,51.5134283,0</coordinates>
      </Point>
    </Placemark>
    <Placemark>
      <name>Niklas Lukassen</name>
      <description><![CDATA[<b>Niklas Lukassen</b><br><i>Music</i><br>Thu 25th Jun<br>AMP Studios, London, UK<br>Check site<br><br>Live music performance by Niklas Lukassen.<br><br><a href="https://www.songkick.com/metro-areas/24426-uk-london/2026">More info / tickets</a>]]></description>
      <styleUrl>#purple-dot.png</styleUrl>
      <Point>
        <coordinates>-0.0965045,51.5236906,0</coordinates>
      </Point>
    </Placemark>
    <Placemark>
      <name>Naissam Jalal, Seán Carpio, and Mussinghi Brian Edwards</name>
      <description><![CDATA[<b>Naissam Jalal, Seán Carpio, and Mussinghi Brian Edwards</b><br><i>Music</i><br>Thu 25th Jun<br>AMP Studios, London, UK<br>Check site<br><br>Live music performance by multiple artists.<br><br><a href="https://www.songkick.com/metro-areas/24426-uk-london/2026">More info / tickets</a>]]></description>
      <styleUrl>#purple-dot.png</styleUrl>
      <Point>
        <coordinates>-0.0965045,51.5236906,0</coordinates>
      </Point>
    </Placemark>
    <Placemark>
      <name>Dug</name>
      <description><![CDATA[<b>Dug</b><br><i>Music</i><br>Thu 25th Jun<br>MOTH Club, London, UK<br>Check site<br><br>Live music performance by Dug at MOTH Club.<br><br><a href="https://www.songkick.com/metro-areas/24426-uk-london/2026">More info / tickets</a>]]></description>
      <styleUrl>#purple-dot.png</styleUrl>
      <Point>
        <coordinates>-0.0545582,51.5456817,0</coordinates>
      </Point>
    </Placemark>
    <Placemark>
      <name>Rua Rí</name>
      <description><![CDATA[<b>Rua Rí</b><br><i>Music</i><br>Thu 25th Jun<br>MOTH Club, London, UK<br>Check site<br><br>Live music performance by Rua Rí at MOTH Club.<br><br><a href="https://www.songkick.com/metro-areas/24426-uk-london/2026">More info / tickets</a>]]></description>
      <styleUrl>#purple-dot.png</styleUrl>
      <Point>
        <coordinates>-0.0545582,51.5456817,0</coordinates>
      </Point>
    </Placemark>
    <Placemark>
      <name>Hannah Scott</name>
      <description><![CDATA[<b>Hannah Scott</b><br><i>Music</i><br>Thu 25th Jun<br>The Water Rats, London, UK<br>Check site<br><br>Live music performance by Hannah Scott at The Water Rats.<br><br><a href="https://www.songkick.com/metro-areas/24426-uk-london/2026">More info / tickets</a>]]></description>
      <styleUrl>#purple-dot.png</styleUrl>
      <Point>
        <coordinates>-0.1195828,51.5290018,0</coordinates>
      </Point>
    </Placemark>
    <Placemark>
      <name>Every Hell</name>
      <description><![CDATA[<b>Every Hell</b><br><i>Music</i><br>Thu 25th Jun<br>Signature Brew - Haggerston, Haggerston<br>Check site<br><br>Live music performance by Every Hell at Signature Brew.<br><br><a href="https://www.songkick.com/metro-areas/24426-uk-london/2026">More info / tickets</a>]]></description>
      <styleUrl>#purple-dot.png</styleUrl>
      <Point>
        <coordinates>-0.0756943,51.5367031,0</coordinates>
      </Point>
    </Placemark>
    <Placemark>
      <name>Mother Vulture and Rootwork</name>
      <description><![CDATA[<b>Mother Vulture and Rootwork</b><br><i>Music</i><br>Thu 25th Jun<br>Signature Brew - Haggerston, Haggerston<br>Check site<br><br>Live music performance by Mother Vulture and Rootwork at Signature Brew.<br><br><a href="https://www.songkick.com/metro-areas/24426-uk-london/2026">More info / tickets</a>]]></description>
      <styleUrl>#purple-dot.png</styleUrl>
      <Point>
        <coordinates>-0.0756943,51.5367031,0</coordinates>
      </Point>
    </Placemark>
    <Placemark>
      <name>Seafoam Green</name>
      <description><![CDATA[<b>Seafoam Green</b><br><i>Music</i><br>Thu 25th Jun<br>Green Note, Camden, UK<br>Free<br><br>Live music performance by Seafoam Green.<br><br><a href="https://www.songkick.com/metro-areas/24426-uk-london/2026">More info / tickets</a>]]></description>
      <styleUrl>#purple-dot.png</styleUrl>
      <Point>
        <coordinates>-0.1459464,51.5372895,0</coordinates>
      </Point>
    </Placemark>
    <Placemark>
      <name>Lonnie Gunn</name>
      <description><![CDATA[<b>Lonnie Gunn</b><br><i>Music</i><br>Thu 25th Jun<br>Sebright Arms, London, UK<br>Check site<br><br>Live music performance by Lonnie Gunn.<br><br><a href="https://www.songkick.com/metro-areas/24426-uk-london/2026">More info / tickets</a>]]></description>
      <styleUrl>#purple-dot.png</styleUrl>
      <Point>
        <coordinates>-0.0695486,51.5331971,0</coordinates>
      </Point>
    </Placemark>
    <Placemark>
      <name>PSYCHØSIS</name>
      <description><![CDATA[<b>PSYCHØSIS</b><br><i>Music</i><br>Thu 25th Jun<br>Star of Kings, London, UK<br>Check site<br><br>Live music performance by PSYCHØSIS.<br><br><a href="https://www.songkick.com/metro-areas/24426-uk-london/2026">More info / tickets</a>]]></description>
      <styleUrl>#purple-dot.png</styleUrl>
      <Point>
        <coordinates>-0.121989,51.5363663,0</coordinates>
      </Point>
    </Placemark>
    <Placemark>
      <name>Ostinato</name>
      <description><![CDATA[<b>Ostinato</b><br><i>Music</i><br>Thu 25th Jun<br>Star of Kings, London, UK<br>Check site<br><br>Live music performance by Ostinato.<br><br><a href="https://www.songkick.com/metro-areas/24426-uk-london/2026">More info / tickets</a>]]></description>
      <styleUrl>#purple-dot.png</styleUrl>
      <Point>
        <coordinates>-0.121989,51.5363663,0</coordinates>
      </Point>
    </Placemark>
    <Placemark>
      <name>Frankie Morrow</name>
      <description><![CDATA[<b>Frankie Morrow</b><br><i>Music</i><br>Thu 25th Jun<br>The Ivy House, Nunhead<br>Check site<br><br>Live music performance by Frankie Morrow.<br><br><a href="https://www.songkick.com/metro-areas/24426-uk-london/2026">More info / tickets</a>]]></description>
      <styleUrl>#purple-dot.png</styleUrl>
      <Point>
        <coordinates>-0.0520962,51.4581957,0</coordinates>
      </Point>
    </Placemark>
    <Placemark>
      <name>djank and Tabby Barbera</name>
      <description><![CDATA[<b>djank and Tabby Barbera</b><br><i>Music</i><br>Thu 25th Jun<br>The Ivy House - Nunhead, Nunhead<br>Check site<br><br>Live music performance by djank and Tabby Barbera.<br><br><a href="https://www.songkick.com/metro-areas/24426-uk-london/2026">More info / tickets</a>]]></description>
      <styleUrl>#purple-dot.png</styleUrl>
      <Point>
        <coordinates>-0.0520962,51.4581957,0</coordinates>
      </Point>
    </Placemark>
    <Placemark>
      <name>Cyrano</name>
      <description><![CDATA[<b>Cyrano</b><br><i>Theatre</i><br>Thu 25th Jun<br>Sofar Sounds, London, UK<br>Check site<br><br>A theatrical performance of Cyrano.<br><br><a href="https://www.songkick.com/metro-areas/24426-uk-london/2026">More info / tickets</a>]]></description>
      <styleUrl>#blue-dot.png</styleUrl>
      <Point>
        <coordinates>-0.2688327,51.4930264,0</coordinates>
      </Point>
    </Placemark>
    <Placemark>
      <name>Mariella</name>
      <description><![CDATA[<b>Mariella</b><br><i>Music</i><br>Thu 25th Jun<br>The Lower Third, London, UK<br>Check site<br><br>Live music performance by Mariella.<br><br><a href="https://www.songkick.com/metro-areas/24426-uk-london/2026">More info / tickets</a>]]></description>
      <styleUrl>#purple-dot.png</styleUrl>
      <Point>
        <coordinates>-0.1291827,51.5155359,0</coordinates>
      </Point>
    </Placemark>
    <Placemark>
      <name>Stratos</name>
      <description><![CDATA[<b>Stratos</b><br><i>Music</i><br>Thu 25th Jun<br>Grow, London, UK<br>Check site<br><br>Live music performance by Stratos.<br><br><a href="https://www.songkick.com/metro-areas/24426-uk-london/2026">More info / tickets</a>]]></description>
      <styleUrl>#purple-dot.png</styleUrl>
      <Point>
        <coordinates>-0.053854,51.4366669,0</coordinates>
      </Point>
    </Placemark>
    <Placemark>
      <name>Heisk and Chloe Matharu</name>
      <description><![CDATA[<b>Heisk and Chloe Matharu</b><br><i>Music</i><br>Thu 25th Jun<br>Cecil Sharp House, Camden<br>Check site<br><br>Live music performance by Heisk and Chloe Matharu.<br><br><a href="https://www.songkick.com/metro-areas/24426-uk-london/2026">More info / tickets</a>]]></description>
      <styleUrl>#purple-dot.png</styleUrl>
      <Point>
        <coordinates>-0.1493219,51.5381466,0</coordinates>
      </Point>
    </Placemark>
    <Placemark>
      <name>The Bleeding Hours and Ruby Wednesday</name>
      <description><![CDATA[<b>The Bleeding Hours and Ruby Wednesday</b><br><i>Music</i><br>Thu 25th Jun<br>Walthamstow Trades Hall, Walthamstow<br>Check site<br><br>Live music performance by two bands.<br><br><a href="https://www.songkick.com/metro-areas/24426-uk-london/2026">More info / tickets</a>]]></description>
      <styleUrl>#purple-dot.png</styleUrl>
      <Point>
        <coordinates>-0.019033,51.588945,0</coordinates>
      </Point>
    </Placemark>
    <Placemark>
      <name>Justin Peng</name>
      <description><![CDATA[<b>Justin Peng</b><br><i>Music</i><br>Thu 25th Jun<br>Sofar Sounds, London, UK<br>Check site<br><br>Live performance by artist Justin Peng.<br><br><a href="https://www.songkick.com/metro-areas/24426-uk-london/2026">More info / tickets</a>]]></description>
      <styleUrl>#purple-dot.png</styleUrl>
      <Point>
        <coordinates>-0.2688327,51.4930264,0</coordinates>
      </Point>
    </Placemark>
    <Placemark>
      <name>Stephen Wilson Jnr.</name>
      <description><![CDATA[<b>Stephen Wilson Jnr.</b><br><i>Music</i><br>Thu 25th Jun<br>Signature Brew Blackhorse Road, Blackhorse Road<br>Check site<br><br>Live performance by Stephen Wilson Jnr.<br><br><a href="https://www.songkick.com/metro-areas/24426-uk-london/2026">More info / tickets</a>]]></description>
      <styleUrl>#purple-dot.png</styleUrl>
      <Point>
        <coordinates>-0.037283,51.583424,0</coordinates>
      </Point>
    </Placemark>
    <Placemark>
      <name>Foo Fighters</name>
      <description><![CDATA[<b>Foo Fighters</b><br><i>Music</i><br>Thu 25th Jun – Sun 28th Jun<br>Liverpool, UK, Liverpool<br>Free<br><br>Rock concert by the iconic band.<br><br><a href="https://guides.ticketmaster.co.uk/concerts-and-tours-guide-2-2/summer-gig-guide/">More info / tickets</a>]]></description>
      <styleUrl>#purple-dot.png</styleUrl>
      <Point>
        <coordinates>-0.0864414,51.5176474,0</coordinates>
      </Point>
    </Placemark>
    <Placemark>
      <name>Live at Powderham</name>
      <description><![CDATA[<b>Live at Powderham</b><br><i>Music</i><br>Thu 25th Jun – Sun 28th Jun<br>Powderham, Powderham<br>Free<br><br>Live music event at Powderham Castle.<br><br><a href="https://guides.ticketmaster.co.uk/concerts-and-tours-guide-2-2/summer-gig-guide/">More info / tickets</a>]]></description>
      <styleUrl>#purple-dot.png</styleUrl>
      <Point>
        <coordinates>-0.092813,51.514993,0</coordinates>
      </Point>
    </Placemark>
    <Placemark>
      <name>Soho Explorer Jazz Sessions</name>
      <description><![CDATA[<b>Soho Explorer Jazz Sessions</b><br><i>Music</i><br>Thu 25th Jun<br>Piano Bar Soho, Soho<br>Check site<br><br>Jazz performances in a Soho piano bar.<br><br><a href="https://www.london-theatreland.co.uk/shows/piano-bar-soho/soho-explorer-jazz-sessions-from-the-piano-bar/tickets/calendar">More info / tickets</a>]]></description>
      <styleUrl>#purple-dot.png</styleUrl>
      <Point>
        <coordinates>-0.1337852,51.5149415,0</coordinates>
      </Point>
    </Placemark>
    <Placemark>
      <name>The Cocktail Set from Piano Bar</name>
      <description><![CDATA[<b>The Cocktail Set from Piano Bar</b><br><i>Music</i><br>Thu 25th Jun<br>Piano Bar Soho, Soho<br>from £39<br><br>Live jazz performance with cocktails in Soho.<br><br><a href="https://www.london-theatreland.co.uk/shows/piano-bar-soho/the-cocktail-set-from-piano-bar-at-red-room-studios-soho-live-jazz/tickets/calendar">More info / tickets</a>]]></description>
      <styleUrl>#purple-dot.png</styleUrl>
      <Point>
        <coordinates>-0.1337852,51.5149415,0</coordinates>
      </Point>
    </Placemark>
    <Placemark>
      <name>Anna Graves</name>
      <description><![CDATA[<b>Anna Graves</b><br><i>Music</i><br>Thu 25th Jun<br>The Social<br>Check site<br><br>Live performance by Anna Graves at The Social.<br><br><a href="https://www.london-theatreland.co.uk/dates/2026/06/category/concert">More info / tickets</a>]]></description>
      <styleUrl>#purple-dot.png</styleUrl>
      <Point>
        <coordinates>-0.1669967,51.5518015,0</coordinates>
      </Point>
    </Placemark>
    <Placemark>
      <name>Harry Styles</name>
      <description><![CDATA[<b>Harry Styles</b><br><i>Music</i><br>Thu 25th Jun<br>London, UK, London<br>Check site<br><br>A concert by the British singer-songwriter.<br><br><a href="https://guides.ticketmaster.co.uk/city-guides/london/">More info / tickets</a>]]></description>
      <styleUrl>#purple-dot.png</styleUrl>
      <Point>
        <coordinates>-0.053854,51.4366669,0</coordinates>
      </Point>
    </Placemark>
    <Placemark>
      <name>Dane Baptiste and Steve Allen</name>
      <description><![CDATA[<b>Dane Baptiste and Steve Allen</b><br><i>Comedy</i><br>Thu 25th Jun<br>Comedy Carnival Covent Garden, Covent Garden<br>Check site<br><br>A comedy show featuring two stand-up comedians.<br><br><a href="https://www.songkick.com/metro-areas/24426-uk-london/2026/genre/comedy">More info / tickets</a>]]></description>
      <styleUrl>#blue-dot.png</styleUrl>
      <Point>
        <coordinates>-0.122534,51.51251,0</coordinates>
      </Point>
    </Placemark>
    <Placemark>
      <name>Fransis</name>
      <description><![CDATA[<b>Fransis</b><br><i>Music</i><br>Thu 25th Jun<br>The Roxy Basement Bar and Club<br>Free<br><br>Live music performance by Fransis.<br><br><a href="https://www.theroxy.co.uk/events/francis">More info / tickets</a>]]></description>
      <styleUrl>#purple-dot.png</styleUrl>
      <Point>
        <coordinates>-0.074351,51.524827,0</coordinates>
      </Point>
    </Placemark>
    <Placemark>
      <name>Radio Club</name>
      <description><![CDATA[<b>Radio Club</b><br><i>Nightlife</i><br>Thu 25th Jun – Fri 26th Jun<br>The ROXY<br>Free<br><br>Club night with radio-themed music and DJs.<br><br><a href="https://www.theroxy.co.uk/events/echo-9hnyc">More info / tickets</a>]]></description>
      <styleUrl>#purple-dot.png</styleUrl>
      <Point>
        <coordinates>-0.133066,51.516625,0</coordinates>
      </Point>
    </Placemark>
    <Placemark>
      <name>SOIRÉE X SELENE</name>
      <description><![CDATA[<b>SOIRÉE X SELENE</b><br><i>Nightlife</i><br>Thu 25th Jun<br>Selene Club, London<br>Check site<br><br>Summer kickoff party at Selene Club.<br><br><a href="https://www.skiddle.com/whats-on/London/june-events/">More info / tickets</a>]]></description>
      <styleUrl>#purple-dot.png</styleUrl>
      <Point>
        <coordinates>-0.176978,51.616029,0</coordinates>
      </Point>
    </Placemark>
    <Placemark>
      <name>Ivory Coast vs Curacao Watch Party</name>
      <description><![CDATA[<b>Ivory Coast vs Curacao Watch Party</b><br><i>Sport &amp; Fitness</i><br>Thu 25th Jun<br>GRAND EMPIRE, London<br>Check site<br><br>Official watch party for the Ivory Coast vs Curacao match.<br><br><a href="https://www.skiddle.com/whats-on/London/june-events/">More info / tickets</a>]]></description>
      <styleUrl>#ltblue-dot.png</styleUrl>
      <Point>
        <coordinates>-0.0190818,51.44687,0</coordinates>
      </Point>
    </Placemark>
    <Placemark>
      <name>RA Summer Exhibition</name>
      <description><![CDATA[<b>RA Summer Exhibition</b><br><i>Arts &amp; Culture</i><br>Thu 25th Jun – Sun 23rd Aug<br>Royal Academy of Arts, Piccadilly, London<br>Check site<br><br>RA Summer Exhibition is one of the highlights of the city’s artistic calendar – it’s been held every year since 1769 – and this year’s edition looks set to be another cracker. Ryan Gander OBE RA is coordinating this year’s show, which has the theme ‘Interconnectedness’, and will includes works in every possible medium<br><br><a href="https://londontheinside.com/map/exhibitions-2/">More info / tickets</a>]]></description>
      <styleUrl>#orange-dot.png</styleUrl>
      <Point>
        <coordinates>-0.134586,51.510276,0</coordinates>
      </Point>
    </Placemark>
    <Placemark>
      <name>David Hockney Exhibition</name>
      <description><![CDATA[<b>David Hockney Exhibition</b><br><i>Arts &amp; Culture</i><br>Thu 25th Jun – Sun 23rd Aug<br>Serpentine North Gallery, Kensington Gardens<br>Free<br><br>New works by David Hockney, including still lifes and portraits.<br><br><a href="https://londontheinside.com/map/exhibitions-2/">More info / tickets</a>]]></description>
      <styleUrl>#orange-dot.png</styleUrl>
      <Point>
        <coordinates>-0.1903443,51.51462585,0</coordinates>
      </Point>
    </Placemark>
    <Placemark>
      <name>Borehamwood/Elstree Nightlife Guide</name>
      <description><![CDATA[<b>Borehamwood/Elstree Nightlife Guide</b><br><i>Nightlife</i><br>Thu 25th Jun<br>Borehamwood/Elstree<br>Check site<br><br>Guide to nightlife spots in Borehamwood and Elstree.<br><br><a href="https://www.skiddle.com/whats-on/BorehamwoodElstree/nightlife-events/">More info / tickets</a>]]></description>
      <styleUrl>#purple-dot.png</styleUrl>
      <Point>
        <coordinates>-0.2736814,51.6571774,0</coordinates>
      </Point>
    </Placemark>
    <Placemark>
      <name>Bromley Nightlife Guide</name>
      <description><![CDATA[<b>Bromley Nightlife Guide</b><br><i>Nightlife</i><br>Thu 25th Jun<br>Bromley<br>Check site<br><br>Guide to nightlife spots in Bromley.<br><br><a href="https://www.skiddle.com/whats-on/Bromley/nightlife-events/">More info / tickets</a>]]></description>
      <styleUrl>#purple-dot.png</styleUrl>
      <Point>
        <coordinates>0.0148142,51.4028046,0</coordinates>
      </Point>
    </Placemark>
    <Placemark>
      <name>Dartford Nightlife Guide</name>
      <description><![CDATA[<b>Dartford Nightlife Guide</b><br><i>Nightlife</i><br>Thu 25th Jun<br>Dartford<br>Check site<br><br>Guide to nightlife spots in Dartford.<br><br><a href="https://www.skiddle.com/whats-on/Dartford/nightlife-events/">More info / tickets</a>]]></description>
      <styleUrl>#purple-dot.png</styleUrl>
      <Point>
        <coordinates>0.21807,51.4443059,0</coordinates>
      </Point>
    </Placemark>
    <Placemark>
      <name>Enfield Nightlife Guide</name>
      <description><![CDATA[<b>Enfield Nightlife Guide</b><br><i>Nightlife</i><br>Thu 25th Jun<br>Enfield<br>Check site<br><br>Guide to nightlife spots in Enfield.<br><br><a href="https://www.skiddle.com/whats-on/Enfield/nightlife-events/">More info / tickets</a>]]></description>
      <styleUrl>#purple-dot.png</styleUrl>
      <Point>
        <coordinates>-0.0810175,51.6520851,0</coordinates>
      </Point>
    </Placemark>
    <Placemark>
      <name>Harrow Nightlife Guide</name>
      <description><![CDATA[<b>Harrow Nightlife Guide</b><br><i>Nightlife</i><br>Thu 25th Jun<br>Harrow<br>Check site<br><br>A guide to nightlife spots in Harrow.<br><br><a href="https://www.skiddle.com/whats-on/Harrow/nightlife-events/">More info / tickets</a>]]></description>
      <styleUrl>#purple-dot.png</styleUrl>
      <Point>
        <coordinates>-0.3373046,51.5968271,0</coordinates>
      </Point>
    </Placemark>
    <Placemark>
      <name>Ilford Nightlife Guide</name>
      <description><![CDATA[<b>Ilford Nightlife Guide</b><br><i>Nightlife</i><br>Thu 25th Jun<br>Ilford<br>Check site<br><br>A guide to nightlife spots in Ilford.<br><br><a href="https://www.skiddle.com/whats-on/Ilford/nightlife-events/">More info / tickets</a>]]></description>
      <styleUrl>#purple-dot.png</styleUrl>
      <Point>
        <coordinates>0.0711669,51.5582734,0</coordinates>
      </Point>
    </Placemark>
    <Placemark>
      <name>Kingston Nightlife Guide</name>
      <description><![CDATA[<b>Kingston Nightlife Guide</b><br><i>Nightlife</i><br>Thu 25th Jun<br>Kingston Upon Thames<br>Check site<br><br>A guide to nightlife spots in Kingston.<br><br><a href="https://www.skiddle.com/whats-on/Kingston-Upon-Thames/nightlife-events/">More info / tickets</a>]]></description>
      <styleUrl>#purple-dot.png</styleUrl>
      <Point>
        <coordinates>-0.3062621,51.4096275,0</coordinates>
      </Point>
    </Placemark>
    <Placemark>
      <name>Uxbridge Nightlife Guide</name>
      <description><![CDATA[<b>Uxbridge Nightlife Guide</b><br><i>Nightlife</i><br>Thu 25th Jun<br>Uxbridge<br>Check site<br><br>A guide to nightlife spots in Uxbridge.<br><br><a href="https://www.skiddle.com/whats-on/Uxbridge/nightlife-events/">More info / tickets</a>]]></description>
      <styleUrl>#purple-dot.png</styleUrl>
      <Point>
        <coordinates>-0.4816672,51.5449509,0</coordinates>
      </Point>
    </Placemark>
    <Placemark>
      <name>Watford Nightlife Guide</name>
      <description><![CDATA[<b>Watford Nightlife Guide</b><br><i>Nightlife</i><br>Thu 25th Jun<br>Watford<br>Check site<br><br>A guide to nightlife spots in Watford.<br><br><a href="https://www.skiddle.com/whats-on/Watford/nightlife-events/">More info / tickets</a>]]></description>
      <styleUrl>#purple-dot.png</styleUrl>
      <Point>
        <coordinates>-0.3957425,51.6553875,0</coordinates>
      </Point>
    </Placemark>
    <Placemark>
      <name>Kinky Boots The Musical</name>
      <description><![CDATA[<b>Kinky Boots The Musical</b><br><i>Theatre</i><br>Thu 25th Jun – Sat 11th Jul<br>London Coliseum, West End<br>£18<br><br>Strut into the London Coliseum for *Kinky Boots*, a feel-good, six-time Tony award-winning musical starring Johannes Radebe and Matt Cardle in a brand-new production directed by Nikolai Foster.<br><br><a href="https://londoncoliseum.org/events/kinky-boots/#calendar">More info / tickets</a>]]></description>
      <styleUrl>#blue-dot.png</styleUrl>
      <Point>
        <coordinates>-0.099076,51.509648,0</coordinates>
      </Point>
    </Placemark>
    <Placemark>
      <name>Cyrano de Bergerac</name>
      <description><![CDATA[<b>Cyrano de Bergerac</b><br><i>Theatre</i><br>Thu 25th Jun – Sat 5th Sep<br>Noël Coward Theatre, West End<br>£19<br><br>Fiercely funny and intensely romantic, Cyrano lives by his words and his sword. Haunted by doubts about his own his appearance, he watched from the shadows as Roxane falls for another man. Handsome but hopeless with words, Christian turns to the one person who can help.<br><br><a href="https://www.londontheatre.co.uk/whats-on/london-theatre-week">More info / tickets</a>]]></description>
      <styleUrl>#blue-dot.png</styleUrl>
      <Point>
        <coordinates>-0.127356,51.511132,0</coordinates>
      </Point>
    </Placemark>
    <Placemark>
      <name>The Next Drag Superstar UK</name>
      <description><![CDATA[<b>The Next Drag Superstar UK</b><br><i>Nightlife</i><br>Thu 25th Jun<br>1 Curtain Road, Shoreditch, London, EC2A 3JX, Shoreditch<br>£1<br><br>Drag competition show in Shoreditch.<br><br><a href="https://www.eventbrite.co.uk/e/the-next-drag-superstar-uk-tickets-1991190006912">More info / tickets</a>]]></description>
      <styleUrl>#purple-dot.png</styleUrl>
      <Point>
        <coordinates>-0.0811526,51.522194,0</coordinates>
      </Point>
    </Placemark>
    <Placemark>
      <name>The Sleeping Beauty - English National Ballet</name>
      <description><![CDATA[<b>The Sleeping Beauty - English National Ballet</b><br><i>Theatre</i><br>Thu 25th Jun – Sun 28th Jun<br>Royal Albert Hall, West End<br>£18<br><br>Sir Kenneth MacMillan’s exquisite production of The Sleeping Beauty comes to the Royal Albert Hall for the first time.<br><br><a href="https://www.londontheatre.co.uk/whats-on/opening-soon">More info / tickets</a>]]></description>
      <styleUrl>#blue-dot.png</styleUrl>
      <Point>
        <coordinates>-0.134963,51.510805,0</coordinates>
      </Point>
    </Placemark>
    <Placemark>
      <name>To Kill a Mockingbird</name>
      <description><![CDATA[<b>To Kill a Mockingbird</b><br><i>Theatre</i><br>Thu 25th Jun – Sat 12th Sep<br>Wyndham's Theatre, West End<br>£26<br><br>Successful lawyer, Atticus Finch, encourages kindness and empathy in his children, but is pushed to the limits of these qualities himself when he resolves to uncover the truth in a town that seems determined to hide it.<br><br><a href="https://www.londontheatre.co.uk/whats-on/opening-soon">More info / tickets</a>]]></description>
      <styleUrl>#blue-dot.png</styleUrl>
      <Point>
        <coordinates>-0.0728652,51.5409862,0</coordinates>
      </Point>
    </Placemark>
    <Placemark>
      <name>Kitchen Aid Pop-Up</name>
      <description><![CDATA[<b>Kitchen Aid Pop-Up</b><br><i>Food &amp; Drink</i><br>Thu 25th Jun<br>Bernie Gardens, Southbank<br>Free<br><br>London pop ups. Part 1 Kitchen Aid 📍 Bernie Gardens, Southbank 📆 24-25 June 🕒 8am-8pm Enjoy free iced coffee. Exclusive recipes. Trufru 📍 81 Westbourne Grove 📆 25 June 🕒 4-6pm Be in the chance to grab a swimwear item. 150 up for grabs. Will you be one of them? BTS POP UP 📍 Future Store. Oxford street 📆 26 June - 12...<br><br><a href="https://www.tiktok.com/en/trending/detail/pop-up-events-in-london">More info / tickets</a>]]></description>
      <styleUrl>#red-dot.png</styleUrl>
      <Point>
        <coordinates>-0.1092817,51.5078692,0</coordinates>
      </Point>
    </Placemark>
    <Placemark>
      <name>Minkadink London Pop-Up</name>
      <description><![CDATA[<b>Minkadink London Pop-Up</b><br><i>Arts &amp; Social</i><br>Thu 25th Jun<br>Minkadink, Soho<br>Free<br><br>Pop-up event with times to be confirmed.<br><br><a href="https://www.tiktok.com/en/trending/detail/pop-up-events-in-london">More info / tickets</a>]]></description>
      <styleUrl>#yellow-dot.png</styleUrl>
      <Point>
        <coordinates>-0.13535,51.5144,0</coordinates>
      </Point>
    </Placemark>
    <Placemark>
      <name>CHANEL ROUGE COCO HYDRA GLOSS POP-UP</name>
      <description><![CDATA[<b>CHANEL ROUGE COCO HYDRA GLOSS POP-UP</b><br><i>Arts &amp; Social</i><br>Thu 25th Jun – Sun 28th Jun<br>Selfridges, 400 Oxford Street, London W1A 1AB (Ground Floor), Oxford Street<br>Free<br><br>Explore the new Rouge Coco Hydra Gloss collection, enjoy complimentary themed lemonade, and receive a free CHANEL beauty magazine with purchases.<br><br><a href="https://www.tiktok.com/en/trending/detail/pop-up-events-in-london">More info / tickets</a>]]></description>
      <styleUrl>#yellow-dot.png</styleUrl>
      <Point>
        <coordinates>-0.153911,51.5148279,0</coordinates>
      </Point>
    </Placemark>
    <Placemark>
      <name>Mamma Mia! It's An ABBA Afterparty</name>
      <description><![CDATA[<b>Mamma Mia! It's An ABBA Afterparty</b><br><i>Nightlife</i><br>Thu 25th Jun<br>Snoozebox Olympic Park, Stratford<br>Free<br><br>ABBA-themed afterparty with dancing, food, and drinks.<br><br><a href="https://www.designmynight.com/london/free-things-to-do-london-this-weekend">More info / tickets</a>]]></description>
      <styleUrl>#purple-dot.png</styleUrl>
      <Point>
        <coordinates>-0.013763535952204406,51.5348968,0</coordinates>
      </Point>
    </Placemark>
    <Placemark>
      <name>All About House</name>
      <description><![CDATA[<b>All About House</b><br><i>Music</i><br>Fri 26th Jun<br>Egg London, London<br>Free<br><br>House music event with DJs.<br><br><a href="https://egglondon.co.uk/events/">More info / tickets</a>]]></description>
      <styleUrl>#purple-dot.png</styleUrl>
      <Point>
        <coordinates>-0.1247881,51.5418275,0</coordinates>
      </Point>
    </Placemark>
    <Placemark>
      <name>Uruguay vs Spain</name>
      <description><![CDATA[<b>Uruguay vs Spain</b><br><i>Sport &amp; Fitness</i><br>Fri 26th Jun<br>Egg London, London<br>Free<br><br>Free live screening of the football match.<br><br><a href="https://egglondon.co.uk/events/">More info / tickets</a>]]></description>
      <styleUrl>#ltblue-dot.png</styleUrl>
      <Point>
        <coordinates>-0.1247881,51.5418275,0</coordinates>
      </Point>
    </Placemark>
    <Placemark>
      <name>The LipSinkers</name>
      <description><![CDATA[<b>The LipSinkers</b><br><i>Nightlife</i><br>Fri 26th Jun<br>The Two Brewers, Clapham, Clapham<br>£15<br><br>The LipSinkers continue their 20th year in showbiz with another explosive night of lip-sync, drag and theatrical mayhem at The Two Brewers. Gloriously chaotic and… \n<br><br><a href="https://eventsforlondon.co.uk/event/the-lipsinkers-at-two-brewers-clapham-7/">More info / tickets</a>]]></description>
      <styleUrl>#purple-dot.png</styleUrl>
      <Point>
        <coordinates>-0.067038,51.596872,0</coordinates>
      </Point>
    </Placemark>
    <Placemark>
      <name>Spectrum 2</name>
      <description><![CDATA[<b>Spectrum 2</b><br><i>Music</i><br>Fri 26th Jun – Sat 27th Jun<br>Islington Arts Club, Islington<br>£5<br><br>Underground club night with house, UKG, breaks, and DnB.<br><br><a href="https://www.skiddle.com/whats-on/events/London/?genre=80">More info / tickets</a>]]></description>
      <styleUrl>#purple-dot.png</styleUrl>
      <Point>
        <coordinates>-0.10292,51.536187,0</coordinates>
      </Point>
    </Placemark>
    <Placemark>
      <name>SNAIL MAIL</name>
      <description><![CDATA[<b>SNAIL MAIL</b><br><i>Music</i><br>Fri 26th Jun<br>Electric Ballroom, Camden<br>£29.50<br><br>Live music performance by the indie rock band.<br><br><a href="https://electricballroom.co.uk/whats-on/">More info / tickets</a>]]></description>
      <styleUrl>#purple-dot.png</styleUrl>
      <Point>
        <coordinates>-0.142943,51.5397245,0</coordinates>
      </Point>
    </Placemark>
    <Placemark>
      <name>5 world-class stand up comedians</name>
      <description><![CDATA[<b>5 world-class stand up comedians</b><br><i>Comedy</i><br>Fri 26th Jun<br>The Comedy Store, London<br>From £12<br><br>Five top stand-up comedians perform live.<br><br><a href="https://london.thecomedystore.co.uk/whats-on/regular-shows">More info / tickets</a>]]></description>
      <styleUrl>#blue-dot.png</styleUrl>
      <Point>
        <coordinates>-0.1322569,51.5101213,0</coordinates>
      </Point>
    </Placemark>
    <Placemark>
      <name>Tai Chi Sessions at Kew Gardens</name>
      <description><![CDATA[<b>Tai Chi Sessions at Kew Gardens</b><br><i>Wellness</i><br>Fri 26th Jun – Fri 11th Sep<br>Royal Botanic Gardens, Kew, Kew<br>From £33<br><br>Gentle tai chi classes in the serene Royal Botanic Gardens.<br><br><a href="https://feverup.com/en/london/nightlife-clubs">More info / tickets</a>]]></description>
      <styleUrl>#ltblue-dot.png</styleUrl>
      <Point>
        <coordinates>-0.2968861,51.4781974,0</coordinates>
      </Point>
    </Placemark>
    <Placemark>
      <name>The Longevity Show</name>
      <description><![CDATA[<b>The Longevity Show</b><br><i>Wellness</i><br>Fri 26th Jun – Sat 27th Jun<br>Tobacco Dock<br>Check site<br><br>A wellness festival featuring top names in longevity at Tobacco Dock.<br><br><a href="https://londontheinside.com/whats-on-this-week/">More info / tickets</a>]]></description>
      <styleUrl>#ltblue-dot.png</styleUrl>
      <Point>
        <coordinates>-0.0594729,51.5083074,0</coordinates>
      </Point>
    </Placemark>
    <Placemark>
      <name>Refugee Week at Southbank Centre</name>
      <description><![CDATA[<b>Refugee Week at Southbank Centre</b><br><i>Cultural</i><br>Fri 26th Jun – Sun 28th Jun<br>Southbank Centre<br>Check site<br><br>Celebrating refugee resilience and creativity with performances and talks.<br><br><a href="https://londontheinside.com/whats-on-this-week/">More info / tickets</a>]]></description>
      <styleUrl>#orange-dot.png</styleUrl>
      <Point>
        <coordinates>-0.116787,51.5057791,0</coordinates>
      </Point>
    </Placemark>
    <Placemark>
      <name>Spitz Live - Jazz and Blues</name>
      <description><![CDATA[<b>Spitz Live - Jazz and Blues</b><br><i>Music</i><br>Fri 26th Jun<br>Old Spitalfields Market, Spitalfields<br>Check site<br><br>Special jazz and blues performances at the market.<br><br><a href="https://oldspitalfieldsmarket.com/events">More info / tickets</a>]]></description>
      <styleUrl>#purple-dot.png</styleUrl>
      <Point>
        <coordinates>-0.075363,51.5196,0</coordinates>
      </Point>
    </Placemark>
    <Placemark>
      <name>Silent Disco</name>
      <description><![CDATA[<b>Silent Disco</b><br><i>Music</i><br>Fri 26th Jun<br>Natural History Museum, South Kensington<br>£36 – £42<br><br>silent disco may not be the first activity that springs to mind when someone mentions the Natural History Museum, but it’s one of London’s more unusual hot tickets …<br><br><a href="https://londoncheapo.com/events/silent-disco-at-the-natural-history-museum/20260626/">More info / tickets</a>]]></description>
      <styleUrl>#purple-dot.png</styleUrl>
      <Point>
        <coordinates>-0.17600190725447445,51.496510900000004,0</coordinates>
      </Point>
    </Placemark>
    <Placemark>
      <name>GOU,TIQUE</name>
      <description><![CDATA[<b>GOU,TIQUE</b><br><i>Music</i><br>Fri 26th Jun<br>Dream Bags Jaguar Shoes, 32–36 Kingsland Road, E2 8DA<br>Check site<br><br>Peggy Gou and Gudu Records pop-up collaboration.<br><br><a href="https://scouts.yutori.com/inbox/219d1f20-0546-4157-9f07-4d2e598de11a">More info / tickets</a>]]></description>
      <styleUrl>#purple-dot.png</styleUrl>
      <Point>
        <coordinates>-0.0777633,51.5280697,0</coordinates>
      </Point>
    </Placemark>
    <Placemark>
      <name>The Furious</name>
      <description><![CDATA[<b>The Furious</b><br><i>Theatre</i><br>Fri 26th Jun<br>Rio Cinema, Dalston<br>Check site<br><br>A film screening at the Rio Cinema.<br><br><a href="https://riocinema.org.uk/Rio.dll/WhatsOn">More info / tickets</a>]]></description>
      <styleUrl>#blue-dot.png</styleUrl>
      <Point>
        <coordinates>-0.0755805,51.5496199,0</coordinates>
      </Point>
    </Placemark>
    <Placemark>
      <name>La La Land</name>
      <description><![CDATA[<b>La La Land</b><br><i>Arts &amp; Culture</i><br>Fri 26th Jun<br>The Prince Charles Cinema, Leicester Square<br>$200<br><br>A screening of the musical film La La Land.<br><br><a href="https://princecharlescinema.com/film/1787253/la-la-land">More info / tickets</a>]]></description>
      <styleUrl>#orange-dot.png</styleUrl>
      <Point>
        <coordinates>-0.129716,51.510963,0</coordinates>
      </Point>
    </Placemark>
    <Placemark>
      <name>IN THE MOOD FOR LOVE</name>
      <description><![CDATA[<b>IN THE MOOD FOR LOVE</b><br><i>Arts &amp; Culture</i><br>Fri 26th Jun<br>Prince Charles Cinema, London<br>$200<br><br>A romantic film screening in 35mm.<br><br><a href="https://princecharlescinema.com/next-7-days/">More info / tickets</a>]]></description>
      <styleUrl>#orange-dot.png</styleUrl>
      <Point>
        <coordinates>-0.130123,51.511482,0</coordinates>
      </Point>
    </Placemark>
    <Placemark>
      <name>Mulholland Dr.</name>
      <description><![CDATA[<b>Mulholland Dr.</b><br><i>Arts &amp; Culture</i><br>Fri 26th Jun<br>Prince Charles Cinema, London<br>$200<br><br>A cult neo-noir film screening at Prince Charles Cinema.<br><br><a href="https://princecharlescinema.com/next-7-days/">More info / tickets</a>]]></description>
      <styleUrl>#orange-dot.png</styleUrl>
      <Point>
        <coordinates>-0.130123,51.511482,0</coordinates>
      </Point>
    </Placemark>
    <Placemark>
      <name>Scorsese Shorts</name>
      <description><![CDATA[<b>Scorsese Shorts</b><br><i>Arts &amp; Culture</i><br>Fri 26th Jun<br>Prince Charles Cinema, London<br>Free<br><br>A selection of Martin Scorsese's short films.<br><br><a href="https://princecharlescinema.com/next-7-days/">More info / tickets</a>]]></description>
      <styleUrl>#orange-dot.png</styleUrl>
      <Point>
        <coordinates>-0.130123,51.511482,0</coordinates>
      </Point>
    </Placemark>
    <Placemark>
      <name>A Better Tomorrow</name>
      <description><![CDATA[<b>A Better Tomorrow</b><br><i>Arts &amp; Culture</i><br>Fri 26th Jun<br>Prince Charles Cinema, London<br>Check site<br><br>A Hong Kong action film classic.<br><br><a href="https://princecharlescinema.com/next-7-days/">More info / tickets</a>]]></description>
      <styleUrl>#orange-dot.png</styleUrl>
      <Point>
        <coordinates>-0.130123,51.511482,0</coordinates>
      </Point>
    </Placemark>
    <Placemark>
      <name>2001: A Space Odyssey</name>
      <description><![CDATA[<b>2001: A Space Odyssey</b><br><i>Arts &amp; Culture</i><br>Fri 26th Jun<br>Prince Charles Cinema, London<br>$200<br><br>Stanley Kubrick's sci-fi masterpiece in 70mm.<br><br><a href="https://princecharlescinema.com/next-7-days/">More info / tickets</a>]]></description>
      <styleUrl>#orange-dot.png</styleUrl>
      <Point>
        <coordinates>-0.130123,51.511482,0</coordinates>
      </Point>
    </Placemark>
    <Placemark>
      <name>Friday Stand Up Comedy Early Show</name>
      <description><![CDATA[<b>Friday Stand Up Comedy Early Show</b><br><i>Comedy</i><br>Fri 26th Jun<br>170 Drury Lane<br>£11<br><br>Early evening comedy show with stand-up performers.<br><br><a href="https://thetopsecretcomedyclub.co.uk/events-listings/friday-early-37/">More info / tickets</a>]]></description>
      <styleUrl>#blue-dot.png</styleUrl>
      <Point>
        <coordinates>-0.1229779,51.5153948,0</coordinates>
      </Point>
    </Placemark>
    <Placemark>
      <name>Friday Stand Up Comedy 8pm Show</name>
      <description><![CDATA[<b>Friday Stand Up Comedy 8pm Show</b><br><i>Comedy</i><br>Fri 26th Jun<br>23 Kingsway<br>£15<br><br>Evening comedy show with stand-up performers.<br><br><a href="https://thetopsecretcomedyclub.co.uk/events-listings/friday-8pm-show-55/">More info / tickets</a>]]></description>
      <styleUrl>#blue-dot.png</styleUrl>
      <Point>
        <coordinates>-0.2316755,51.3976177,0</coordinates>
      </Point>
    </Placemark>
    <Placemark>
      <name>Friday Stand Up Comedy Late Show</name>
      <description><![CDATA[<b>Friday Stand Up Comedy Late Show</b><br><i>Comedy</i><br>Fri 26th Jun<br>170 Drury Lane<br>£18<br><br>Late-night comedy show with stand-up performers.<br><br><a href="https://thetopsecretcomedyclub.co.uk/events-listings/friday-late-show-44/">More info / tickets</a>]]></description>
      <styleUrl>#blue-dot.png</styleUrl>
      <Point>
        <coordinates>-0.1229779,51.5153948,0</coordinates>
      </Point>
    </Placemark>
    <Placemark>
      <name>Friday Stand Up Comedy 10pm Show</name>
      <description><![CDATA[<b>Friday Stand Up Comedy 10pm Show</b><br><i>Comedy</i><br>Fri 26th Jun<br>23 Kingsway<br>£11<br><br>Late-night comedy show with stand-up performers.<br><br><a href="https://thetopsecretcomedyclub.co.uk/events-listings/friday-10pm-show-41/">More info / tickets</a>]]></description>
      <styleUrl>#blue-dot.png</styleUrl>
      <Point>
        <coordinates>-0.2316755,51.3976177,0</coordinates>
      </Point>
    </Placemark>
    <Placemark>
      <name>The Gargle Live!</name>
      <description><![CDATA[<b>The Gargle Live!</b><br><i>Comedy</i><br>Fri 26th Jun<br>The Bill Murray, Islington<br>£11.25<br><br>Comedy show featuring multiple performers.<br><br><a href="https://www.angelcomedy.co.uk/bill-murray/">More info / tickets</a>]]></description>
      <styleUrl>#blue-dot.png</styleUrl>
      <Point>
        <coordinates>-0.098819,51.536251,0</coordinates>
      </Point>
    </Placemark>
    <Placemark>
      <name>Angel Comedy Fridays</name>
      <description><![CDATA[<b>Angel Comedy Fridays</b><br><i>Comedy</i><br>Fri 26th Jun<br>The Bill Murray, Islington<br>Free<br><br>Stand-up comedy night at The Bill Murray.<br><br><a href="https://www.angelcomedy.co.uk/bill-murray/">More info / tickets</a>]]></description>
      <styleUrl>#blue-dot.png</styleUrl>
      <Point>
        <coordinates>-0.098819,51.536251,0</coordinates>
      </Point>
    </Placemark>
    <Placemark>
      <name>The Ritual: Midsummer Special</name>
      <description><![CDATA[<b>The Ritual: Midsummer Special</b><br><i>Comedy</i><br>Fri 26th Jun<br>The Bill Murray, Islington<br>£11.70<br><br>Comedy show with a summer twist.<br><br><a href="https://www.angelcomedy.co.uk/bill-murray/">More info / tickets</a>]]></description>
      <styleUrl>#blue-dot.png</styleUrl>
      <Point>
        <coordinates>-0.098819,51.536251,0</coordinates>
      </Point>
    </Placemark>
    <Placemark>
      <name>1996: A celebration of the wildest year of Britain’s wildest</name>
      <description><![CDATA[<b>1996: A celebration of the wildest year of Britain’s wildest</b><br><i>Cultural</i><br>Fri 26th Jun<br>Barbican Centre, London<br>FREE<br><br>Relive the 90s with music, fashion, and football from Cool Britannia.<br><br><a href="https://www.barbican.org.uk/whats-on">More info / tickets</a>]]></description>
      <styleUrl>#orange-dot.png</styleUrl>
      <Point>
        <coordinates>-0.0938978,51.5198645,0</coordinates>
      </Point>
    </Placemark>
    <Placemark>
      <name>Concrete and Clay: Archiving the Barbican</name>
      <description><![CDATA[<b>Concrete and Clay: Archiving the Barbican</b><br><i>Arts &amp; Culture</i><br>Fri 26th Jun<br>Barbican Centre, London<br>FREE<br><br>A free installation exploring the Barbican’s history and architecture.<br><br><a href="https://www.barbican.org.uk/whats-on">More info / tickets</a>]]></description>
      <styleUrl>#orange-dot.png</styleUrl>
      <Point>
        <coordinates>-0.0938978,51.5198645,0</coordinates>
      </Point>
    </Placemark>
    <Placemark>
      <name>In Other Worlds</name>
      <description><![CDATA[<b>In Other Worlds</b><br><i>Arts &amp; Culture</i><br>Fri 26th Jun<br>Barbican Centre, London<br>£20.50<br><br>An immersive exhibition inviting visitors to explore the future.<br><br><a href="https://www.barbican.org.uk/whats-on/2026/event/in-other-worlds">More info / tickets</a>]]></description>
      <styleUrl>#orange-dot.png</styleUrl>
      <Point>
        <coordinates>-0.0938978,51.5198645,0</coordinates>
      </Point>
    </Placemark>
    <Placemark>
      <name>Relaxed Screening: Romereda</name>
      <description><![CDATA[<b>Relaxed Screening: Romereda</b><br><i>Theatre</i><br>Fri 26th Jun<br>Barbican Centre, London<br>£7.50<br><br>A Spanish arthouse film about memory and upbringing, part of a semi-autobiographical trilogy.<br><br><a href="https://www.barbican.org.uk/whats-on/2026/event/relaxed-screening-romeria">More info / tickets</a>]]></description>
      <styleUrl>#blue-dot.png</styleUrl>
      <Point>
        <coordinates>-0.0938978,51.5198645,0</coordinates>
      </Point>
    </Placemark>
    <Placemark>
      <name>How to Live on Earth</name>
      <description><![CDATA[<b>How to Live on Earth</b><br><i>Arts &amp; Culture</i><br>Fri 26th Jun<br>Barbican Centre, London<br>£15.50<br><br>A documentary on solving global challenges by working with nature, narrated by Benedict Cumberbatch.<br><br><a href="https://www.barbican.org.uk/whats-on/2026/event/how-to-live-on-earth">More info / tickets</a>]]></description>
      <styleUrl>#orange-dot.png</styleUrl>
      <Point>
        <coordinates>-0.0938978,51.5198645,0</coordinates>
      </Point>
    </Placemark>
    <Placemark>
      <name>The Last Viking</name>
      <description><![CDATA[<b>The Last Viking</b><br><i>Theatre</i><br>Fri 26th Jun<br>Barbican Centre, Barbican<br>£15.50<br><br>A black comedy starring Mads Mikkelsen and Nikolaj Lie Kaas.<br><br><a href="https://www.barbican.org.uk/whats-on/2026/event/the-last-viking">More info / tickets</a>]]></description>
      <styleUrl>#blue-dot.png</styleUrl>
      <Point>
        <coordinates>-0.09396929352451569,51.5198685,0</coordinates>
      </Point>
    </Placemark>
    <Placemark>
      <name>Highgate School’s Dance Production</name>
      <description><![CDATA[<b>Highgate School’s Dance Production</b><br><i>Theatre</i><br>Fri 26th Jun<br>Pentland Theatre<br>Free<br><br>A dance performance by Highgate School students.<br><br><a href="https://www.artsdepot.co.uk/event/highgate-schools-dance-production-2/#book-now">More info / tickets</a>]]></description>
      <styleUrl>#blue-dot.png</styleUrl>
      <Point>
        <coordinates>-0.1209334,51.5101801,0</coordinates>
      </Point>
    </Placemark>
    <Placemark>
      <name>Hand in Hand</name>
      <description><![CDATA[<b>Hand in Hand</b><br><i>Arts &amp; Culture</i><br>Fri 26th Jun – Sun 9th Aug<br>Elizabeth Xi Bauer, Exmouth Market, Islington<br>Check site<br><br>New work by Lidia Lisbôa and Thiago Barbalho - two artists grounded in handmade processes<br><br><a href="https://www.galleriesnow.net/shows/hand-in-hand-2/">More info / tickets</a>]]></description>
      <styleUrl>#orange-dot.png</styleUrl>
      <Point>
        <coordinates>-0.109343,51.525788,0</coordinates>
      </Point>
    </Placemark>
    <Placemark>
      <name>SUPERGIRL</name>
      <description><![CDATA[<b>SUPERGIRL</b><br><i>Theatre</i><br>Fri 26th Jun<br>Genesis Cinema, Whitechapel<br>£30<br><br>A superhero film about Kara Zor-El facing an enemy and discovering her path as a hero.<br><br><a href="https://www.picturehouses.com/movie-details/000/HO00018145/supergirl?filter=">More info / tickets</a>]]></description>
      <styleUrl>#blue-dot.png</styleUrl>
      <Point>
        <coordinates>-0.051241,51.521296,0</coordinates>
      </Point>
    </Placemark>
    <Placemark>
      <name>TOY STORY 5</name>
      <description><![CDATA[<b>TOY STORY 5</b><br><i>Family</i><br>Fri 26th Jun<br>Genesis Cinema, Whitechapel<br>£30<br><br>Toy Story 5,' and this time it's Toy meets Tech. Woody (voice of Tom Hanks), Buzz Lightyear (voice of Tim Allen), Jessie (voice of Joan Cusack) and the rest of the gang's jobs are challenged when they come face-to-face with Lilypad (voice of Greta Lee), a brand-new tablet device that arrives with her own disruptive ide<br><br><a href="https://www.picturehouses.com/movie-details/000/HO00018087/toy-story-5?filter=">More info / tickets</a>]]></description>
      <styleUrl>#green-dot.png</styleUrl>
      <Point>
        <coordinates>-0.051241,51.521296,0</coordinates>
      </Point>
    </Placemark>
    <Placemark>
      <name>Visit a garden: Church Gardens</name>
      <description><![CDATA[<b>Visit a garden: Church Gardens</b><br><i>Arts &amp; Culture</i><br>Fri 26th Jun<br>Church Hill, Harefield<br>£7.50<br><br>Explore C17 Renaissance walled gardens with organic kitchen gardens.<br><br><a href="https://www.ianvisits.co.uk/calendar/weekend/">More info / tickets</a>]]></description>
      <styleUrl>#orange-dot.png</styleUrl>
      <Point>
        <coordinates>-0.1062472,51.6358477,0</coordinates>
      </Point>
    </Placemark>
    <Placemark>
      <name>Kite festival on Hampstead Heath</name>
      <description><![CDATA[<b>Kite festival on Hampstead Heath</b><br><i>Family</i><br>Fri 26th Jun<br>Parliament Hill, Hampstead Heath<br>Free<br><br>A gathering to fly kites on Parliament Hill.<br><br><a href="https://www.ianvisits.co.uk/calendar/kite-festival-on-hampstead-heath-431381/">More info / tickets</a>]]></description>
      <styleUrl>#green-dot.png</styleUrl>
      <Point>
        <coordinates>-0.1597717,51.5596203,0</coordinates>
      </Point>
    </Placemark>
    <Placemark>
      <name>Tall sailing ship passing through Tower Bridge</name>
      <description><![CDATA[<b>Tall sailing ship passing through Tower Bridge</b><br><i>Cultural</i><br>Fri 26th Jun<br>Tower Bridge, Tower Bridge<br>Free<br><br>The TS Royalist, a Sea Cadets training ship, sails through Tower Bridge.<br><br><a href="https://www.ianvisits.co.uk/calendar/tall-sailing-ship-passing-through-tower-bridge-2-431908/">More info / tickets</a>]]></description>
      <styleUrl>#orange-dot.png</styleUrl>
      <Point>
        <coordinates>-0.0753662,51.5055166,0</coordinates>
      </Point>
    </Placemark>
    <Placemark>
      <name>Shaken Not Stirred: Improvised James Bond Film</name>
      <description><![CDATA[<b>Shaken Not Stirred: Improvised James Bond Film</b><br><i>Theatre</i><br>Fri 26th Jun<br>The Rosemary Branch<br>Tickets from £13.20<br><br>An improvised James Bond film based on audience suggestions.<br><br><a href="https://rosemarybranchtheatre.designmynight.com/615f1db83243b801415d0410/shaken-not-stirred-the-improvised-james-bond-film-plus-special-guests">More info / tickets</a>]]></description>
      <styleUrl>#blue-dot.png</styleUrl>
      <Point>
        <coordinates>-0.0869273,51.5375955,0</coordinates>
      </Point>
    </Placemark>
    <Placemark>
      <name>Celine &amp; Cher: Divine Divas</name>
      <description><![CDATA[<b>Celine &amp; Cher: Divine Divas</b><br><i>Music</i><br>Fri 26th Jun<br>The Rosemary Branch<br>Tickets from £13.20<br><br>A celebration of Celine Dion and Cher through music and wisdom.<br><br><a href="https://rosemarybranchtheatre.designmynight.com/6a184feab7029ab30b1892ea/celine-cher-divine-divas">More info / tickets</a>]]></description>
      <styleUrl>#purple-dot.png</styleUrl>
      <Point>
        <coordinates>-0.0869273,51.5375955,0</coordinates>
      </Point>
    </Placemark>
    <Placemark>
      <name>Backyard Comedy Club</name>
      <description><![CDATA[<b>Backyard Comedy Club</b><br><i>Comedy</i><br>Fri 26th Jun<br>Backyard Comedy Club, Bethnal Green<br>from £12.50<br><br>Top comedians perform in Bethnal Green.<br><br><a href="https://backyardbarcomedyclub.designmynight.com/5f5f8aa6a7ce831e7703edca/backyard-comedy-club-friday-night-1">More info / tickets</a>]]></description>
      <styleUrl>#blue-dot.png</styleUrl>
      <Point>
        <coordinates>-0.0554864,51.5253332,0</coordinates>
      </Point>
    </Placemark>
    <Placemark>
      <name>A Tasting Tour Of London's Craft Breweries</name>
      <description><![CDATA[<b>A Tasting Tour Of London's Craft Breweries</b><br><i>Food &amp; Drink</i><br>Fri 26th Jun<br>Southwark Brewing, Bermondsey<br>£49<br><br>A guided tour of Bermondsey breweries with tastings and insights into hops.<br><br><a href="https://www.designmynight.com/london/whats-on/best-events-in-may">More info / tickets</a>]]></description>
      <styleUrl>#red-dot.png</styleUrl>
      <Point>
        <coordinates>-0.0771444,51.5005941,0</coordinates>
      </Point>
    </Placemark>
    <Placemark>
      <name>Friday Night Comedy</name>
      <description><![CDATA[<b>Friday Night Comedy</b><br><i>Comedy</i><br>Fri 26th Jun – Fri 28th Aug<br>Backyard Comedy Club, Bethnal Green<br>Free<br><br>Established and up-and-coming comedians perform at this popular Bethnal Green club.<br><br><a href="https://www.londontheatres.com/events/comedy">More info / tickets</a>]]></description>
      <styleUrl>#blue-dot.png</styleUrl>
      <Point>
        <coordinates>-0.0554864,51.5253332,0</coordinates>
      </Point>
    </Placemark>
    <Placemark>
      <name>International Comedy Showcase</name>
      <description><![CDATA[<b>International Comedy Showcase</b><br><i>Comedy</i><br>Fri 26th Jun – Fri 31st Jul<br>Comedy Carnival Covent Garden, Covent Garden<br>Free<br><br>International Comedy Showcase - World-class stand up comedy with an unapologetic edge. Experience London?s best international stand up comedy show, at Comedy Carnival in Covent Garden. Enjoy award-winning comedians from across the globe.<br><br><a href="https://www.londontheatres.com/events/comedy">More info / tickets</a>]]></description>
      <styleUrl>#blue-dot.png</styleUrl>
      <Point>
        <coordinates>-0.122534,51.51251,0</coordinates>
      </Point>
    </Placemark>
    <Placemark>
      <name>Peter Paul Rubens</name>
      <description><![CDATA[<b>Peter Paul Rubens</b><br><i>Arts &amp; Culture</i><br>Fri 26th Jun<br>In Gallery | Sainsbury Wing Foyer, London<br>From £20<br><br>A guided tour of Rubens' works for members.<br><br><a href="https://www.nationalgallery.org.uk/events/peter-paul-rubens-26-06-2026">More info / tickets</a>]]></description>
      <styleUrl>#orange-dot.png</styleUrl>
      <Point>
        <coordinates>-0.0863251,51.4459604,0</coordinates>
      </Point>
    </Placemark>
    <Placemark>
      <name>Sir Michael Palin and John Wilson in conversation</name>
      <description><![CDATA[<b>Sir Michael Palin and John Wilson in conversation</b><br><i>Arts &amp; Culture</i><br>Fri 26th Jun<br>In Gallery | Pigott Theatre, London<br>From £17<br><br>A live discussion between the comedian and a journalist.<br><br><a href="https://www.nationalgallery.org.uk/events/talks-and-conversations-picture-this-sir-michael-palin-and-john-wilson-in-conversation-26-06-2026">More info / tickets</a>]]></description>
      <styleUrl>#orange-dot.png</styleUrl>
      <Point>
        <coordinates>-0.0863251,51.4459604,0</coordinates>
      </Point>
    </Placemark>
    <Placemark>
      <name>Family creative learning space</name>
      <description><![CDATA[<b>Family creative learning space</b><br><i>Family</i><br>Fri 26th Jun<br>In Gallery | The Welcome Space, London<br>Free<br><br>A dedicated space for families to explore creativity.<br><br><a href="https://www.nationalgallery.org.uk/events">More info / tickets</a>]]></description>
      <styleUrl>#green-dot.png</styleUrl>
      <Point>
        <coordinates>-0.0242259,51.4921549,0</coordinates>
      </Point>
    </Placemark>
    <Placemark>
      <name>PYE CORNER AUDIO</name>
      <description><![CDATA[<b>PYE CORNER AUDIO</b><br><i>Music</i><br>Fri 26th Jun<br>Oslo, Hackney<br>£20<br><br>Live music night with support acts.<br><br><a href="https://www.oslohackney.com/events/pye-corner-audio/">More info / tickets</a>]]></description>
      <styleUrl>#purple-dot.png</styleUrl>
      <Point>
        <coordinates>-0.036526,51.497706,0</coordinates>
      </Point>
    </Placemark>
    <Placemark>
      <name>500 Miles</name>
      <description><![CDATA[<b>500 Miles</b><br><i>Theatre</i><br>Fri 26th Jun<br>Phoenix Cinema, East Finchley<br>Check site<br><br>A theatre performance at Phoenix Cinema.<br><br><a href="https://www.phoenixcinema.co.uk/PhoenixCinemaLondon.dll/WhatsOn">More info / tickets</a>]]></description>
      <styleUrl>#blue-dot.png</styleUrl>
      <Point>
        <coordinates>-0.1637085,51.5885079,0</coordinates>
      </Point>
    </Placemark>
    <Placemark>
      <name>The Altar</name>
      <description><![CDATA[<b>The Altar</b><br><i>Music</i><br>Fri 26th Jun<br>The OVO Arena, Wembley, Wembley<br>Check site<br><br>The Altar,” at OVO Arena Wembley!Imagine thousands of voices lifting up one sound in heartfelt unison, guided by a powerhouse lineup that includes the legendary Darlene Zschech, Nathaniel Bassey, Chevelle Franklyn, MOGmusic, and Sunmisola Agbebi. This is more than just an event—it’s a collective moment to build an alta<br><br><a href="https://www.ovoarena.co.uk/events/detail/the-altar-2026">More info / tickets</a>]]></description>
      <styleUrl>#purple-dot.png</styleUrl>
      <Point>
        <coordinates>-0.283702,51.558179,0</coordinates>
      </Point>
    </Placemark>
    <Placemark>
      <name>Ballet Flamenco de Andalucia - Tierra Bendita</name>
      <description><![CDATA[<b>Ballet Flamenco de Andalucia - Tierra Bendita</b><br><i>Arts &amp; Culture</i><br>Fri 26th Jun – Sat 27th Jun<br>Sadler's Wells Theatre<br>Check site<br><br>A flamenco ballet performance showcasing Andalusian dance and music.<br><br><a href="https://www.sadlerswells.com/whats-on">More info / tickets</a>]]></description>
      <styleUrl>#orange-dot.png</styleUrl>
      <Point>
        <coordinates>-0.1060896,51.52901,0</coordinates>
      </Point>
    </Placemark>
    <Placemark>
      <name>SINEMATIC: Immersive Cabaret</name>
      <description><![CDATA[<b>SINEMATIC: Immersive Cabaret</b><br><i>Nightlife</i><br>Fri 26th Jun – Sat 27th Jun<br>The Emerald Theatre, London<br>£55<br><br>Late-night immersive cabaret performance with iconic moments and bold performers.<br><br><a href="https://www.skiddle.com/whats-on/London/">More info / tickets</a>]]></description>
      <styleUrl>#purple-dot.png</styleUrl>
      <Point>
        <coordinates>-0.1203681,51.5191701,0</coordinates>
      </Point>
    </Placemark>
    <Placemark>
      <name>Clamber - London</name>
      <description><![CDATA[<b>Clamber - London</b><br><i>Music</i><br>Fri 26th Jun<br>The Lower Third, London<br>£12<br><br>Emerging indie band performance at a music venue.<br><br><a href="https://www.skiddle.com/gigs/London">More info / tickets</a>]]></description>
      <styleUrl>#purple-dot.png</styleUrl>
      <Point>
        <coordinates>-0.1291827,51.5155359,0</coordinates>
      </Point>
    </Placemark>
    <Placemark>
      <name>Holy Pop! Relaxed Session</name>
      <description><![CDATA[<b>Holy Pop! Relaxed Session</b><br><i>Arts &amp; Culture</i><br>Fri 26th Jun<br>Somerset House, Strand<br>Free<br><br>Exhibition on modern shrines and celebrity worship.<br><br><a href="https://www.somersethouse.org.uk/event-types/exhibition">More info / tickets</a>]]></description>
      <styleUrl>#orange-dot.png</styleUrl>
      <Point>
        <coordinates>-0.11689232823185038,51.512029556237245,0</coordinates>
      </Point>
    </Placemark>
    <Placemark>
      <name>SURROUND EVENTS at The North Pole</name>
      <description><![CDATA[<b>SURROUND EVENTS at The North Pole</b><br><i>Nightlife</i><br>Fri 26th Jun – Sat 27th Jun<br>The North Pole Greenwich, Greenwich<br>£22<br><br>High-energy party with deep grooves at The North Pole.<br><br><a href="https://www.skiddle.com/whats-on/London/The-North-Pole-Greenwhich/SURROUND-EVENTS-at-The-North-Pole/42094230/">More info / tickets</a>]]></description>
      <styleUrl>#purple-dot.png</styleUrl>
      <Point>
        <coordinates>-0.0167946,51.4768597,0</coordinates>
      </Point>
    </Placemark>
    <Placemark>
      <name>SYN LDN Presents: Tape B</name>
      <description><![CDATA[<b>SYN LDN Presents: Tape B</b><br><i>Music</i><br>Fri 26th Jun – Sat 27th Jun<br>Colours Hoxton, Hoxton<br>£18.50<br><br>European debut of bass music star Tape B.<br><br><a href="https://www.skiddle.com/whats-on/London/Colours-Hoxton/SYN-LDN-Presents-Tape-B/42251261/">More info / tickets</a>]]></description>
      <styleUrl>#purple-dot.png</styleUrl>
      <Point>
        <coordinates>-0.0817251,51.5274715,0</coordinates>
      </Point>
    </Placemark>
    <Placemark>
      <name>Bass Sect Presents: Logan D, Majistrate DNB</name>
      <description><![CDATA[<b>Bass Sect Presents: Logan D, Majistrate DNB</b><br><i>Music</i><br>Fri 26th Jun – Sat 27th Jun<br>The Camden, Camden<br>£2<br><br>Heavy jump-up drum &amp; bass night with Logan D and Majistrate.<br><br><a href="https://www.skiddle.com/whats-on/London/The-Camden/Bass-Sect-Presents--Logan-D-Majistrate-DNB-All-Night-Long/42401345/">More info / tickets</a>]]></description>
      <styleUrl>#purple-dot.png</styleUrl>
      <Point>
        <coordinates>-0.1409016,51.5373066,0</coordinates>
      </Point>
    </Placemark>
    <Placemark>
      <name>Travel into a black hole at the Science Museum</name>
      <description><![CDATA[<b>Travel into a black hole at the Science Museum</b><br><i>Cultural</i><br>Fri 26th Jun – Sun 30th Aug<br>Science Museum, South Kensington<br>Free<br><br>An immersive experience exploring black holes with real spacecraft exhibits.<br><br><a href="https://www.timeout.com/london/things-to-do/things-to-do-in-london-this-week">More info / tickets</a>]]></description>
      <styleUrl>#orange-dot.png</styleUrl>
      <Point>
        <coordinates>-0.174233,51.497764,0</coordinates>
      </Point>
    </Placemark>
    <Placemark>
      <name>Keeffe/Roberts/Brice/Holub</name>
      <description><![CDATA[<b>Keeffe/Roberts/Brice/Holub</b><br><i>Music</i><br>Fri 26th Jun<br>Vortex Jazz Club<br>£12.50<br><br>A quartet of leading European improvising musicians performing live.<br><br><a href="https://www.vortexjazz.co.uk/event/keeferobertsbriceholub/">More info / tickets</a>]]></description>
      <styleUrl>#purple-dot.png</styleUrl>
      <Point>
        <coordinates>-0.0766409,51.5487575,0</coordinates>
      </Point>
    </Placemark>
    <Placemark>
      <name>VAUGHAN HAWTHORNE-NELSON QUARTET</name>
      <description><![CDATA[<b>VAUGHAN HAWTHORNE-NELSON QUARTET</b><br><i>Music</i><br>Fri 26th Jun<br>Vortex Jazz Club, London<br>Standard £17.50 / Vortex Members £15 / Students &amp; UC beneficiaries £12.5<br><br>Jazz quartet led by Vaughan Hawthorne-Nelson.<br><br><a href="https://www.vortexjazz.co.uk/event/vaughan-hawthorne-nelson-quartet-2/">More info / tickets</a>]]></description>
      <styleUrl>#purple-dot.png</styleUrl>
      <Point>
        <coordinates>-0.0766409,51.5487575,0</coordinates>
      </Point>
    </Placemark>
    <Placemark>
      <name>BRASSTONBURY '26</name>
      <description><![CDATA[<b>BRASSTONBURY '26</b><br><i>Music</i><br>Fri 26th Jun<br>The Garage, London<br>FROM £19<br><br>A music festival presented by Old Dirty Brasstar<br><br><a href="https://www.thegarage.london/live/">More info / tickets</a>]]></description>
      <styleUrl>#purple-dot.png</styleUrl>
      <Point>
        <coordinates>-0.1039603,51.5467543,0</coordinates>
      </Point>
    </Placemark>
    <Placemark>
      <name>The March Violets</name>
      <description><![CDATA[<b>The March Violets</b><br><i>Music</i><br>Fri 26th Jun<br>100 Club, Oxford Street, London<br>£20 adv + bf<br><br>Live music performance by The March Violets.<br><br><a href="https://www.the100club.co.uk/100club-events/">More info / tickets</a>]]></description>
      <styleUrl>#purple-dot.png</styleUrl>
      <Point>
        <coordinates>0.1112172,51.4214109,0</coordinates>
      </Point>
    </Placemark>
    <Placemark>
      <name>The Truth</name>
      <description><![CDATA[<b>The Truth</b><br><i>Comedy</i><br>Fri 26th Jun – Sun 28th Jun<br>Apollo Theatre, London<br>£25<br><br>A razor-sharp marital comedy by Florian Zeller.<br><br><a href="https://nimaxtheatres.com/shows/the-truth/">More info / tickets</a>]]></description>
      <styleUrl>#blue-dot.png</styleUrl>
      <Point>
        <coordinates>-0.133429,51.511568,0</coordinates>
      </Point>
    </Placemark>
    <Placemark>
      <name>Time and Water</name>
      <description><![CDATA[<b>Time and Water</b><br><i>Cultural</i><br>Fri 26th Jun<br>The Lexi Cinema, London<br>Free<br><br>A film screening of an independent or documentary movie.<br><br><a href="https://thelexicinema.co.uk/TheLexiCinema.dll/WhatsOn">More info / tickets</a>]]></description>
      <styleUrl>#orange-dot.png</styleUrl>
      <Point>
        <coordinates>-0.2224753,51.5375275,0</coordinates>
      </Point>
    </Placemark>
    <Placemark>
      <name>Tuner</name>
      <description><![CDATA[<b>Tuner</b><br><i>Cultural</i><br>Fri 26th Jun<br>The Lexi Cinema, London<br>Free<br><br>A film screening of a new or indie movie.<br><br><a href="https://thelexicinema.co.uk/TheLexiCinema.dll/WhatsOn">More info / tickets</a>]]></description>
      <styleUrl>#orange-dot.png</styleUrl>
      <Point>
        <coordinates>-0.2224753,51.5375275,0</coordinates>
      </Point>
    </Placemark>
    <Placemark>
      <name>John and Christian: Teenage Heartthrobs</name>
      <description><![CDATA[<b>John and Christian: Teenage Heartthrobs</b><br><i>Comedy</i><br>Fri 26th Jun<br>The Undercroft, St Georges Church, Bloomsbury Way, London, WC1A 2SR, Bloomsbury<br>Check site<br><br>Comedy duo performs their stand-up routine.<br><br><a href="https://www.museumofcomedy.com/whats-on/">More info / tickets</a>]]></description>
      <styleUrl>#blue-dot.png</styleUrl>
      <Point>
        <coordinates>-0.1243901,51.5175377,0</coordinates>
      </Point>
    </Placemark>
    <Placemark>
      <name>Beyond the Galleries Tour</name>
      <description><![CDATA[<b>Beyond the Galleries Tour</b><br><i>Cultural</i><br>Fri 26th Jun<br>Natural History Museum, South Kensington<br>£25<br><br>Join us for a special tour package that combines our Architecture of the Natural History Museum Tour with a behind-the-scenes library session, where you’ll get to view our most treasured archive materials up close.<br><br><a href="https://www.nhm.ac.uk/events/beyond-the-galleries-tour.html">More info / tickets</a>]]></description>
      <styleUrl>#orange-dot.png</styleUrl>
      <Point>
        <coordinates>-0.17600190725447445,51.496510900000004,0</coordinates>
      </Point>
    </Placemark>
    <Placemark>
      <name>Dino Snores for Grown Ups</name>
      <description><![CDATA[<b>Dino Snores for Grown Ups</b><br><i>Nightlife</i><br>Fri 26th Jun<br>Natural History Museum<br>From £235<br><br>Enjoy a night of fun, food, science, movies and music at the Natural History Museum<br><br><a href="https://www.nhm.ac.uk/events/dino-snores-for-grown-ups.html">More info / tickets</a>]]></description>
      <styleUrl>#purple-dot.png</styleUrl>
      <Point>
        <coordinates>-0.1760019,51.4965109,0</coordinates>
      </Point>
    </Placemark>
    <Placemark>
      <name>Out of Hours Dino Tours</name>
      <description><![CDATA[<b>Out of Hours Dino Tours</b><br><i>Cultural</i><br>Fri 26th Jun<br>Natural History Museum, South Kensington<br>£30<br><br>Guided evening tours of the Natural History Museum.<br><br><a href="https://www.nhm.ac.uk/whats-on.html">More info / tickets</a>]]></description>
      <styleUrl>#orange-dot.png</styleUrl>
      <Point>
        <coordinates>-0.17600190725447445,51.496510900000004,0</coordinates>
      </Point>
    </Placemark>
    <Placemark>
      <name>Architecture of the Natural History Museum Tour</name>
      <description><![CDATA[<b>Architecture of the Natural History Museum Tour</b><br><i>Cultural</i><br>Fri 26th Jun<br>Natural History Museum, South Kensington<br>£20<br><br>Explore the museum's architectural design on this tour.<br><br><a href="https://www.nhm.ac.uk/whats-on.html">More info / tickets</a>]]></description>
      <styleUrl>#orange-dot.png</styleUrl>
      <Point>
        <coordinates>-0.17600190725447445,51.496510900000004,0</coordinates>
      </Point>
    </Placemark>
    <Placemark>
      <name>World Cup 2026: France vs Norway</name>
      <description><![CDATA[<b>World Cup 2026: France vs Norway</b><br><i>Sport &amp; Fitness</i><br>Fri 26th Jun<br>New Cross Inn, New Cross<br>Free<br><br>Watch the World Cup match between France and Norway.<br><br><a href="https://pit.live/events/world-cup-2026-france-vs-norway">More info / tickets</a>]]></description>
      <styleUrl>#ltblue-dot.png</styleUrl>
      <Point>
        <coordinates>-0.0370911,51.4757953,0</coordinates>
      </Point>
    </Placemark>
    <Placemark>
      <name>Hangman Blind, Holden, Blissymbols</name>
      <description><![CDATA[<b>Hangman Blind, Holden, Blissymbols</b><br><i>Music</i><br>Fri 26th Jun<br>The Windmill<br>£5<br><br>Live music event with Hangman Blind and supporting acts.<br><br><a href="https://www.windmillbrixton.co.uk/events/2026-06-26-hangman-blind-holden-blissymbols-the-windmill">More info / tickets</a>]]></description>
      <styleUrl>#purple-dot.png</styleUrl>
      <Point>
        <coordinates>-0.1224856,51.4539873,0</coordinates>
      </Point>
    </Placemark>
    <Placemark>
      <name>Hustle Wrestling</name>
      <description><![CDATA[<b>Hustle Wrestling</b><br><i>Sport &amp; Fitness</i><br>Fri 26th Jun<br>Heaven, Villiers St, London WC2N 6NG<br>Free<br><br>Queer-owned wrestling with no gender barriers at an LGBTQ+ venue.<br><br><a href="https://secretldn.com/things-to-do-in-london-weekend/">More info / tickets</a>]]></description>
      <styleUrl>#ltblue-dot.png</styleUrl>
      <Point>
        <coordinates>-0.1235834,51.507942,0</coordinates>
      </Point>
    </Placemark>
    <Placemark>
      <name>Shrek Party</name>
      <description><![CDATA[<b>Shrek Party</b><br><i>Nightlife</i><br>Fri 26th Jun<br>Between the Bridges, The Queen's Walk, South Bank<br>Free<br><br>A 25th-anniversary celebration of Shrek with live music and dancing.<br><br><a href="https://secretldn.com/things-to-do-in-london-weekend/">More info / tickets</a>]]></description>
      <styleUrl>#purple-dot.png</styleUrl>
      <Point>
        <coordinates>-0.0835621,51.50629,0</coordinates>
      </Point>
    </Placemark>
    <Placemark>
      <name>Norway vs France + Senegal vs Iraq</name>
      <description><![CDATA[<b>Norway vs France + Senegal vs Iraq</b><br><i>Sport &amp; Fitness</i><br>Fri 26th Jun<br>KERB Sports Bar<br>Tickets from free<br><br>Watch two World Cup 2026 matches live on big screens at a sports bar.<br><br><a href="https://fifa-world-cup-2026.designmynight.com/69ce2adb8bab5f0a5e37cf5d/double-header-norway-vs-france-senegal-vs-iraq">More info / tickets</a>]]></description>
      <styleUrl>#ltblue-dot.png</styleUrl>
      <Point>
        <coordinates>-0.0699015,51.516928,0</coordinates>
      </Point>
    </Placemark>
    <Placemark>
      <name>M. C. Escher - The Exhibition</name>
      <description><![CDATA[<b>M. C. Escher - The Exhibition</b><br><i>Arts &amp; Culture</i><br>Fri 26th Jun – Sun 6th Sep<br>Somerset House, Embankment<br>£16.5<br><br>M. C. Escher - The Exhibition finally arrives in London! Admire over 150 original works by Maurits Cornelis Escher, the master of optical illusions and impossible constructions. Experience a fascinating world of mind-bending perspectives and surreal imagery, brought to life through installations, videos, and interactiv<br><br><a href="https://feverup.com/m/637982">More info / tickets</a>]]></description>
      <styleUrl>#orange-dot.png</styleUrl>
      <Point>
        <coordinates>-0.216009,51.467043,0</coordinates>
      </Point>
    </Placemark>
    <Placemark>
      <name>Oysters, Bubbles &amp; Live DJ</name>
      <description><![CDATA[<b>Oysters, Bubbles &amp; Live DJ</b><br><i>Food &amp; Drink</i><br>Fri 26th Jun – Sat 29th Aug<br>Smith's Bar &amp; Grill, London<br>From £12<br><br>Enjoy oysters, champagne, and live music.<br><br><a href="https://feverup.com/en/london">More info / tickets</a>]]></description>
      <styleUrl>#red-dot.png</styleUrl>
      <Point>
        <coordinates>-0.053532,51.5539969,0</coordinates>
      </Point>
    </Placemark>
    <Placemark>
      <name>Tasting Menu with Live Music</name>
      <description><![CDATA[<b>Tasting Menu with Live Music</b><br><i>Food &amp; Drink</i><br>Fri 26th Jun – Sat 29th Aug<br>Smith's Bar &amp; Grill, London<br>From £55<br><br>A gourmet tasting menu paired with live music.<br><br><a href="https://feverup.com/en/london">More info / tickets</a>]]></description>
      <styleUrl>#red-dot.png</styleUrl>
      <Point>
        <coordinates>-0.053532,51.5539969,0</coordinates>
      </Point>
    </Placemark>
    <Placemark>
      <name>Spain vs Uruguay World Cup Screening</name>
      <description><![CDATA[<b>Spain vs Uruguay World Cup Screening</b><br><i>Sport &amp; Fitness</i><br>Fri 26th Jun – Sat 27th Jun<br>Fire Club And The Garden Vauxhall, Vauxhall<br>£5<br><br>Live screening of the World Cup match with a festive vibe.<br><br><a href="https://www.skiddle.com/whats-on/events/london/?eventType=FOOD&amp;">More info / tickets</a>]]></description>
      <styleUrl>#ltblue-dot.png</styleUrl>
      <Point>
        <coordinates>-0.1229297,51.4874834,0</coordinates>
      </Point>
    </Placemark>
    <Placemark>
      <name>VR Star Experience at Science Museum</name>
      <description><![CDATA[<b>VR Star Experience at Science Museum</b><br><i>Arts &amp; Culture</i><br>Fri 26th Jun – Sun 30th Aug<br>Science Museum, South Kensington<br>Free<br><br>A VR experience about the birth and death of stars.<br><br><a href="https://www.timeout.com/london/things-to-do/london-events-in-june">More info / tickets</a>]]></description>
      <styleUrl>#orange-dot.png</styleUrl>
      <Point>
        <coordinates>-0.174233,51.497764,0</coordinates>
      </Point>
    </Placemark>
    <Placemark>
      <name>The London Territorial Force in Peace and War, 1908-21</name>
      <description><![CDATA[<b>The London Territorial Force in Peace and War, 1908-21</b><br><i>Cultural</i><br>Fri 26th Jun<br>National Army Museum, Chelsea<br>Free<br><br>Talk on the London Territorial Force's formation and wartime role.<br><br><a href="https://www.ianvisits.co.uk/calendar/date/2026/06/">More info / tickets</a>]]></description>
      <styleUrl>#orange-dot.png</styleUrl>
      <Point>
        <coordinates>-0.1602866786472154,51.4862582,0</coordinates>
      </Point>
    </Placemark>
    <Placemark>
      <name>Summer open days at Lambeth Palace</name>
      <description><![CDATA[<b>Summer open days at Lambeth Palace</b><br><i>Cultural</i><br>Fri 26th Jun<br>Lambeth Palace, Southwark<br>£14<br><br>Explore historic Lambeth Palace halls and rooms during summer open days.<br><br><a href="https://www.ianvisits.co.uk/calendar/date/2026/06/">More info / tickets</a>]]></description>
      <styleUrl>#orange-dot.png</styleUrl>
      <Point>
        <coordinates>-0.1200826,51.4955481,0</coordinates>
      </Point>
    </Placemark>
    <Placemark>
      <name>Barnet Heritage Trail Launch</name>
      <description><![CDATA[<b>Barnet Heritage Trail Launch</b><br><i>Community</i><br>Fri 26th Jun<br>Cultivate Colindale, Colindale<br>Free<br><br>Guided walk and community celebration launching the Barnet Heritage Trail.<br><br><a href="https://www.ianvisits.co.uk/calendar/date/2026/06/">More info / tickets</a>]]></description>
      <styleUrl>#yellow-dot.png</styleUrl>
      <Point>
        <coordinates>-0.2501152,51.5953302,0</coordinates>
      </Point>
    </Placemark>
    <Placemark>
      <name>Building A Sense of Belonging</name>
      <description><![CDATA[<b>Building A Sense of Belonging</b><br><i>Cultural</i><br>Fri 26th Jun<br>Sacred Heart High School, Ealing<br>£12<br><br>Historical talk on Hammersmith site restoration projects.<br><br><a href="https://www.ianvisits.co.uk/calendar/date/2026/06/">More info / tickets</a>]]></description>
      <styleUrl>#orange-dot.png</styleUrl>
      <Point>
        <coordinates>-0.0978474,51.4759204,0</coordinates>
      </Point>
    </Placemark>
    <Placemark>
      <name>Henry Moore after hours</name>
      <description><![CDATA[<b>Henry Moore after hours</b><br><i>Arts &amp; Culture</i><br>Fri 26th Jun<br>Kew Botanic Gardens, Richmond<br>£23<br><br>Evening of art, music, and performance inspired by Henry Moore's exhibition.<br><br><a href="https://www.ianvisits.co.uk/calendar/date/2026/06/">More info / tickets</a>]]></description>
      <styleUrl>#orange-dot.png</styleUrl>
      <Point>
        <coordinates>-0.2968861,51.4781974,0</coordinates>
      </Point>
    </Placemark>
    <Placemark>
      <name>Elizabeth Darling discusses her new book</name>
      <description><![CDATA[<b>Elizabeth Darling discusses her new book</b><br><i>Cultural</i><br>Fri 26th Jun<br>The Gallery, Clerkenwell, Clerkenwell<br>£16<br><br>Author talk and discussion on BBC broadcasting history.<br><br><a href="https://www.ianvisits.co.uk/calendar/date/2026/06/">More info / tickets</a>]]></description>
      <styleUrl>#orange-dot.png</styleUrl>
      <Point>
        <coordinates>-0.1006909,51.5231697,0</coordinates>
      </Point>
    </Placemark>
    <Placemark>
      <name>Discourse: The speed of life</name>
      <description><![CDATA[<b>Discourse: The speed of life</b><br><i>Cultural</i><br>Fri 26th Jun<br>Royal Institution (inc Faraday Museum), Mayfair, Mayfair<br>£21.44<br><br>Evolutionary biologist explains life's evolution and tech's impact.<br><br><a href="https://www.ianvisits.co.uk/calendar/date/2026/06/">More info / tickets</a>]]></description>
      <styleUrl>#orange-dot.png</styleUrl>
      <Point>
        <coordinates>-0.1423309,51.5097495,0</coordinates>
      </Point>
    </Placemark>
    <Placemark>
      <name>Outdoor Movie Night - Smurfs 2025</name>
      <description><![CDATA[<b>Outdoor Movie Night - Smurfs 2025</b><br><i>Arts &amp; Culture</i><br>Fri 26th Jun<br>Meredith Park, London<br>CADFree<br><br>Watch Smurfs 2025 outdoors under the stars in the park.<br><br><a href="https://www.londontourism.ca/events/outdoor-movie-night-smurfs-2025-june-26">More info / tickets</a>]]></description>
      <styleUrl>#orange-dot.png</styleUrl>
      <Point>
        <coordinates>-0.0787353,51.550306,0</coordinates>
      </Point>
    </Placemark>
    <Placemark>
      <name>Outdoor Movie Night - Lion's Heart</name>
      <description><![CDATA[<b>Outdoor Movie Night - Lion's Heart</b><br><i>Arts &amp; Culture</i><br>Fri 26th Jun<br>West Lions Park, London<br>CADFree<br><br>Enjoy Lion's Heart, a Nollywood film, outdoors in the park.<br><br><a href="https://www.londontourism.ca/events/outdoor-movie-night-lions-heart-nollywood-june-26">More info / tickets</a>]]></description>
      <styleUrl>#orange-dot.png</styleUrl>
      <Point>
        <coordinates>-0.147889,51.523494,0</coordinates>
      </Point>
    </Placemark>
    <Placemark>
      <name>Back to the Future</name>
      <description><![CDATA[<b>Back to the Future</b><br><i>Arts &amp; Culture</i><br>Fri 26th Jun<br>Hyland Cinema, London<br>CADPrices vary<br><br>Back to the Future playing at The Hyland Cinema on June 26 at 9 PM as part of the Retromania Film Series!<br><br><a href="https://www.londontourism.ca/events/back-to-the-future">More info / tickets</a>]]></description>
      <styleUrl>#orange-dot.png</styleUrl>
      <Point>
        <coordinates>-0.0755805,51.5496199,0</coordinates>
      </Point>
    </Placemark>
    <Placemark>
      <name>Tunes on the Encore Terrace</name>
      <description><![CDATA[<b>Tunes on the Encore Terrace</b><br><i>Music</i><br>Fri 26th Jun<br>The Encore Terrace at RBC Place London, London<br>CADFree<br><br>Tunes on the Encore Terrace at RBC Place London on Friday, June 26, 2026, in London Ontario.<br><br><a href="https://www.londontourism.ca/events/tunes-on-the-encore-terrace">More info / tickets</a>]]></description>
      <styleUrl>#purple-dot.png</styleUrl>
      <Point>
        <coordinates>-0.079194,51.521878,0</coordinates>
      </Point>
    </Placemark>
    <Placemark>
      <name>London Majors vs Toronto Maple Leafs</name>
      <description><![CDATA[<b>London Majors vs Toronto Maple Leafs</b><br><i>Sport &amp; Fitness</i><br>Fri 26th Jun<br>Labatt Memorial Park, London, Ontario<br>CADPrices vary<br><br>Baseball game between London Majors and Toronto Maple Leafs.<br><br><a href="https://www.londontourism.ca/events/london-majors-vs-toronto-maple-leafs-june-26">More info / tickets</a>]]></description>
      <styleUrl>#ltblue-dot.png</styleUrl>
      <Point>
        <coordinates>-0.088583,51.503326,0</coordinates>
      </Point>
    </Placemark>
    <Placemark>
      <name>Tom Lavin &amp; The Legendary Powder Blues</name>
      <description><![CDATA[<b>Tom Lavin &amp; The Legendary Powder Blues</b><br><i>Music</i><br>Fri 26th Jun<br>Aeolian Hall Musical Arts Association, London, Ontario<br>CADPrices vary<br><br>Live blues performance by Tom Lavin and his band.<br><br><a href="https://www.londontourism.ca/events/tom-lavin-and-the-legendary-powder-blues">More info / tickets</a>]]></description>
      <styleUrl>#purple-dot.png</styleUrl>
      <Point>
        <coordinates>0.019077,51.454293,0</coordinates>
      </Point>
    </Placemark>
    <Placemark>
      <name>OPA! Greek Festival</name>
      <description><![CDATA[<b>OPA! Greek Festival</b><br><i>Cultural</i><br>Fri 26th Jun – Sun 28th Jun<br>Hellenic Community Centre, London, Ontario<br>CADFree<br><br>Celebrate Greek culture with food, music, and activities.<br><br><a href="https://www.londontourism.ca/events/opa-greek-festival">More info / tickets</a>]]></description>
      <styleUrl>#orange-dot.png</styleUrl>
      <Point>
        <coordinates>-0.1085991,51.4959308,0</coordinates>
      </Point>
    </Placemark>
    <Placemark>
      <name>London International Food and Drink Festival</name>
      <description><![CDATA[<b>London International Food and Drink Festival</b><br><i>Food &amp; Drink</i><br>Fri 26th Jun – Sun 28th Jun<br>Victoria Park, London, Ontario<br>Free<br><br>Sample local and global cuisine at this food festival.<br><br><a href="https://www.londontourism.ca/events/london-international-food-and-drink-festival">More info / tickets</a>]]></description>
      <styleUrl>#red-dot.png</styleUrl>
      <Point>
        <coordinates>-0.036435,51.540576,0</coordinates>
      </Point>
    </Placemark>
    <Placemark>
      <name>The Real Thing Live</name>
      <description><![CDATA[<b>The Real Thing Live</b><br><i>Music</i><br>Fri 26th Jun<br>Boisdale of Canary Wharf, Canary Wharf<br>Tickets from £63.72 – £110.24<br><br>British soul giants The Real Thing perform live at Boisdale of Canary Wharf.<br><br><a href="https://boisdalecanarywharf.designmynight.com/6900aa18fffbe00a1a4c661a/the-real-thing-british-soul-giants-4">More info / tickets</a>]]></description>
      <styleUrl>#purple-dot.png</styleUrl>
      <Point>
        <coordinates>-0.0220439,51.5052156,0</coordinates>
      </Point>
    </Placemark>
    <Placemark>
      <name>Two Door Cinema Club</name>
      <description><![CDATA[<b>Two Door Cinema Club</b><br><i>Music</i><br>Fri 26th Jun<br>Crystal Palace Park, London, UK, London<br>Check site<br><br>Live concert by the indie rock band.<br><br><a href="https://www.songkick.com/metro-areas/24426-uk-london/june-2026">More info / tickets</a>]]></description>
      <styleUrl>#purple-dot.png</styleUrl>
      <Point>
        <coordinates>-0.07063,51.426185,0</coordinates>
      </Point>
    </Placemark>
    <Placemark>
      <name>Harry Styles and Shania Twain</name>
      <description><![CDATA[<b>Harry Styles and Shania Twain</b><br><i>Music</i><br>Fri 26th Jun<br>Wembley Stadium, London, UK, London<br>Check site<br><br>Double bill concert featuring two pop stars.<br><br><a href="https://www.songkick.com/metro-areas/24426-uk-london/june-2026">More info / tickets</a>]]></description>
      <styleUrl>#purple-dot.png</styleUrl>
      <Point>
        <coordinates>-0.2847664,51.5542489,0</coordinates>
      </Point>
    </Placemark>
    <Placemark>
      <name>Boney M</name>
      <description><![CDATA[<b>Boney M</b><br><i>Music</i><br>Fri 26th Jun<br>Studio 338, Greenwich<br>Check site<br><br>Classic disco hits by the legendary Boney M.<br><br><a href="https://www.songkick.com/metro-areas/24426-uk-london/june-2026">More info / tickets</a>]]></description>
      <styleUrl>#purple-dot.png</styleUrl>
      <Point>
        <coordinates>-0.0045417,51.4820845,0</coordinates>
      </Point>
    </Placemark>
    <Placemark>
      <name>Beth Orton</name>
      <description><![CDATA[<b>Beth Orton</b><br><i>Music</i><br>Fri 26th Jun<br>Rough Trade East London, London<br>Check site<br><br>Singer-songwriter Beth Orton performs live.<br><br><a href="https://www.songkick.com/metro-areas/24426-uk-london/june-2026">More info / tickets</a>]]></description>
      <styleUrl>#purple-dot.png</styleUrl>
      <Point>
        <coordinates>-0.072398,51.521254,0</coordinates>
      </Point>
    </Placemark>
    <Placemark>
      <name>A-Trak, Chasewest, and Sasha Gigi</name>
      <description><![CDATA[<b>A-Trak, Chasewest, and Sasha Gigi</b><br><i>Music</i><br>Fri 26th Jun<br>KOKO, London<br>Check site<br><br>DJ set featuring A-Trak, Chasewest, and Sasha Gigi.<br><br><a href="https://www.songkick.com/metro-areas/24426-uk-london/june-2026">More info / tickets</a>]]></description>
      <styleUrl>#purple-dot.png</styleUrl>
      <Point>
        <coordinates>-0.1381645,51.5347484,0</coordinates>
      </Point>
    </Placemark>
    <Placemark>
      <name>Anoushka Shankar, Nish Kumar, Seckou Keita, MoYah, Nadine Shah, Nectar Woode, Robert Ames, London Contemporary Orchestra, and Salena Godden</name>
      <description><![CDATA[<b>Anoushka Shankar, Nish Kumar, Seckou Keita, MoYah, Nadine Shah, Nectar Woode, Robert Ames, London Contemporary Orchestra, and Salena Godden</b><br><i>Music</i><br>Fri 26th Jun<br>Royal Festival Hall, Southbank<br>Check site<br><br>Anoushka Shankar, Nish Kumar, Seckou Keita, MoYah, Nadine Shah, Nectar Woode, Robert Ames, London Contemporary Orchestra, and Salena Godden<br><br><a href="https://www.songkick.com/metro-areas/24426-uk-london/june-2026">More info / tickets</a>]]></description>
      <styleUrl>#purple-dot.png</styleUrl>
      <Point>
        <coordinates>-0.11678697153062867,51.5057791,0</coordinates>
      </Point>
    </Placemark>
    <Placemark>
      <name>Harry Styles</name>
      <description><![CDATA[<b>Harry Styles</b><br><i>Music</i><br>Fri 26th Jun<br>Wembley Stadium, Wembley, London, HA9 0WS<br>Check site<br><br>Harry Styles performs at Wembley Stadium.<br><br><a href="https://londontheinside.com/the-ultimate-london-gig-guide/">More info / tickets</a>]]></description>
      <styleUrl>#purple-dot.png</styleUrl>
      <Point>
        <coordinates>-0.2796034,51.5560695,0</coordinates>
      </Point>
    </Placemark>
    <Placemark>
      <name>American Football</name>
      <description><![CDATA[<b>American Football</b><br><i>Music</i><br>Fri 26th Jun<br>O2 Forum Kentish Town, NW5 1JY<br>Check site<br><br>American Football is the definitive Midwest emo band, and they continue to evolve with their acclaimed new album, LP4. With its dark, reflective songwriting and ambitious sound, the record features collaborations with Brendan Yates of Turnstile and Wisp. Their No Feeling tour arrives following growing demand and sold-o<br><br><a href="https://www.timeout.com/london/news/the-20-best-concerts-and-gigs-in-june-2026-you-can-still-get-tickets-to-with-bad-bunny-harry-styles-gorillaz-and-olivia-dean-060226">More info / tickets</a>]]></description>
      <styleUrl>#purple-dot.png</styleUrl>
      <Point>
        <coordinates>-0.1422038,51.5521441,0</coordinates>
      </Point>
    </Placemark>
    <Placemark>
      <name>Afternoon Tea at CORD</name>
      <description><![CDATA[<b>Afternoon Tea at CORD</b><br><i>Food &amp; Drink</i><br>Fri 26th Jun<br>CORD by Le Cordon Bleu, Fleet Street<br>£27<br><br>British-French afternoon tea with handmade pastries by Le Cordon Bleu chefs.<br><br><a href="https://onecitylondon.com/event/afternoon-tea-at-cord/">More info / tickets</a>]]></description>
      <styleUrl>#red-dot.png</styleUrl>
      <Point>
        <coordinates>-0.1104742,51.5139523,0</coordinates>
      </Point>
    </Placemark>
    <Placemark>
      <name>Romantic Escape at Tower Suites</name>
      <description><![CDATA[<b>Romantic Escape at Tower Suites</b><br><i>Arts &amp; Social</i><br>Fri 26th Jun<br>Tower Suites, Tower Hill<br>£27<br><br>Overnight stay with discounts on West End shows and attractions.<br><br><a href="https://onecitylondon.com/event/romantic-escape-with-10-off-experiences-at-tower-suites/">More info / tickets</a>]]></description>
      <styleUrl>#yellow-dot.png</styleUrl>
      <Point>
        <coordinates>-0.0767353,51.5094963,0</coordinates>
      </Point>
    </Placemark>
    <Placemark>
      <name>Glasshouse Stories</name>
      <description><![CDATA[<b>Glasshouse Stories</b><br><i>Arts &amp; Culture</i><br>Fri 26th Jun<br>100 Bishopsgate, Bishopsgate<br>£27<br><br>Art installation by Claudia Fontes at 100 Bishopsgate.<br><br><a href="https://onecitylondon.com/event/glasshouse-stories-an-installation-by-artist-claudia-fontes/">More info / tickets</a>]]></description>
      <styleUrl>#orange-dot.png</styleUrl>
      <Point>
        <coordinates>-0.0812562,51.5155975,0</coordinates>
      </Point>
    </Placemark>
    <Placemark>
      <name>(Extra)ordinary: Darcey Fleming exhibition</name>
      <description><![CDATA[<b>(Extra)ordinary: Darcey Fleming exhibition</b><br><i>Arts &amp; Culture</i><br>Fri 26th Jun<br>99 Bishopsgate, Bishopsgate<br>£27<br><br>Solo exhibition and installation by Darcey Fleming.<br><br><a href="https://onecitylondon.com/event/extraordinary-an-exhibition-by-darcey-fleming/">More info / tickets</a>]]></description>
      <styleUrl>#orange-dot.png</styleUrl>
      <Point>
        <coordinates>-0.082591,51.5159647,0</coordinates>
      </Point>
    </Placemark>
    <Placemark>
      <name>London Sports Festival</name>
      <description><![CDATA[<b>London Sports Festival</b><br><i>Sport &amp; Fitness</i><br>Fri 26th Jun<br>Various locations in the Square Mile, City of London<br>Free<br><br>Try padel, pickleball, football, and more at this sports festival.<br><br><a href="https://onecitylondon.com/event/pride-flag-raising-and-pride-anthems-on-the-bow-bells/">More info / tickets</a>]]></description>
      <styleUrl>#ltblue-dot.png</styleUrl>
      <Point>
        <coordinates>-0.0919983,51.5156177,0</coordinates>
      </Point>
    </Placemark>
    <Placemark>
      <name>Underground (and Surface) Exhibition</name>
      <description><![CDATA[<b>Underground (and Surface) Exhibition</b><br><i>Arts &amp; Culture</i><br>Fri 26th Jun – Sun 20th Sep<br>Guildhall Art Gallery, City of London<br>£27<br><br>Immersive art exhibition on London's Tube.<br><br><a href="https://onecitylondon.com/event/jock-mcfadyen-with-jem-finer-underground-and-surface-exhibition/">More info / tickets</a>]]></description>
      <styleUrl>#orange-dot.png</styleUrl>
      <Point>
        <coordinates>-0.0914071,51.5155115,0</coordinates>
      </Point>
    </Placemark>
    <Placemark>
      <name>Koj</name>
      <description><![CDATA[<b>Koj</b><br><i>Music</i><br>Fri 26th Jun<br>Signature Brew - Haggerston, Haggerston<br>Check site<br><br>A live concert by the artist Koj.<br><br><a href="https://www.songkick.com/metro-areas/24426-uk-london/tonight">More info / tickets</a>]]></description>
      <styleUrl>#purple-dot.png</styleUrl>
      <Point>
        <coordinates>-0.0756943,51.5367031,0</coordinates>
      </Point>
    </Placemark>
    <Placemark>
      <name>Annie Mac</name>
      <description><![CDATA[<b>Annie Mac</b><br><i>Music</i><br>Fri 26th Jun<br>HERE at Outernet, Shoreditch<br>From EUR €154<br><br>Live music performance by DJ and radio host Annie Mac.<br><br><a href="https://www.vividseats.com/geo/uk/england/london/concerts">More info / tickets</a>]]></description>
      <styleUrl>#purple-dot.png</styleUrl>
      <Point>
        <coordinates>-0.0072112,51.4449408,0</coordinates>
      </Point>
    </Placemark>
    <Placemark>
      <name>Body Horror and Scam</name>
      <description><![CDATA[<b>Body Horror and Scam</b><br><i>Theatre</i><br>Fri 26th Jun<br>Paper Dress Vintage, London, UK<br>Check site<br><br>A performance or event exploring themes of horror and deception.<br><br><a href="https://www.songkick.com/metro-areas/24426-uk-london/2026/genre/comedy">More info / tickets</a>]]></description>
      <styleUrl>#blue-dot.png</styleUrl>
      <Point>
        <coordinates>-0.0546864,51.5473553,0</coordinates>
      </Point>
    </Placemark>
    <Placemark>
      <name>Neon Nights: Band Night</name>
      <description><![CDATA[<b>Neon Nights: Band Night</b><br><i>Music</i><br>Fri 26th Jun<br>The ROXY<br>£300<br><br>Live band performances with a neon-themed atmosphere.<br><br><a href="https://www.theroxy.co.uk/events/neonnights-t2eg4-bse86-ttxym-g36l4-nkk2t">More info / tickets</a>]]></description>
      <styleUrl>#purple-dot.png</styleUrl>
      <Point>
        <coordinates>-0.133066,51.516625,0</coordinates>
      </Point>
    </Placemark>
    <Placemark>
      <name>The Key Club</name>
      <description><![CDATA[<b>The Key Club</b><br><i>Nightlife</i><br>Fri 26th Jun – Sat 27th Jun<br>The Roxy Basement Bar and Club<br>Free<br><br>Club night with a focus on electronic music.<br><br><a href="https://www.theroxy.co.uk/events/key0105-4k3e9-kbecf-ef45z">More info / tickets</a>]]></description>
      <styleUrl>#purple-dot.png</styleUrl>
      <Point>
        <coordinates>-0.074351,51.524827,0</coordinates>
      </Point>
    </Placemark>
    <Placemark>
      <name>SMOOVE at Ministry of Sound</name>
      <description><![CDATA[<b>SMOOVE at Ministry of Sound</b><br><i>Music</i><br>Fri 26th Jun<br>Ministry of Sound<br>£11<br><br>UKG, Funky, R&amp;B, and Afrobeat night at Ministry of Sound.<br><br><a href="https://shoobs.com/events/144363">More info / tickets</a>]]></description>
      <styleUrl>#purple-dot.png</styleUrl>
      <Point>
        <coordinates>-0.0994957,51.4977677,0</coordinates>
      </Point>
    </Placemark>
    <Placemark>
      <name>Soul Lounge Clapham Party</name>
      <description><![CDATA[<b>Soul Lounge Clapham Party</b><br><i>Music</i><br>Fri 26th Jun<br>Share Event:, Clapham<br>£16.50<br><br>Hip Hop, Bashment, and Afrobeats party with free entry.<br><br><a href="https://shoobs.com/events/145322">More info / tickets</a>]]></description>
      <styleUrl>#purple-dot.png</styleUrl>
      <Point>
        <coordinates>-0.174491,51.437875,0</coordinates>
      </Point>
    </Placemark>
    <Placemark>
      <name>Bashment &amp; Afrobeats Clapham Party</name>
      <description><![CDATA[<b>Bashment &amp; Afrobeats Clapham Party</b><br><i>Music</i><br>Fri 26th Jun<br>Share Event:, Clapham<br>£16.50<br><br>Bashment &amp; Afrobeats Clapham Party - Everyone Free Before 12AM Everyone Free Before 12AM - London’s Biggest Party Of The Year! BASHMENT &amp; AFROBEATS CLAPHAM PARTY - Everyone Free Before 12AM Friday 26th June 2026 @ Soul Lounge, London Music Policy: Bashment, Afrobeats, Dancehall, Soca, Hip Hop, RnB &amp; More Attractions: ►<br><br><a href="https://shoobs.com/events/145353/bashment-afrobeats-clapham-party-everyone-free-before-12am">More info / tickets</a>]]></description>
      <styleUrl>#purple-dot.png</styleUrl>
      <Point>
        <coordinates>-0.174491,51.437875,0</coordinates>
      </Point>
    </Placemark>
    <Placemark>
      <name>Get Wild Shoreditch Party</name>
      <description><![CDATA[<b>Get Wild Shoreditch Party</b><br><i>Nightlife</i><br>Fri 26th Jun<br>The Lighthouse Bar &amp; Club, Shoreditch<br>FREE<br><br>Soca, African blues, and amapiano party with free entry before midnight.<br><br><a href="https://shoobs.com/events/144429/get-wild-shoreditch-party-everyone-free-before-12am">More info / tickets</a>]]></description>
      <styleUrl>#purple-dot.png</styleUrl>
      <Point>
        <coordinates>-0.074351,51.524827,0</coordinates>
      </Point>
    </Placemark>
    <Placemark>
      <name>Soca vs Dancehall Brixton</name>
      <description><![CDATA[<b>Soca vs Dancehall Brixton</b><br><i>Music</i><br>Fri 26th Jun<br>The Prince of Wales, Brixton<br>FREE<br><br>Dancehall and Afrobeats music night with free entry before midnight.<br><br><a href="https://shoobs.com/events/145683/dancehall-vs-afrobeats-brixton-everyone-free-before-12am">More info / tickets</a>]]></description>
      <styleUrl>#purple-dot.png</styleUrl>
      <Point>
        <coordinates>-0.1149307,51.4615353,0</coordinates>
      </Point>
    </Placemark>
    <Placemark>
      <name>Vic Michaelis</name>
      <description><![CDATA[<b>Vic Michaelis</b><br><i>Comedy</i><br>Fri 26th Jun<br>Leicester Square Theatre, Leicester Square<br>Check site<br><br>Vic Michaelis &amp; Friends is a night of stand-up comedy featuring Vic Michaelis and a selection of his comedy friends. Vic is a regular on the UK comedy circuit and has appeared on numerous TV shows including Mock the Week, 8 Out of 10 Cats and Live at the Apollo.<br><br><a href="https://www.londontheatres.com/events/comedy">More info / tickets</a>]]></description>
      <styleUrl>#blue-dot.png</styleUrl>
      <Point>
        <coordinates>-0.1290964,51.5105059,0</coordinates>
      </Point>
    </Placemark>
    <Placemark>
      <name>RollerBoogie</name>
      <description><![CDATA[<b>RollerBoogie</b><br><i>Nightlife</i><br>Fri 26th Jun<br>Rollernation, London, London<br>Buy Tickets<br><br>A roller disco and dance event.<br><br><a href="https://www.skiddle.com/whats-on/London/nightlife-events/">More info / tickets</a>]]></description>
      <styleUrl>#purple-dot.png</styleUrl>
      <Point>
        <coordinates>-0.099076,51.509648,0</coordinates>
      </Point>
    </Placemark>
    <Placemark>
      <name>Deep House Bible Open Air</name>
      <description><![CDATA[<b>Deep House Bible Open Air</b><br><i>Music</i><br>Fri 26th Jun<br>The Cause London, London<br>Buy Tickets<br><br>Outdoor deep house music festival with top DJs.<br><br><a href="https://www.skiddle.com/whats-on/London/nightlife-events/">More info / tickets</a>]]></description>
      <styleUrl>#purple-dot.png</styleUrl>
      <Point>
        <coordinates>-0.1648137,51.5871881,0</coordinates>
      </Point>
    </Placemark>
    <Placemark>
      <name>Girls of the Internet (Live)</name>
      <description><![CDATA[<b>Girls of the Internet (Live)</b><br><i>Music</i><br>Fri 26th Jun<br>Fox And Firkin, London<br>Buy Tickets<br><br>Live performance by Girls of the Internet.<br><br><a href="https://www.skiddle.com/whats-on/London/nightlife-events/">More info / tickets</a>]]></description>
      <styleUrl>#purple-dot.png</styleUrl>
      <Point>
        <coordinates>-0.0142378,51.456851,0</coordinates>
      </Point>
    </Placemark>
    <Placemark>
      <name>Exhibition Tour</name>
      <description><![CDATA[<b>Exhibition Tour</b><br><i>Arts &amp; Culture</i><br>Fri 26th Jun<br>Goldsmiths Centre for Contemporary Art<br>Free<br><br>Guided tour of the Flare-Up exhibition with Dan Glass.<br><br><a href="https://www.newexhibitions.com/e/68220">More info / tickets</a>]]></description>
      <styleUrl>#orange-dot.png</styleUrl>
      <Point>
        <coordinates>-0.0633052,51.5337313,0</coordinates>
      </Point>
    </Placemark>
    <Placemark>
      <name>Live Performance</name>
      <description><![CDATA[<b>Live Performance</b><br><i>Arts &amp; Culture</i><br>Fri 26th Jun<br>Nottingham Contemporary<br>Free<br><br>Performance of Morphic Resonance by Beth Kettel.<br><br><a href="https://www.newexhibitions.com/">More info / tickets</a>]]></description>
      <styleUrl>#orange-dot.png</styleUrl>
      <Point>
        <coordinates>-0.1887137,51.505822,0</coordinates>
      </Point>
    </Placemark>
    <Placemark>
      <name>High Society</name>
      <description><![CDATA[<b>High Society</b><br><i>Theatre</i><br>Fri 26th Jun<br>Barbican Theatre, London<br>£35<br><br>A theatrical performance at the Barbican Theatre.<br><br><a href="https://whatsonstage.ticketmaster.co.uk/book/1HR8Y-high-society/?irgwc=1&amp;afsrc=1&amp;utm_source=2540240-whatsonstage&amp;utm_medium=affiliate&amp;utm_campaign=2540240&amp;clickId=XN3TKvRXOxycW45XSSRRU2JfUkpT8:w5V3UF1I0&amp;camefrom=CFC_BUYAT_2540240&amp;ircid=24023&amp;utm_provider=Other">More info / tickets</a>]]></description>
      <styleUrl>#blue-dot.png</styleUrl>
      <Point>
        <coordinates>-0.0929942,51.5198304,0</coordinates>
      </Point>
    </Placemark>
    <Placemark>
      <name>Collection Cosmetics x Superdrug Makeup Tour</name>
      <description><![CDATA[<b>Collection Cosmetics x Superdrug Makeup Tour</b><br><i>Arts &amp; Social</i><br>Fri 26th Jun – Sun 28th Jun<br>WESTFIELD LONDON, Shepherds Bush<br>Free<br><br>A beauty pop-up offering makeup products and services.<br><br><a href="https://www.tiktok.com/discover/free-pop-ups-in-london">More info / tickets</a>]]></description>
      <styleUrl>#yellow-dot.png</styleUrl>
      <Point>
        <coordinates>-0.2219598,51.5081604,0</coordinates>
      </Point>
    </Placemark>
    <Placemark>
      <name>Dishoom x Shreeji Pop-Up</name>
      <description><![CDATA[<b>Dishoom x Shreeji Pop-Up</b><br><i>Food &amp; Drink</i><br>Fri 26th Jun – Sun 28th Jun<br>Shreeji Newsagents, Marylebone<br>Free<br><br>A food pop-up serving authentic dishes in a newsagent setting.<br><br><a href="https://www.tiktok.com/discover/free-pop-ups-in-london">More info / tickets</a>]]></description>
      <styleUrl>#red-dot.png</styleUrl>
      <Point>
        <coordinates>-0.1545323,51.5185855,0</coordinates>
      </Point>
    </Placemark>
    <Placemark>
      <name>Haruharu Rose PDRN Line Launch</name>
      <description><![CDATA[<b>Haruharu Rose PDRN Line Launch</b><br><i>Arts &amp; Social</i><br>Fri 26th Jun<br>EL&amp;N Cafe, Park Lane<br>Free<br><br>AD For the launch of haruharu Rose PDRN line at Boots they’ve teamed up with EL&amp;N Cafe so we can be some of the first to try out the new range for free I’m so happy with my new products ‌ Event Locations: ‌ 📍EL&amp;N Park Lane ‌📍EL&amp;N Westfield ‌📍EL&amp;N Brompton Road ‌ Dates: June 26th - July 5th 2026 Times: see individual...<br><br><a href="https://www.tiktok.com/@franchesca.gillespie/video/7654941816835427606">More info / tickets</a>]]></description>
      <styleUrl>#yellow-dot.png</styleUrl>
      <Point>
        <coordinates>-0.150534,51.505274,0</coordinates>
      </Point>
    </Placemark>
    <Placemark>
      <name>haruharu wonder x EL&amp;N pop-up</name>
      <description><![CDATA[<b>haruharu wonder x EL&amp;N pop-up</b><br><i>Arts &amp; Social</i><br>Fri 26th Jun – Sun 28th Jun<br>EL&amp;N locations: Park Lane, Westfield &amp; Brompton Road, Park Lane<br>Free<br><br>The first 30 people who buy a Rose cake each day will receive a free Rose PDRN Soothing Serum and Rose PDRN Peptide Glowy Balm.<br><br><a href="https://www.tiktok.com/en/trending/detail/pop-up-events-in-london">More info / tickets</a>]]></description>
      <styleUrl>#yellow-dot.png</styleUrl>
      <Point>
        <coordinates>-0.1851288,51.4792192,0</coordinates>
      </Point>
    </Placemark>
    <Placemark>
      <name>Backgammon &amp; Wax &amp; Mr Thing</name>
      <description><![CDATA[<b>Backgammon &amp; Wax &amp; Mr Thing</b><br><i>Nightlife</i><br>Fri 26th Jun<br>The Horse and Groom<br>Tickets from free<br><br>Backgammon tournament vibes with vinyl DJ Mr Thing and late-night dancing.<br><br><a href="https://thehorseandgroom.designmynight.com/6a280bd8cf94dd33426d744c/backgammon-wax-mr-thing">More info / tickets</a>]]></description>
      <styleUrl>#purple-dot.png</styleUrl>
      <Point>
        <coordinates>-0.1424125,51.5198569,0</coordinates>
      </Point>
    </Placemark>
    <Placemark>
      <name>The Urs concert</name>
      <description><![CDATA[<b>The Urs concert</b><br><i>Music</i><br>Sat 27th Jun<br>EartH<br>Free<br><br>Live performance by The Urs at EartH.<br><br><a href="https://earthackney.co.uk/events/the-urs-27th-jun-earth-london-tickets-xed98m/">More info / tickets</a>]]></description>
      <styleUrl>#purple-dot.png</styleUrl>
      <Point>
        <coordinates>-0.0756966,51.5510448,0</coordinates>
      </Point>
    </Placemark>
    <Placemark>
      <name>Salad Days Market</name>
      <description><![CDATA[<b>Salad Days Market</b><br><i>Food &amp; Drink</i><br>Sat 27th Jun – Sun 28th Jun<br>Battersea Power Station, Battersea<br>Free<br><br>Food market at Battersea Power Station.<br><br><a href="https://batterseapowerstation.co.uk/events/salad-days-market/">More info / tickets</a>]]></description>
      <styleUrl>#red-dot.png</styleUrl>
      <Point>
        <coordinates>-0.1429709,51.4796154,0</coordinates>
      </Point>
    </Placemark>
    <Placemark>
      <name>Switchback Rooftop Party</name>
      <description><![CDATA[<b>Switchback Rooftop Party</b><br><i>Nightlife</i><br>Sat 27th Jun<br>Egg London, London<br>Free<br><br>Rooftop party with DJs Cozzy D and JB.<br><br><a href="https://egglondon.co.uk/events/">More info / tickets</a>]]></description>
      <styleUrl>#purple-dot.png</styleUrl>
      <Point>
        <coordinates>-0.1247881,51.5418275,0</coordinates>
      </Point>
    </Placemark>
    <Placemark>
      <name>England vs Panama</name>
      <description><![CDATA[<b>England vs Panama</b><br><i>Sport &amp; Fitness</i><br>Sat 27th Jun<br>Egg London, London<br>£300<br><br>Free live screening of the football match.<br><br><a href="https://www.theroxy.co.uk/events/neonnights-t2eg4-bse86-ttxym-g36l4-nkk2t">More info / tickets</a>]]></description>
      <styleUrl>#ltblue-dot.png</styleUrl>
      <Point>
        <coordinates>-0.1247881,51.5418275,0</coordinates>
      </Point>
    </Placemark>
    <Placemark>
      <name>Subversive Music Event</name>
      <description><![CDATA[<b>Subversive Music Event</b><br><i>Music</i><br>Sat 27th Jun<br>Egg London, London<br>Free<br><br>A music event with a rebellious theme.<br><br><a href="https://egglondon.co.uk/events/">More info / tickets</a>]]></description>
      <styleUrl>#purple-dot.png</styleUrl>
      <Point>
        <coordinates>-0.1247881,51.5418275,0</coordinates>
      </Point>
    </Placemark>
    <Placemark>
      <name>Football Viewing</name>
      <description><![CDATA[<b>Football Viewing</b><br><i>Sport &amp; Fitness</i><br>Sat 27th Jun<br>Egg London, London<br>Free<br><br>Live screenings of international football matches.<br><br><a href="https://egglondon.co.uk/events/">More info / tickets</a>]]></description>
      <styleUrl>#ltblue-dot.png</styleUrl>
      <Point>
        <coordinates>-0.1247881,51.5418275,0</coordinates>
      </Point>
    </Placemark>
    <Placemark>
      <name>Woof About Dog Market</name>
      <description><![CDATA[<b>Woof About Dog Market</b><br><i>Community</i><br>Sat 27th Jun<br>ISLINGTON SQUARE, Islington<br>Free<br><br>Dog market with treats and shopping for pet owners.<br><br><a href="https://eventsforlondon.co.uk/event/islington-square-welcomes-woof-about-dedicated-dog-market/2026-06-27/">More info / tickets</a>]]></description>
      <styleUrl>#yellow-dot.png</styleUrl>
      <Point>
        <coordinates>-0.1056436,51.5381158,0</coordinates>
      </Point>
    </Placemark>
    <Placemark>
      <name>The Mysterious Case of Sir Percival Lancelot</name>
      <description><![CDATA[<b>The Mysterious Case of Sir Percival Lancelot</b><br><i>Theatre</i><br>Sat 27th Jun<br>The Cockpit, London<br>Free<br><br>A murder mystery dinner with a missing ear.<br><br><a href="https://eventsforlondon.co.uk/event/the-mysterious-case-of-sir-percival-lancelot-and-his-missing-ear/2026-06-27/">More info / tickets</a>]]></description>
      <styleUrl>#blue-dot.png</styleUrl>
      <Point>
        <coordinates>-0.1014917,51.5126882,0</coordinates>
      </Point>
    </Placemark>
    <Placemark>
      <name>The Comedy Store Players</name>
      <description><![CDATA[<b>The Comedy Store Players</b><br><i>Comedy</i><br>Sat 27th Jun<br>The Comedy Store, London<br>From £12<br><br>Improv comedy troupe performs live.<br><br><a href="https://london.thecomedystore.co.uk/whats-on/regular-shows">More info / tickets</a>]]></description>
      <styleUrl>#blue-dot.png</styleUrl>
      <Point>
        <coordinates>-0.1322569,51.5101213,0</coordinates>
      </Point>
    </Placemark>
    <Placemark>
      <name>Big 90s vs 00s Bottomless Brunch</name>
      <description><![CDATA[<b>Big 90s vs 00s Bottomless Brunch</b><br><i>Food &amp; Drink</i><br>Sat 27th Jun – Sat 29th Aug<br>Big Belly Bar &amp; Comedy Club London, London<br>£35.1<br><br>Big 90s vs 00s Bottomless Brunch, a high-energy daytime party packed with nostalgia, drinks, games, and feel-good vibes in the heart of London. Highlights 🥂 Enjoy 90 minutes of bottomless drinks to keep the party flowing. 🍳 Choose a delicious brunch dish from top street-food vendors. 🎶 Sing, dance, and play along with<br><br><a href="https://feverup.com/m/528638">More info / tickets</a>]]></description>
      <styleUrl>#red-dot.png</styleUrl>
      <Point>
        <coordinates>-0.1069201,51.5077742,0</coordinates>
      </Point>
    </Placemark>
    <Placemark>
      <name>POP-KID Dance Party</name>
      <description><![CDATA[<b>POP-KID Dance Party</b><br><i>Music</i><br>Sat 27th Jun<br>Somerset House<br>£19<br><br>Join us at Somerset House for a family-friendly dance party! Get your tickets now for fun, food, and music in London!<br><br><a href="https://feverup.com/m/546334">More info / tickets</a>]]></description>
      <styleUrl>#purple-dot.png</styleUrl>
      <Point>
        <coordinates>-0.1183,51.510698,0</coordinates>
      </Point>
    </Placemark>
    <Placemark>
      <name>Bollywood Boat Party</name>
      <description><![CDATA[<b>Bollywood Boat Party</b><br><i>Music</i><br>Sat 27th Jun<br>Westminster Millennium Pier, Westminster<br>£25<br><br>Bollywood Boat Party is an electrifying night of music and dance on the Thames, London. Get your tickets now for the Bollywood Boat Party! Highlights 🛥️ Dance to the best of Bollywood and Bhangra, all night long! 🍺 Enjoy thirst-quenching drinks available at unbeatable pub prices. 🏙️ Sail down the Thames and soak in stu<br><br><a href="https://feverup.com/en/london/nightlife-clubs">More info / tickets</a>]]></description>
      <styleUrl>#purple-dot.png</styleUrl>
      <Point>
        <coordinates>-0.125074,51.491645,0</coordinates>
      </Point>
    </Placemark>
    <Placemark>
      <name>Old Skool Bingo</name>
      <description><![CDATA[<b>Old Skool Bingo</b><br><i>Nightlife</i><br>Sat 27th Jun<br>Cococure Aldgate, Aldgate<br>£19<br><br>Bingo night with 80s, 90s, and 00s R&amp;B, prizes, and dance competitions.<br><br><a href="https://feverup.com/en/london/nightlife-clubs">More info / tickets</a>]]></description>
      <styleUrl>#purple-dot.png</styleUrl>
      <Point>
        <coordinates>-0.076827,51.513944,0</coordinates>
      </Point>
    </Placemark>
    <Placemark>
      <name>Wild Wild Step: Boot-Stompin’ Country Music &amp; Line Dance</name>
      <description><![CDATA[<b>Wild Wild Step: Boot-Stompin’ Country Music &amp; Line Dance</b><br><i>Music</i><br>Sat 27th Jun – Sat 25th Jul<br>DUO Clapham, Clapham<br>£19<br><br>Live country music and line dancing in a lively setting.<br><br><a href="https://feverup.com/en/london/nightlife-clubs">More info / tickets</a>]]></description>
      <styleUrl>#purple-dot.png</styleUrl>
      <Point>
        <coordinates>-0.1383039,51.4618013,0</coordinates>
      </Point>
    </Placemark>
    <Placemark>
      <name>English Wine Week Mini Festival with DJ Yoda</name>
      <description><![CDATA[<b>English Wine Week Mini Festival with DJ Yoda</b><br><i>Food &amp; Drink</i><br>Sat 27th Jun<br>Vagabond Urban Winery<br>Free<br><br>A mini festival celebrating English wine with DJ Yoda performing.<br><br><a href="https://londontheinside.com/whats-on-this-week/">More info / tickets</a>]]></description>
      <styleUrl>#red-dot.png</styleUrl>
      <Point>
        <coordinates>-0.043216,51.595381,0</coordinates>
      </Point>
    </Placemark>
    <Placemark>
      <name>Le Cordon Bleu Summer Festival</name>
      <description><![CDATA[<b>Le Cordon Bleu Summer Festival</b><br><i>Food &amp; Drink</i><br>Sat 27th Jun<br>Le Cordon Bleu London, Bloomsbury<br>£18 – £55<br><br>Annual culinary festival with cooking demonstrations and tastings.<br><br><a href="https://londoncheapo.com/events/le-cordon-bleu-summer-festival/">More info / tickets</a>]]></description>
      <styleUrl>#red-dot.png</styleUrl>
      <Point>
        <coordinates>-0.123939,51.518779,0</coordinates>
      </Point>
    </Placemark>
    <Placemark>
      <name>The Future Is Fast Pop-Up</name>
      <description><![CDATA[<b>The Future Is Fast Pop-Up</b><br><i>Sport &amp; Fitness</i><br>Sat 27th Jun – Sun 28th Jun<br>Outernet Now Pop 1 &amp; F1 Hub, Oxford Street<br>Check site<br><br>F1 Academy meet-and-greets and interactive sessions.<br><br><a href="https://scouts.yutori.com/inbox/219d1f20-0546-4157-9f07-4d2e598de11a">More info / tickets</a>]]></description>
      <styleUrl>#ltblue-dot.png</styleUrl>
      <Point>
        <coordinates>-0.132512,51.516275,0</coordinates>
      </Point>
    </Placemark>
    <Placemark>
      <name>Tampopo</name>
      <description><![CDATA[<b>Tampopo</b><br><i>Arts &amp; Culture</i><br>Sat 27th Jun<br>The Prince Charles Cinema, Leicester Square<br>$200<br><br>A screening of the cult food-themed film Tampopo.<br><br><a href="https://princecharlescinema.com/film/4417028/tampopo">More info / tickets</a>]]></description>
      <styleUrl>#orange-dot.png</styleUrl>
      <Point>
        <coordinates>-0.129716,51.510963,0</coordinates>
      </Point>
    </Placemark>
    <Placemark>
      <name>The Good, the Bad and the Ugly</name>
      <description><![CDATA[<b>The Good, the Bad and the Ugly</b><br><i>Cultural</i><br>Sat 27th Jun<br>Prince Charles Cinema, London<br>$200<br><br>Classic Western film screening in 35mm.<br><br><a href="https://princecharlescinema.com/next-7-days/">More info / tickets</a>]]></description>
      <styleUrl>#orange-dot.png</styleUrl>
      <Point>
        <coordinates>-0.130123,51.511482,0</coordinates>
      </Point>
    </Placemark>
    <Placemark>
      <name>Paris, Texas</name>
      <description><![CDATA[<b>Paris, Texas</b><br><i>Cultural</i><br>Sat 27th Jun<br>Prince Charles Cinema, London<br>Check site<br><br>Screening of Wim Wenders' 1984 film.<br><br><a href="https://princecharlescinema.com/next-7-days/">More info / tickets</a>]]></description>
      <styleUrl>#orange-dot.png</styleUrl>
      <Point>
        <coordinates>-0.130123,51.511482,0</coordinates>
      </Point>
    </Placemark>
    <Placemark>
      <name>Paris is Burning</name>
      <description><![CDATA[<b>Paris is Burning</b><br><i>Cultural</i><br>Sat 27th Jun<br>Prince Charles Cinema, London<br>Check site<br><br>Documentary about NYC ball culture with intro.<br><br><a href="https://princecharlescinema.com/next-7-days/">More info / tickets</a>]]></description>
      <styleUrl>#orange-dot.png</styleUrl>
      <Point>
        <coordinates>-0.130123,51.511482,0</coordinates>
      </Point>
    </Placemark>
    <Placemark>
      <name>When Harry Met Sally</name>
      <description><![CDATA[<b>When Harry Met Sally</b><br><i>Cultural</i><br>Sat 27th Jun<br>Prince Charles Cinema, London<br>$200<br><br>Romantic comedy classic in 35mm.<br><br><a href="https://princecharlescinema.com/next-7-days/">More info / tickets</a>]]></description>
      <styleUrl>#orange-dot.png</styleUrl>
      <Point>
        <coordinates>-0.130123,51.511482,0</coordinates>
      </Point>
    </Placemark>
    <Placemark>
      <name>The Lord of the Rings Trilogy</name>
      <description><![CDATA[<b>The Lord of the Rings Trilogy</b><br><i>Cultural</i><br>Sat 27th Jun<br>Prince Charles Cinema, London<br>£22<br><br>Extended editions of the fantasy epic in 4K.<br><br><a href="https://princecharlescinema.com/next-7-days/">More info / tickets</a>]]></description>
      <styleUrl>#orange-dot.png</styleUrl>
      <Point>
        <coordinates>-0.130123,51.511482,0</coordinates>
      </Point>
    </Placemark>
    <Placemark>
      <name>The Furious</name>
      <description><![CDATA[<b>The Furious</b><br><i>Arts &amp; Culture</i><br>Sat 27th Jun<br>Prince Charles Cinema, London<br>Check site<br><br>A film screening at Prince Charles Cinema.<br><br><a href="https://princecharlescinema.com/next-7-days/">More info / tickets</a>]]></description>
      <styleUrl>#orange-dot.png</styleUrl>
      <Point>
        <coordinates>-0.130123,51.511482,0</coordinates>
      </Point>
    </Placemark>
    <Placemark>
      <name>Mystery Movie Marathon</name>
      <description><![CDATA[<b>Mystery Movie Marathon</b><br><i>Arts &amp; Culture</i><br>Sat 27th Jun<br>Prince Charles Cinema, London<br>$200<br><br>A marathon of mystery films at Prince Charles Cinema.<br><br><a href="https://princecharlescinema.com/next-7-days/">More info / tickets</a>]]></description>
      <styleUrl>#orange-dot.png</styleUrl>
      <Point>
        <coordinates>-0.130123,51.511482,0</coordinates>
      </Point>
    </Placemark>
    <Placemark>
      <name>Saturday Stand Up Comedy Afternoon Show</name>
      <description><![CDATA[<b>Saturday Stand Up Comedy Afternoon Show</b><br><i>Comedy</i><br>Sat 27th Jun<br>170 Drury Lane<br>£1<br><br>Afternoon comedy show with stand-up performers; tips collected post-show.<br><br><a href="https://thetopsecretcomedyclub.co.uk/events-listings/saturday-330pm-27/">More info / tickets</a>]]></description>
      <styleUrl>#blue-dot.png</styleUrl>
      <Point>
        <coordinates>-0.1229779,51.5153948,0</coordinates>
      </Point>
    </Placemark>
    <Placemark>
      <name>Stand Up Comedy Early Show</name>
      <description><![CDATA[<b>Stand Up Comedy Early Show</b><br><i>Comedy</i><br>Sat 27th Jun<br>170 Drury Lane<br>£12<br><br>Early evening comedy performance.<br><br><a href="https://thetopsecretcomedyclub.co.uk/events-listings/saturday-6pm-26/">More info / tickets</a>]]></description>
      <styleUrl>#blue-dot.png</styleUrl>
      <Point>
        <coordinates>-0.1229779,51.5153948,0</coordinates>
      </Point>
    </Placemark>
    <Placemark>
      <name>Stand Up Comedy 7pm Show</name>
      <description><![CDATA[<b>Stand Up Comedy 7pm Show</b><br><i>Comedy</i><br>Sat 27th Jun<br>23 Kingsway<br>£15<br><br>Evening comedy performance.<br><br><a href="https://thetopsecretcomedyclub.co.uk/events-listings/saturday-7pm-36/">More info / tickets</a>]]></description>
      <styleUrl>#blue-dot.png</styleUrl>
      <Point>
        <coordinates>-0.2316755,51.3976177,0</coordinates>
      </Point>
    </Placemark>
    <Placemark>
      <name>Stand Up Comedy Late Show</name>
      <description><![CDATA[<b>Stand Up Comedy Late Show</b><br><i>Comedy</i><br>Sat 27th Jun<br>170 Drury Lane<br>£20<br><br>Late-night comedy performance.<br><br><a href="https://thetopsecretcomedyclub.co.uk/events-listings/saturday-stand-up-comedy-late-show-211/">More info / tickets</a>]]></description>
      <styleUrl>#blue-dot.png</styleUrl>
      <Point>
        <coordinates>-0.1229779,51.5153948,0</coordinates>
      </Point>
    </Placemark>
    <Placemark>
      <name>World Cup Screening: England vs Panama</name>
      <description><![CDATA[<b>World Cup Screening: England vs Panama</b><br><i>Sport &amp; Fitness</i><br>Sat 27th Jun<br>23 Kingsway<br>£5<br><br>Watch England's World Cup match with a free drink.<br><br><a href="https://thetopsecretcomedyclub.co.uk/events-listings/world-cup-screening-england-vs-panama/">More info / tickets</a>]]></description>
      <styleUrl>#ltblue-dot.png</styleUrl>
      <Point>
        <coordinates>-0.2316755,51.3976177,0</coordinates>
      </Point>
    </Placemark>
    <Placemark>
      <name>Stand Up Comedy Late Late Show</name>
      <description><![CDATA[<b>Stand Up Comedy Late Late Show</b><br><i>Comedy</i><br>Sat 27th Jun<br>170 Drury Lane<br>£11<br><br>Very late-night comedy performance.<br><br><a href="https://thetopsecretcomedyclub.co.uk/events-listings/saturday-1045-26/">More info / tickets</a>]]></description>
      <styleUrl>#blue-dot.png</styleUrl>
      <Point>
        <coordinates>-0.1229779,51.5153948,0</coordinates>
      </Point>
    </Placemark>
    <Placemark>
      <name>How to Be Spooky</name>
      <description><![CDATA[<b>How to Be Spooky</b><br><i>Comedy</i><br>Sat 27th Jun<br>The Bill Murray, Islington<br>£11.70<br><br>Comedy show with a spooky theme.<br><br><a href="https://www.angelcomedy.co.uk/bill-murray/">More info / tickets</a>]]></description>
      <styleUrl>#blue-dot.png</styleUrl>
      <Point>
        <coordinates>-0.098819,51.536251,0</coordinates>
      </Point>
    </Placemark>
    <Placemark>
      <name>Celya Ab: Work in Progress</name>
      <description><![CDATA[<b>Celya Ab: Work in Progress</b><br><i>Comedy</i><br>Sat 27th Jun<br>The Bill Murray, Islington<br>£8.99<br><br>Comedian Celya Ab tests new material.<br><br><a href="https://www.angelcomedy.co.uk/bill-murray/">More info / tickets</a>]]></description>
      <styleUrl>#blue-dot.png</styleUrl>
      <Point>
        <coordinates>-0.098819,51.536251,0</coordinates>
      </Point>
    </Placemark>
    <Placemark>
      <name>Angel Comedy Saturdays</name>
      <description><![CDATA[<b>Angel Comedy Saturdays</b><br><i>Comedy</i><br>Sat 27th Jun<br>The Bill Murray, Islington<br>Free<br><br>Stand-up comedy show at The Bill Murray.<br><br><a href="https://www.angelcomedy.co.uk/bill-murray/">More info / tickets</a>]]></description>
      <styleUrl>#blue-dot.png</styleUrl>
      <Point>
        <coordinates>-0.098819,51.536251,0</coordinates>
      </Point>
    </Placemark>
    <Placemark>
      <name>World Cup Watch Party</name>
      <description><![CDATA[<b>World Cup Watch Party</b><br><i>Sport &amp; Fitness</i><br>Sat 27th Jun<br>The Bill Murray, Islington<br>£5<br><br>Watch Panama vs England with fellow fans.<br><br><a href="https://pit.live/events/world-cup-2026-panama-vs-england">More info / tickets</a>]]></description>
      <styleUrl>#ltblue-dot.png</styleUrl>
      <Point>
        <coordinates>-0.098819,51.536251,0</coordinates>
      </Point>
    </Placemark>
    <Placemark>
      <name>Little London Ballet: Cirque Carnival</name>
      <description><![CDATA[<b>Little London Ballet: Cirque Carnival</b><br><i>Theatre</i><br>Sat 27th Jun – Sun 28th Jun<br>Pentland Theatre<br>£28<br><br>A ballet performance with circus elements.<br><br><a href="https://www.artsdepot.co.uk/event/little-london-ballet-cirque-carnival/#book-now">More info / tickets</a>]]></description>
      <styleUrl>#blue-dot.png</styleUrl>
      <Point>
        <coordinates>-0.1209334,51.5101801,0</coordinates>
      </Point>
    </Placemark>
    <Placemark>
      <name>Earthfest Community Day</name>
      <description><![CDATA[<b>Earthfest Community Day</b><br><i>Community</i><br>Sat 27th Jun – Thu 25th Jun<br>Aga Khan Centre, Kings Cross<br>0.00<br><br>A community event celebrating environmental themes and activities.<br><br><a href="https://www.ianvisits.co.uk/calendar/earthfest-community-day-431468/">More info / tickets</a>]]></description>
      <styleUrl>#yellow-dot.png</styleUrl>
      <Point>
        <coordinates>-0.1239491,51.530609,0</coordinates>
      </Point>
    </Placemark>
    <Placemark>
      <name>Cabinet of Curiosities</name>
      <description><![CDATA[<b>Cabinet of Curiosities</b><br><i>Arts &amp; Culture</i><br>Sat 27th Jun<br>Transport Museum Acton Depot<br>0.00<br><br>An exhibition showcasing unusual and fascinating artifacts.<br><br><a href="https://www.ianvisits.co.uk/calendar/cabinet-of-curiosities-430792/">More info / tickets</a>]]></description>
      <styleUrl>#orange-dot.png</styleUrl>
      <Point>
        <coordinates>-0.2813129,51.5047198,0</coordinates>
      </Point>
    </Placemark>
    <Placemark>
      <name>Limmo Pensinula: a new neighbourhood for Canning Town</name>
      <description><![CDATA[<b>Limmo Pensinula: a new neighbourhood for Canning Town</b><br><i>Community</i><br>Sat 27th Jun – Thu 25th Jun<br>Transport Museum Acton Depot, Canning Town<br>0.00<br><br>Explore the development of a new neighbourhood in Canning Town.<br><br><a href="https://www.ianvisits.co.uk/calendar/limmo-pensinula-a-new-neighbourhood-for-canning-town-430793/">More info / tickets</a>]]></description>
      <styleUrl>#yellow-dot.png</styleUrl>
      <Point>
        <coordinates>-0.2813129,51.5047198,0</coordinates>
      </Point>
    </Placemark>
    <Placemark>
      <name>The Festival of Stuff 2026</name>
      <description><![CDATA[<b>The Festival of Stuff 2026</b><br><i>Festival</i><br>Sat 27th Jun<br>Transport Museum Acton Depot<br>0.00<br><br>A festival celebrating various forms of creativity and culture.<br><br><a href="https://www.ianvisits.co.uk/calendar/the-festival-of-stuff-2026-431347/">More info / tickets</a>]]></description>
      <styleUrl>#orange-dot.png</styleUrl>
      <Point>
        <coordinates>-0.2813129,51.5047198,0</coordinates>
      </Point>
    </Placemark>
    <Placemark>
      <name>Meet the Author: Emily Garside - Rainbow Wales</name>
      <description><![CDATA[<b>Meet the Author: Emily Garside - Rainbow Wales</b><br><i>Arts &amp; Social</i><br>Sat 27th Jun<br>Queer Britain<br>16.45<br><br>An author talk and discussion about the book Rainbow Wales.<br><br><a href="https://www.ianvisits.co.uk/calendar/meet-the-author-emily-garside-rainbow-wales-431353/">More info / tickets</a>]]></description>
      <styleUrl>#yellow-dot.png</styleUrl>
      <Point>
        <coordinates>-0.1239054,51.5356967,0</coordinates>
      </Point>
    </Placemark>
    <Placemark>
      <name>Tours of the Lyceum Theatre</name>
      <description><![CDATA[<b>Tours of the Lyceum Theatre</b><br><i>Theatre</i><br>Sat 27th Jun<br>Central Criminal Court (Old Bailey)<br>17.50<br><br>Explore the history and architecture of the Lyceum Theatre.<br><br><a href="https://www.ianvisits.co.uk/calendar/tours-of-the-lyceum-theatre-425760/">More info / tickets</a>]]></description>
      <styleUrl>#blue-dot.png</styleUrl>
      <Point>
        <coordinates>-0.102209,51.515077,0</coordinates>
      </Point>
    </Placemark>
    <Placemark>
      <name>Billingsgate Roman House and Baths tour</name>
      <description><![CDATA[<b>Billingsgate Roman House and Baths tour</b><br><i>Cultural</i><br>Sat 27th Jun<br>Central Criminal Court (Old Bailey)<br>16.96<br><br>Discover ancient Roman ruins and baths in London.<br><br><a href="https://www.ianvisits.co.uk/calendar/billingsgate-roman-house-and-baths-tour-429370/">More info / tickets</a>]]></description>
      <styleUrl>#orange-dot.png</styleUrl>
      <Point>
        <coordinates>-0.102209,51.515077,0</coordinates>
      </Point>
    </Placemark>
    <Placemark>
      <name>Resilient Roots: Soil &amp; Climate</name>
      <description><![CDATA[<b>Resilient Roots: Soil &amp; Climate</b><br><i>Arts &amp; Social</i><br>Sat 27th Jun<br>Central Criminal Court (Old Bailey)<br>0.00<br><br>Learn about soil health and climate resilience.<br><br><a href="https://www.ianvisits.co.uk/calendar/resilient-roots-soil-climate-2-430688/">More info / tickets</a>]]></description>
      <styleUrl>#yellow-dot.png</styleUrl>
      <Point>
        <coordinates>-0.102209,51.515077,0</coordinates>
      </Point>
    </Placemark>
    <Placemark>
      <name>St Mary Islington - Church and Tower tour</name>
      <description><![CDATA[<b>St Mary Islington - Church and Tower tour</b><br><i>Cultural</i><br>Sat 27th Jun<br>St Mary's church Islington, Islington<br>16.96<br><br>Tour the historic St Mary's church and its tower.<br><br><a href="https://www.ianvisits.co.uk/calendar/st-mary-islington-church-and-tower-tour-4-427803/">More info / tickets</a>]]></description>
      <styleUrl>#orange-dot.png</styleUrl>
      <Point>
        <coordinates>-0.1017197,51.5384067,0</coordinates>
      </Point>
    </Placemark>
    <Placemark>
      <name>Seven Dials walk: the 1920s and 1930s</name>
      <description><![CDATA[<b>Seven Dials walk: the 1920s and 1930s</b><br><i>Cultural</i><br>Sat 27th Jun<br>Seven Dials<br>25<br><br>Explore London's 1920s and 1930s history on a walking tour.<br><br><a href="https://www.ianvisits.co.uk/calendar/seven-dials-walk-the-1920s-and-1930s-and-the-making-of-modern-london-430902/">More info / tickets</a>]]></description>
      <styleUrl>#orange-dot.png</styleUrl>
      <Point>
        <coordinates>-0.1267321,51.5148427,0</coordinates>
      </Point>
    </Placemark>
    <Placemark>
      <name>Historic Highlights of Highgate Village</name>
      <description><![CDATA[<b>Historic Highlights of Highgate Village</b><br><i>Cultural</i><br>Sat 27th Jun<br>Highgate<br>21<br><br>Guided tour of Highgate's historic sites and stories.<br><br><a href="https://www.ianvisits.co.uk/calendar/historic-highlights-of-highgate-village-tour-425429/">More info / tickets</a>]]></description>
      <styleUrl>#orange-dot.png</styleUrl>
      <Point>
        <coordinates>-0.1492397,51.5706446,0</coordinates>
      </Point>
    </Placemark>
    <Placemark>
      <name>70s, 80s Disco and Funk</name>
      <description><![CDATA[<b>70s, 80s Disco and Funk</b><br><i>Music</i><br>Sat 27th Jun<br>Rivoli Ballroom<br>£17.60<br><br>Disco and funk night with DJ Kobayashi at a historic ballroom.<br><br><a href="https://rouges-70s-80s-disco-and-funk.designmynight.com/69ad598d9a4415055c63b9dc/70s-80s-disco-and-funk-at-the-rivoli-ballroom-6">More info / tickets</a>]]></description>
      <styleUrl>#purple-dot.png</styleUrl>
      <Point>
        <coordinates>-0.0373828,51.4553342,0</coordinates>
      </Point>
    </Placemark>
    <Placemark>
      <name>Bougie Drag East</name>
      <description><![CDATA[<b>Bougie Drag East</b><br><i>Nightlife</i><br>Sat 27th Jun<br>45 London<br>Tickets from £14.30 – £19.80<br><br>BOUGIE DRAG EAST – LONDON’S MOST BOUGIE LUXURY DRAG BRUNCH Bottomless cocktails, outrageous drag queens and a brunch party that always brings the big celebrations energy! Created by the UK’s #1 voted drag brunch company since 2016, Bougie Drag East brings our iconic daytime party to the stunning surroundings of 45 Lond<br><br><a href="https://bougie-drag-events.designmynight.com/697a54d322a77625c8729941/bougie-drag-east">More info / tickets</a>]]></description>
      <styleUrl>#purple-dot.png</styleUrl>
      <Point>
        <coordinates>-0.0561079,51.4396531,0</coordinates>
      </Point>
    </Placemark>
    <Placemark>
      <name>Old School R&amp;B Brunch</name>
      <description><![CDATA[<b>Old School R&amp;B Brunch</b><br><i>Music</i><br>Sat 27th Jun<br>The Steel Yard<br>£17.60<br><br>Nostalgic R&amp;B brunch with interactive games.<br><br><a href="https://old-school-rb-brunch.designmynight.com/690b3923246d5215b672132a/old-school-rb-brunch-london-34">More info / tickets</a>]]></description>
      <styleUrl>#purple-dot.png</styleUrl>
      <Point>
        <coordinates>-0.092813,51.514993,0</coordinates>
      </Point>
    </Placemark>
    <Placemark>
      <name>Garage Brunch</name>
      <description><![CDATA[<b>Garage Brunch</b><br><i>Music</i><br>Sat 27th Jun<br>Simmons Holborn, Holborn<br>Tickets from £14.30 – £19.80<br><br>Garage Brunch™ – the UK’s #1 day party for lovers of old-school UKG. From the moment the doors open, enjoy an hour of bottomless cocktails followed by our delicious brunch box courtesy of our caterers ‘Mums House’. Legendary resident DJs such as the likes of Lonyo and Sticky will be spinning back-to-back garage anthems<br><br><a href="https://garagebrunch.designmynight.com/69a83b58c46c3e2ead0d92b4/garage-brunch-june-27th">More info / tickets</a>]]></description>
      <styleUrl>#purple-dot.png</styleUrl>
      <Point>
        <coordinates>-0.1193216,51.5176447,0</coordinates>
      </Point>
    </Placemark>
    <Placemark>
      <name>AfroBashment Day Party</name>
      <description><![CDATA[<b>AfroBashment Day Party</b><br><i>Music</i><br>Sat 27th Jun<br>Simmons Holborn, Holborn<br>Tickets from £14.30 – £19.80<br><br>Afro-Caribbean music day party with reggae, bashment, and afrobeats.<br><br><a href="https://hiphopbrunchldn.designmynight.com/69a832ad162491385f1746a4/afrobashment-day-party-june-27th">More info / tickets</a>]]></description>
      <styleUrl>#purple-dot.png</styleUrl>
      <Point>
        <coordinates>-0.1193216,51.5176447,0</coordinates>
      </Point>
    </Placemark>
    <Placemark>
      <name>KIKI Drag Cabaret</name>
      <description><![CDATA[<b>KIKI Drag Cabaret</b><br><i>Nightlife</i><br>Sat 27th Jun<br>Queen of Hoxton, Shoreditch<br>£14.30 – £19.80<br><br>A lively drag show with comedy, music, and prosecco at Queen of Hoxton.<br><br><a href="https://www.designmynight.com/london/whats-on/best-events-in-may">More info / tickets</a>]]></description>
      <styleUrl>#purple-dot.png</styleUrl>
      <Point>
        <coordinates>-0.081156,51.522163,0</coordinates>
      </Point>
    </Placemark>
    <Placemark>
      <name>Red Dog's Bottomless Country Brunch</name>
      <description><![CDATA[<b>Red Dog's Bottomless Country Brunch</b><br><i>Food &amp; Drink</i><br>Sat 27th Jun<br>Red Dog Saloon Shoreditch, Shoreditch<br>£48.06 – £283.02<br><br>Nashville-themed brunch with live country music and unlimited drinks.<br><br><a href="https://www.designmynight.com/london/whats-on/best-events-in-may">More info / tickets</a>]]></description>
      <styleUrl>#red-dot.png</styleUrl>
      <Point>
        <coordinates>-0.0806126,51.527384,0</coordinates>
      </Point>
    </Placemark>
    <Placemark>
      <name>Big Top 90's VS 00's Brunch</name>
      <description><![CDATA[<b>Big Top 90's VS 00's Brunch</b><br><i>Nightlife</i><br>Sat 27th Jun<br>Trapeze, East London<br>£43.94 – £49.62<br><br>A retro brunch with live DJs playing hits from the 90s and 2000s.<br><br><a href="https://www.designmynight.com/london/whats-on/best-events-in-may">More info / tickets</a>]]></description>
      <styleUrl>#purple-dot.png</styleUrl>
      <Point>
        <coordinates>-0.0833109,51.5257616,0</coordinates>
      </Point>
    </Placemark>
    <Placemark>
      <name>PBH Free Fringe Weekend</name>
      <description><![CDATA[<b>PBH Free Fringe Weekend</b><br><i>Comedy</i><br>Sat 27th Jun – Sun 28th Jun<br>Colab Tower, London<br>Free<br><br>Two-day free comedy festival with 40 shows, donations welcome.<br><br><a href="https://www.londontheatres.com/events/comedy">More info / tickets</a>]]></description>
      <styleUrl>#blue-dot.png</styleUrl>
      <Point>
        <coordinates>-0.0754722,51.5055748,0</coordinates>
      </Point>
    </Placemark>
    <Placemark>
      <name>Family Creative Learning</name>
      <description><![CDATA[<b>Family Creative Learning</b><br><i>Family</i><br>Sat 27th Jun – Sun 19th Jul<br>The National Gallery<br>Free<br><br>Free drop-in art activities for families at the National Gallery.<br><br><a href="https://www.nationalgallery.org.uk/events/ccl-welcome-space-weekends-and-holidays">More info / tickets</a>]]></description>
      <styleUrl>#green-dot.png</styleUrl>
      <Point>
        <coordinates>-0.129486,51.508428,0</coordinates>
      </Point>
    </Placemark>
    <Placemark>
      <name>David Attenborough: A Life on Our Planet</name>
      <description><![CDATA[<b>David Attenborough: A Life on Our Planet</b><br><i>Arts &amp; Culture</i><br>Sat 27th Jun<br>Phoenix Cinema, East Finchley<br>Check site<br><br>A documentary with a live introduction by Michael Palin.<br><br><a href="https://www.phoenixcinema.co.uk/PhoenixCinemaLondon.dll/WhatsOn">More info / tickets</a>]]></description>
      <styleUrl>#orange-dot.png</styleUrl>
      <Point>
        <coordinates>-0.1637085,51.5885079,0</coordinates>
      </Point>
    </Placemark>
    <Placemark>
      <name>Mohanlal Live London</name>
      <description><![CDATA[<b>Mohanlal Live London</b><br><i>Music</i><br>Sat 27th Jun<br>The OVO Arena, Wembley, Wembley<br>From EUR €157<br><br>A Malayalam music and performance show featuring Mohanlal.<br><br><a href="https://www.ovoarena.co.uk/events/detail/mohanlal">More info / tickets</a>]]></description>
      <styleUrl>#purple-dot.png</styleUrl>
      <Point>
        <coordinates>-0.283702,51.558179,0</coordinates>
      </Point>
    </Placemark>
    <Placemark>
      <name>Massi's Yard Brunch</name>
      <description><![CDATA[<b>Massi's Yard Brunch</b><br><i>Food &amp; Drink</i><br>Sat 27th Jun<br>Jaks Mayfair, Mayfair<br>£20<br><br>90s and 00s Bhangra and Bollywood brunch with live music.<br><br><a href="https://www.skiddle.com/whats-on/London/">More info / tickets</a>]]></description>
      <styleUrl>#red-dot.png</styleUrl>
      <Point>
        <coordinates>-0.149,51.50954,0</coordinates>
      </Point>
    </Placemark>
    <Placemark>
      <name>VIVA Reggaeton World Cup</name>
      <description><![CDATA[<b>VIVA Reggaeton World Cup</b><br><i>Sport &amp; Fitness</i><br>Sat 27th Jun – Sun 28th Jun<br>Fire Club And The Garden Vauxhall, Vauxhall<br>£180<br><br>Live screening of Colombia vs Portugal with a party.<br><br><a href="https://www.skiddle.com/whats-on/London/">More info / tickets</a>]]></description>
      <styleUrl>#ltblue-dot.png</styleUrl>
      <Point>
        <coordinates>-0.1229297,51.4874834,0</coordinates>
      </Point>
    </Placemark>
    <Placemark>
      <name>FANZONE 4D x Electric Ballroom: England v Panama</name>
      <description><![CDATA[<b>FANZONE 4D x Electric Ballroom: England v Panama</b><br><i>Sport &amp; Fitness</i><br>Sat 27th Jun<br>Electric Ballroom, Camden<br>£30<br><br>Watch England's World Cup match against Panama with free standing tickets available.<br><br><a href="https://www.skiddle.com/whats-on/London/">More info / tickets</a>]]></description>
      <styleUrl>#ltblue-dot.png</styleUrl>
      <Point>
        <coordinates>-0.142943,51.5397245,0</coordinates>
      </Point>
    </Placemark>
    <Placemark>
      <name>England vs Panama - World Cup</name>
      <description><![CDATA[<b>England vs Panama - World Cup</b><br><i>Sport &amp; Fitness</i><br>Sat 27th Jun – Sun 28th Jun<br>Metropolis London, Vauxhall<br>£20<br><br>Watch the England vs Panama World Cup match on big screens with live DJs and food.<br><br><a href="https://www.skiddle.com/whats-on/London/">More info / tickets</a>]]></description>
      <styleUrl>#ltblue-dot.png</styleUrl>
      <Point>
        <coordinates>-0.122773,51.487563,0</coordinates>
      </Point>
    </Placemark>
    <Placemark>
      <name>Getaway Comedy Soho</name>
      <description><![CDATA[<b>Getaway Comedy Soho</b><br><i>Comedy</i><br>Sat 27th Jun<br>Soho Zebrano, Soho<br>£12.50<br><br>Stand-up comedy showcase featuring top acts and rising stars in Soho.<br><br><a href="https://www.skiddle.com/whats-on/London/">More info / tickets</a>]]></description>
      <styleUrl>#blue-dot.png</styleUrl>
      <Point>
        <coordinates>-0.136524,51.513546,0</coordinates>
      </Point>
    </Placemark>
    <Placemark>
      <name>Two Tribes World Cup - England vs Panama</name>
      <description><![CDATA[<b>Two Tribes World Cup - England vs Panama</b><br><i>Sport &amp; Fitness</i><br>Sat 27th Jun<br>Two Tribes Campfire, London<br>£20<br><br>Outdoor World Cup watch party with festival vibes and lively atmosphere.<br><br><a href="https://www.skiddle.com/whats-on/London/">More info / tickets</a>]]></description>
      <styleUrl>#ltblue-dot.png</styleUrl>
      <Point>
        <coordinates>-0.1230423,51.5430281,0</coordinates>
      </Point>
    </Placemark>
    <Placemark>
      <name>Hackney Wick Fanzone: England vs Panama</name>
      <description><![CDATA[<b>Hackney Wick Fanzone: England vs Panama</b><br><i>Sport &amp; Fitness</i><br>Sat 27th Jun – Sun 28th Jun<br>Colour Factory London, Hackney Wick<br>£60<br><br>Watch England's World Cup match against Panama in Hackney Wick's official Fanzone.<br><br><a href="https://www.skiddle.com/whats-on/London/">More info / tickets</a>]]></description>
      <styleUrl>#ltblue-dot.png</styleUrl>
      <Point>
        <coordinates>-0.0227665,51.5432367,0</coordinates>
      </Point>
    </Placemark>
    <Placemark>
      <name>Brick Lane Fan Zone: England vs Panama</name>
      <description><![CDATA[<b>Brick Lane Fan Zone: England vs Panama</b><br><i>Sport &amp; Fitness</i><br>Sat 27th Jun – Sun 28th Jun<br>Ely's Yard The Old Truman Brewery, Brick Lane<br>£45<br><br>Official World Cup Fanzone in Brick Lane for England vs Panama.<br><br><a href="https://www.skiddle.com/whats-on/London/">More info / tickets</a>]]></description>
      <styleUrl>#ltblue-dot.png</styleUrl>
      <Point>
        <coordinates>-0.0706571,51.5174584,0</coordinates>
      </Point>
    </Placemark>
    <Placemark>
      <name>England vs Panama @ Bread and Butter Arch</name>
      <description><![CDATA[<b>England vs Panama @ Bread and Butter Arch</b><br><i>Sport &amp; Fitness</i><br>Sat 27th Jun – Sun 28th Jun<br>Bread And Butter Arch, Hackney<br>£8.50<br><br>Screening of England vs Panama World Cup match in Hackney.<br><br><a href="https://www.skiddle.com/whats-on/London/">More info / tickets</a>]]></description>
      <styleUrl>#ltblue-dot.png</styleUrl>
      <Point>
        <coordinates>-0.047669054262764424,51.54888185,0</coordinates>
      </Point>
    </Placemark>
    <Placemark>
      <name>It'sComingHomeZone: England vs Panama</name>
      <description><![CDATA[<b>It'sComingHomeZone: England vs Panama</b><br><i>Sport &amp; Fitness</i><br>Sat 27th Jun – Sun 28th Jun<br>Ministry Of Sound, Elephant and Castle<br>£7.50<br><br>Watch England's World Cup match at Ministry of Sound's fan zone.<br><br><a href="https://www.skiddle.com/whats-on/London/">More info / tickets</a>]]></description>
      <styleUrl>#ltblue-dot.png</styleUrl>
      <Point>
        <coordinates>-0.0994957,51.4977677,0</coordinates>
      </Point>
    </Placemark>
    <Placemark>
      <name>Idrées Ensemble: Live at Holy Sepulchre</name>
      <description><![CDATA[<b>Idrées Ensemble: Live at Holy Sepulchre</b><br><i>Music</i><br>Sat 27th Jun<br>Holy Sepulchre Church, City of London<br>£65<br><br>Medieval choral music exploring science and the sacred.<br><br><a href="https://www.skiddle.com/whats-on/London/">More info / tickets</a>]]></description>
      <styleUrl>#purple-dot.png</styleUrl>
      <Point>
        <coordinates>-0.1436873,51.524373,0</coordinates>
      </Point>
    </Placemark>
    <Placemark>
      <name>Summer Bollywood Desi boat party</name>
      <description><![CDATA[<b>Summer Bollywood Desi boat party</b><br><i>Music</i><br>Sat 27th Jun – Sun 28th Jun<br>Crown Pier, London<br>£20<br><br>Bollywood and Bhangra music on a Thames boat with drinks, food, and football screening.<br><br><a href="https://www.skiddle.com/whats-on/London/">More info / tickets</a>]]></description>
      <styleUrl>#purple-dot.png</styleUrl>
      <Point>
        <coordinates>-0.1098881,51.5107115,0</coordinates>
      </Point>
    </Placemark>
    <Placemark>
      <name>Anyma presents ÆDEN</name>
      <description><![CDATA[<b>Anyma presents ÆDEN</b><br><i>Music</i><br>Sat 27th Jun – Sun 28th Jun<br>Silverworks Island, London<br>£301.95<br><br>Electronic music show by renowned DJ and producer Anyma.<br><br><a href="https://www.skiddle.com/whats-on/events/London?eventType=FEST&amp;radius=15&amp;">More info / tickets</a>]]></description>
      <styleUrl>#purple-dot.png</styleUrl>
      <Point>
        <coordinates>0.036304,51.504036,0</coordinates>
      </Point>
    </Placemark>
    <Placemark>
      <name>Comedy Fete presents The Comedy Show</name>
      <description><![CDATA[<b>Comedy Fete presents The Comedy Show</b><br><i>Comedy</i><br>Sat 27th Jun – Sun 28th Jun<br>Holiday Inn London Brentford Lock, Brentford<br>£450<br><br>Summer comedy show featuring stand-up acts.<br><br><a href="https://www.skiddle.com/whats-on/events/London/?eventType=COMEDY&amp;">More info / tickets</a>]]></description>
      <styleUrl>#blue-dot.png</styleUrl>
      <Point>
        <coordinates>-0.3063,51.48347,0</coordinates>
      </Point>
    </Placemark>
    <Placemark>
      <name>Dame Ida International Cabaret Show</name>
      <description><![CDATA[<b>Dame Ida International Cabaret Show</b><br><i>Music</i><br>Sat 27th Jun<br>The Wortley House Hotel, Doncaster<br>Check site<br><br>A cabaret performance ahead of Scunthorpe Pride.<br><br><a href="https://www.skiddle.com/whats-on/Doncaster/The-Wortley-House-Hotel/Dame-Ida-International-Cabaret-Show-Sold-Out-Online/42436080/">More info / tickets</a>]]></description>
      <styleUrl>#purple-dot.png</styleUrl>
      <Point>
        <coordinates>0.01626,51.62639,0</coordinates>
      </Point>
    </Placemark>
    <Placemark>
      <name>Cards Convention - Trading Card Event</name>
      <description><![CDATA[<b>Cards Convention - Trading Card Event</b><br><i>Arts &amp; Culture</i><br>Sat 27th Jun – Sun 28th Jun<br>BOXPARK CROYDON, Croydon<br>£22.50<br><br>A trading card and collectibles event for fans and collectors.<br><br><a href="https://www.skiddle.com/whats-on/events/London/?eventType=EXHIB,EXPER,DRIVEIN,KIDS&amp;">More info / tickets</a>]]></description>
      <styleUrl>#orange-dot.png</styleUrl>
      <Point>
        <coordinates>-0.0937235,51.3749814,0</coordinates>
      </Point>
    </Placemark>
    <Placemark>
      <name>Buff Bingo Bottomless Drag</name>
      <description><![CDATA[<b>Buff Bingo Bottomless Drag</b><br><i>Nightlife</i><br>Sat 27th Jun<br>Fire London / Vauxhall Food And Beer Garden, Vauxhall<br>£10<br><br>Drag bingo brunch with drag queens and drinks.<br><br><a href="https://www.skiddle.com/whats-on/London/drag-shows/">More info / tickets</a>]]></description>
      <styleUrl>#purple-dot.png</styleUrl>
      <Point>
        <coordinates>-0.1229297,51.4874834,0</coordinates>
      </Point>
    </Placemark>
    <Placemark>
      <name>Divas, Disco &amp; Drag Garden Party</name>
      <description><![CDATA[<b>Divas, Disco &amp; Drag Garden Party</b><br><i>Nightlife</i><br>Sat 27th Jun<br>The Elmhurst, London<br>£0<br><br>Free outdoor party with disco DJs and drag entertainment.<br><br><a href="https://www.skiddle.com/whats-on/London/drag-shows/">More info / tickets</a>]]></description>
      <styleUrl>#purple-dot.png</styleUrl>
      <Point>
        <coordinates>-0.075939,51.598349,0</coordinates>
      </Point>
    </Placemark>
    <Placemark>
      <name>Julie’s Bicycle – Culture’s Role in Fossil Fuel Phase-out</name>
      <description><![CDATA[<b>Julie’s Bicycle – Culture’s Role in Fossil Fuel Phase-out</b><br><i>Arts &amp; Culture</i><br>Sat 27th Jun<br>Somerset House, Strand<br>Check site<br><br>Discussion on creative climate action with artists.<br><br><a href="https://www.somersethouse.org.uk/whats-on">More info / tickets</a>]]></description>
      <styleUrl>#orange-dot.png</styleUrl>
      <Point>
        <coordinates>-0.11689232823185038,51.512029556237245,0</coordinates>
      </Point>
    </Placemark>
    <Placemark>
      <name>Cirque Du Soul Summer Day Party</name>
      <description><![CDATA[<b>Cirque Du Soul Summer Day Party</b><br><i>Music</i><br>Sat 27th Jun<br>The Cause London, London<br>£35<br><br>Annual outdoor summer party with circus and soul music.<br><br><a href="https://www.skiddle.com/whats-on/London/The-Cause-London/Cirque-Du-Soul-London--Summer-Day-Party/41958244/">More info / tickets</a>]]></description>
      <styleUrl>#purple-dot.png</styleUrl>
      <Point>
        <coordinates>-0.1648137,51.5871881,0</coordinates>
      </Point>
    </Placemark>
    <Placemark>
      <name>One Masif ATT presents HTML</name>
      <description><![CDATA[<b>One Masif ATT presents HTML</b><br><i>Music</i><br>Sat 27th Jun<br>Onyx, E1<br>£20<br><br>Hard trance music night featuring One Masif ATT.<br><br><a href="https://www.skiddle.com/whats-on/London/Onyx-%28E1%29/One-Masif-ATT-presents-HTML/42085031/">More info / tickets</a>]]></description>
      <styleUrl>#purple-dot.png</styleUrl>
      <Point>
        <coordinates>-0.0550234,51.5876459,0</coordinates>
      </Point>
    </Placemark>
    <Placemark>
      <name>Clockwork Orange</name>
      <description><![CDATA[<b>Clockwork Orange</b><br><i>Nightlife</i><br>Sat 27th Jun<br>Studio 338, London<br>£50<br><br>Outdoor daytime club party with UK's celebrated institution.<br><br><a href="https://www.skiddle.com/whats-on/London/Studio-338/Clockwork-Orange---Studio-338---London/42308984/">More info / tickets</a>]]></description>
      <styleUrl>#purple-dot.png</styleUrl>
      <Point>
        <coordinates>0.0047635,51.4954879,0</coordinates>
      </Point>
    </Placemark>
    <Placemark>
      <name>Beyond Pride Warm Up</name>
      <description><![CDATA[<b>Beyond Pride Warm Up</b><br><i>Nightlife</i><br>Sat 27th Jun – Sun 28th Jun<br>FIRE Nightclub London, London<br>£35<br><br>Pride warm-up party with Contact Room at FIRE Nightclub.<br><br><a href="https://www.skiddle.com/whats-on/London/FIRE-Nightclub-London/Beyond-Pride-Warm-Up/42447984/">More info / tickets</a>]]></description>
      <styleUrl>#purple-dot.png</styleUrl>
      <Point>
        <coordinates>-0.1241658,51.484479,0</coordinates>
      </Point>
    </Placemark>
    <Placemark>
      <name>WERKS.Curated Designer Pop-Up</name>
      <description><![CDATA[<b>WERKS.Curated Designer Pop-Up</b><br><i>Arts &amp; Social</i><br>Sat 27th Jun<br>15 Middle St<br>Free<br><br>WERKS.Curated Designer Pop-up is a lively, supportive space to promote creatives who ethically make and source high-quality products.<br><br><a href="https://www.eventbrite.co.uk/e/27th-june-werkscurated-designer-pop-up-tickets-1989537971630?aff=oddtdtcreator">More info / tickets</a>]]></description>
      <styleUrl>#yellow-dot.png</styleUrl>
      <Point>
        <coordinates>-0.0982005,51.5196778,0</coordinates>
      </Point>
    </Placemark>
    <Placemark>
      <name>BST Hyde Park</name>
      <description><![CDATA[<b>BST Hyde Park</b><br><i>Music</i><br>Sat 27th Jun – Sun 12th Jul<br>Hyde Park, Westminster<br>from £59.05<br><br>BST Hyde Park returns for 2026 American Express presents BST Hyde Park announces Garth Brooks and Lewis Capaldi as their first headliners for summer 2026. The record-breaking country star Garth Brooks will play London’s Hyde Park on Saturday 27 June, playing the UK for the first time since 1994. Lewis Capaldi will then<br><br><a href="https://www.whatsonstage.com/shows/london-theatre/off-west-end-theatre/bst-hyde-park-festival_1701662/">More info / tickets</a>]]></description>
      <styleUrl>#purple-dot.png</styleUrl>
      <Point>
        <coordinates>-0.163772,51.508825,0</coordinates>
      </Point>
    </Placemark>
    <Placemark>
      <name>Ed Jones Quartet</name>
      <description><![CDATA[<b>Ed Jones Quartet</b><br><i>Music</i><br>Sat 27th Jun<br>Vortex Jazz Club<br>£17.50<br><br>Award-winning saxophonist Ed Jones performs with his quartet.<br><br><a href="https://www.vortexjazz.co.uk/event/ed-jones-quartet-9/">More info / tickets</a>]]></description>
      <styleUrl>#purple-dot.png</styleUrl>
      <Point>
        <coordinates>-0.0766409,51.5487575,0</coordinates>
      </Point>
    </Placemark>
    <Placemark>
      <name>England vs Panama World Cup Watch Party</name>
      <description><![CDATA[<b>England vs Panama World Cup Watch Party</b><br><i>Sport &amp; Fitness</i><br>Sat 27th Jun<br>Vortex Jazz Club, London<br>FREE ENTRY<br><br>Free football watch party for the World Cup match.<br><br><a href="https://www.vortexjazz.co.uk/event/england-vs-panama-football-world-cup-watch-party/">More info / tickets</a>]]></description>
      <styleUrl>#ltblue-dot.png</styleUrl>
      <Point>
        <coordinates>-0.0766409,51.5487575,0</coordinates>
      </Point>
    </Placemark>
    <Placemark>
      <name>Epic Rap Battles of History</name>
      <description><![CDATA[<b>Epic Rap Battles of History</b><br><i>Music</i><br>Sat 27th Jun<br>The Garage, London<br>£29.50<br><br>A live performance of the popular rap battle series<br><br><a href="https://www.thegarage.london/live/">More info / tickets</a>]]></description>
      <styleUrl>#purple-dot.png</styleUrl>
      <Point>
        <coordinates>-0.1039603,51.5467543,0</coordinates>
      </Point>
    </Placemark>
    <Placemark>
      <name>Empire of the Sun</name>
      <description><![CDATA[<b>Empire of the Sun</b><br><i>Music</i><br>Sat 27th Jun<br>Alexandra Palace, Alexandra Palace<br>Check site<br><br>A live performance by the electronic music duo<br><br><a href="https://www.songkick.com/metro-areas/24426-uk-london/june-2026">More info / tickets</a>]]></description>
      <styleUrl>#purple-dot.png</styleUrl>
      <Point>
        <coordinates>-0.1306402,51.5943495,0</coordinates>
      </Point>
    </Placemark>
    <Placemark>
      <name>Swell Maps</name>
      <description><![CDATA[<b>Swell Maps</b><br><i>Music</i><br>Sat 27th Jun<br>100 Club, Oxford Street, London<br>£22 adv<br><br>Live music performance by Swell Maps.<br><br><a href="https://www.the100club.co.uk/100club-events/">More info / tickets</a>]]></description>
      <styleUrl>#purple-dot.png</styleUrl>
      <Point>
        <coordinates>0.1112172,51.4214109,0</coordinates>
      </Point>
    </Placemark>
    <Placemark>
      <name>The Sheep Detectives</name>
      <description><![CDATA[<b>The Sheep Detectives</b><br><i>Family</i><br>Sat 27th Jun<br>The Lexi Cinema, London<br>Free<br><br>A children's film about a detective story involving sheep.<br><br><a href="https://thelexicinema.co.uk/TheLexiCinema.dll/WhatsOn">More info / tickets</a>]]></description>
      <styleUrl>#green-dot.png</styleUrl>
      <Point>
        <coordinates>-0.2224753,51.5375275,0</coordinates>
      </Point>
    </Placemark>
    <Placemark>
      <name>Rosalie Minnit: Clementine 2 WIP</name>
      <description><![CDATA[<b>Rosalie Minnit: Clementine 2 WIP</b><br><i>Comedy</i><br>Sat 27th Jun<br>The Undercroft, St Georges Church, Bloomsbury Way, London, WC1A 2SR, Bloomsbury<br>Check site<br><br>Comedian Rosalie Minnit performs a work-in-progress show.<br><br><a href="https://www.museumofcomedy.com/whats-on/">More info / tickets</a>]]></description>
      <styleUrl>#blue-dot.png</styleUrl>
      <Point>
        <coordinates>-0.1243901,51.5175377,0</coordinates>
      </Point>
    </Placemark>
    <Placemark>
      <name>Gardens Tour: Journey Through Time and Nature</name>
      <description><![CDATA[<b>Gardens Tour: Journey Through Time and Nature</b><br><i>Cultural</i><br>Sat 27th Jun<br>Natural History Museum, South Kensington<br>£20<br><br>Join us on an immersive tour of the Natural History Museum gardens and step into a world where nature, past and present intertwine.<br><br><a href="https://www.nhm.ac.uk/events/gardens-tour-journey-through-time-and-nature.html">More info / tickets</a>]]></description>
      <styleUrl>#orange-dot.png</styleUrl>
      <Point>
        <coordinates>-0.17600190725447445,51.496510900000004,0</coordinates>
      </Point>
    </Placemark>
    <Placemark>
      <name>Behind The Scenes: Zoology Spirit Collection Tour</name>
      <description><![CDATA[<b>Behind The Scenes: Zoology Spirit Collection Tour</b><br><i>Cultural</i><br>Sat 27th Jun<br>Natural History Museum, South Kensington<br>£35<br><br>Exclusive access to the museum's zoology spirit collection.<br><br><a href="https://www.nhm.ac.uk/whats-on.html">More info / tickets</a>]]></description>
      <styleUrl>#orange-dot.png</styleUrl>
      <Point>
        <coordinates>-0.17600190725447445,51.496510900000004,0</coordinates>
      </Point>
    </Placemark>
    <Placemark>
      <name>Deaf-led BSL Behind-the-Scenes Tour: Spirit Collection</name>
      <description><![CDATA[<b>Deaf-led BSL Behind-the-Scenes Tour: Spirit Collection</b><br><i>Cultural</i><br>Sat 27th Jun<br>Natural History Museum, South Kensington<br>£15<br><br>BSL-led tour of the museum's spirit collection.<br><br><a href="https://www.nhm.ac.uk/whats-on.html">More info / tickets</a>]]></description>
      <styleUrl>#orange-dot.png</styleUrl>
      <Point>
        <coordinates>-0.17600190725447445,51.496510900000004,0</coordinates>
      </Point>
    </Placemark>
    <Placemark>
      <name>World Cup 2026: Uruguay vs Spain</name>
      <description><![CDATA[<b>World Cup 2026: Uruguay vs Spain</b><br><i>Sport &amp; Fitness</i><br>Sat 27th Jun<br>New Cross Inn, New Cross<br>Free<br><br>Watch the World Cup match between Uruguay and Spain.<br><br><a href="https://pit.live/events/world-cup-2026-spain-vs-uruguay">More info / tickets</a>]]></description>
      <styleUrl>#ltblue-dot.png</styleUrl>
      <Point>
        <coordinates>-0.0370911,51.4757953,0</coordinates>
      </Point>
    </Placemark>
    <Placemark>
      <name>The Landline</name>
      <description><![CDATA[<b>The Landline</b><br><i>Music</i><br>Sat 27th Jun<br>New Cross Inn, New Cross<br>£10<br><br>Live music performance by The Landline.<br><br><a href="https://pit.live/events/the-landline">More info / tickets</a>]]></description>
      <styleUrl>#purple-dot.png</styleUrl>
      <Point>
        <coordinates>-0.0370911,51.4757953,0</coordinates>
      </Point>
    </Placemark>
    <Placemark>
      <name>Phonox x Jumbi: CIRCULATE</name>
      <description><![CDATA[<b>Phonox x Jumbi: CIRCULATE</b><br><i>Music</i><br>Sat 27th Jun<br>Phonox, Brixton<br>£5+ advance<br><br>Phonox x Jumbi: CIRCULATE with Gerd Janson, Krystal Klear, LOVEFOXY – Day &amp; Night<br><br><a href="https://phonox.co.uk/whats-on/">More info / tickets</a>]]></description>
      <styleUrl>#purple-dot.png</styleUrl>
      <Point>
        <coordinates>-0.1145037,51.4644457,0</coordinates>
      </Point>
    </Placemark>
    <Placemark>
      <name>ArtsEd Dance Company: Retrospect</name>
      <description><![CDATA[<b>ArtsEd Dance Company: Retrospect</b><br><i>Theatre</i><br>Sat 27th Jun<br>Pleasance Theatre, LONDON<br>Check site<br><br>A dance performance showcasing ArtsEd's retrospective works.<br><br><a href="https://www.pleasance.co.uk/events/location/London">More info / tickets</a>]]></description>
      <styleUrl>#blue-dot.png</styleUrl>
      <Point>
        <coordinates>-0.1213017,51.549184,0</coordinates>
      </Point>
    </Placemark>
    <Placemark>
      <name>Skinship, Envie, Green Thumb, Assa</name>
      <description><![CDATA[<b>Skinship, Envie, Green Thumb, Assa</b><br><i>Music</i><br>Sat 27th Jun<br>The Windmill<br>£5<br><br>Live music night featuring Skinship and other artists.<br><br><a href="https://www.windmillbrixton.co.uk/events/2026-06-27-skinship-envie-green-thumb-assa-the-windmill">More info / tickets</a>]]></description>
      <styleUrl>#purple-dot.png</styleUrl>
      <Point>
        <coordinates>-0.1224856,51.4539873,0</coordinates>
      </Point>
    </Placemark>
    <Placemark>
      <name>Ramses and the Pharaoh's Gold Exhibition</name>
      <description><![CDATA[<b>Ramses and the Pharaoh's Gold Exhibition</b><br><i>Arts &amp; Culture</i><br>Sat 27th Jun – Sun 12th Jul<br>The Power Station, 2 Circus Rd E NEON, London SW11 8DQ<br>Free<br><br>An exhibition featuring 180+ authentic Ancient Egyptian artefacts, including Ramses II's coffin.<br><br><a href="https://secretldn.com/things-to-do-in-london-weekend/">More info / tickets</a>]]></description>
      <styleUrl>#orange-dot.png</styleUrl>
      <Point>
        <coordinates>-0.145992,51.481361,0</coordinates>
      </Point>
    </Placemark>
    <Placemark>
      <name>Horniman Museum’s 125th Birthday</name>
      <description><![CDATA[<b>Horniman Museum’s 125th Birthday</b><br><i>Family</i><br>Sat 27th Jun<br>Horniman Museum, South London<br>Free<br><br>Free family-friendly events celebrating the Horniman Museum's 125th anniversary.<br><br><a href="https://www.timeout.com/london/things-to-do-in-london-this-weekend">More info / tickets</a>]]></description>
      <styleUrl>#green-dot.png</styleUrl>
      <Point>
        <coordinates>-0.061963,51.44209,0</coordinates>
      </Point>
    </Placemark>
    <Placemark>
      <name>Lily Allen at The O2</name>
      <description><![CDATA[<b>Lily Allen at The O2</b><br><i>Music</i><br>Sat 27th Jun<br>The O2, London<br>from £40<br><br>Lily Allen performs her West End Girl album live.<br><br><a href="https://www.theo2.co.uk/events/detail/lily-allen">More info / tickets</a>]]></description>
      <styleUrl>#purple-dot.png</styleUrl>
      <Point>
        <coordinates>0.0032029,51.5029366,0</coordinates>
      </Point>
    </Placemark>
    <Placemark>
      <name>World Cup International Matches - Live at Flat Iron Square</name>
      <description><![CDATA[<b>World Cup International Matches - Live at Flat Iron Square</b><br><i>Sport &amp; Fitness</i><br>Sat 27th Jun<br>London Bridge<br>£15<br><br>Festival-scale World Cup viewing with 19 screens, DJs, and live entertainment in London Bridge.<br><br><a href="https://feverup.com/m/615511">More info / tickets</a>]]></description>
      <styleUrl>#ltblue-dot.png</styleUrl>
      <Point>
        <coordinates>-0.0886993,51.5054118,0</coordinates>
      </Point>
    </Placemark>
    <Placemark>
      <name>Carwash Daytime Disco</name>
      <description><![CDATA[<b>Carwash Daytime Disco</b><br><i>Nightlife</i><br>Sat 27th Jun<br>Core Bar, City of London<br>Tickets from £18.50 – £480<br><br>A daytime disco with retro glamour, sequins, and soul music.<br><br><a href="https://carwash.designmynight.com/689342b1cf8bce02f91086e1/carwash-daytime-disco-sunset-sessions">More info / tickets</a>]]></description>
      <styleUrl>#purple-dot.png</styleUrl>
      <Point>
        <coordinates>-0.0995109,51.5142575,0</coordinates>
      </Point>
    </Placemark>
    <Placemark>
      <name>Gimme! Gimme! Gimme! Brunch</name>
      <description><![CDATA[<b>Gimme! Gimme! Gimme! Brunch</b><br><i>Music</i><br>Sat 27th Jun<br>Circe’s Rooftop Waterloo, Waterloo<br>Tickets from £8.96 – £17.92<br><br>ABBA-themed rooftop brunch with live music and London views.<br><br><a href="https://circes-rooftop.designmynight.com/670e6d292b137a3b5a4e610a/mamma-mia-bottomless-brunch">More info / tickets</a>]]></description>
      <styleUrl>#purple-dot.png</styleUrl>
      <Point>
        <coordinates>-0.1100617,51.5026643,0</coordinates>
      </Point>
    </Placemark>
    <Placemark>
      <name>80s Musical Bingo Brunch</name>
      <description><![CDATA[<b>80s Musical Bingo Brunch</b><br><i>Food &amp; Drink</i><br>Sat 27th Jun<br>The Star By Liverpool Street<br>Tickets from £8.96 – £17.92<br><br>80s-themed brunch with musical bingo and prizes.<br><br><a href="https://the-star-by-liverpool-street.designmynight.com/697b879a2f5e305cd778a5d4/80s-brunch">More info / tickets</a>]]></description>
      <styleUrl>#red-dot.png</styleUrl>
      <Point>
        <coordinates>-0.0770182,51.5172503,0</coordinates>
      </Point>
    </Placemark>
    <Placemark>
      <name>RNB VS HIP HOP Party</name>
      <description><![CDATA[<b>RNB VS HIP HOP Party</b><br><i>Music</i><br>Sat 27th Jun<br>Ballie Ballerson, Shoreditch<br>from £36.40<br><br>A lively party with Afrobeats, dancehall, and R&amp;B music, plus free giveaways and a photo booth.<br><br><a href="https://www.designmynight.com/london/event-space/shoreditch/ballie-ballerson-london/rnb-vs-hip-hop-shoreditch-party-everyone-free-before-12am">More info / tickets</a>]]></description>
      <styleUrl>#purple-dot.png</styleUrl>
      <Point>
        <coordinates>-0.080433,51.525453,0</coordinates>
      </Point>
    </Placemark>
    <Placemark>
      <name>Indoor Vertical Farm Tours</name>
      <description><![CDATA[<b>Indoor Vertical Farm Tours</b><br><i>Cultural</i><br>Sat 27th Jun<br>Corner Corner<br>Tickets from £11<br><br>Explore London’s largest vertical farm and learn about urban farming.<br><br><a href="https://www.designmynight.com/london/event-space/south-london/corner-corner/indoor-vertical-farm-tours-corner-corner">More info / tickets</a>]]></description>
      <styleUrl>#orange-dot.png</styleUrl>
      <Point>
        <coordinates>0.015434,51.465967,0</coordinates>
      </Point>
    </Placemark>
    <Placemark>
      <name>World Cup 2026 - New Zealand vs Belgium</name>
      <description><![CDATA[<b>World Cup 2026 - New Zealand vs Belgium</b><br><i>Sport &amp; Fitness</i><br>Sat 27th Jun<br>The Garden Vauxhall, Vauxhall<br>£5<br><br>Live screening of the World Cup match at The Garden Vauxhall.<br><br><a href="https://www.skiddle.com/whats-on/events/london/?eventType=FOOD&amp;">More info / tickets</a>]]></description>
      <styleUrl>#ltblue-dot.png</styleUrl>
      <Point>
        <coordinates>-0.1236627,51.4850715,0</coordinates>
      </Point>
    </Placemark>
    <Placemark>
      <name>FANZONE 4D x The Steel Yard: England v Panama World Cup Showdown</name>
      <description><![CDATA[<b>FANZONE 4D x The Steel Yard: England v Panama World Cup Showdown</b><br><i>Sport &amp; Fitness</i><br>Sat 27th Jun<br>The Steel Yard, London<br>£30<br><br>Live World Cup screening with free standing tickets and premium seating options.<br><br><a href="https://www.skiddle.com/whats-on/events/london/?eventType=HEALTH,SPORT&amp;">More info / tickets</a>]]></description>
      <styleUrl>#ltblue-dot.png</styleUrl>
      <Point>
        <coordinates>-0.092813,51.514993,0</coordinates>
      </Point>
    </Placemark>
    <Placemark>
      <name>Outdoor World Cup Screening: England vs Panama</name>
      <description><![CDATA[<b>Outdoor World Cup Screening: England vs Panama</b><br><i>Sport &amp; Fitness</i><br>Sat 27th Jun – Sun 28th Jun<br>Fox And Firkin, SE London<br>£45<br><br>Outdoor screening of England vs Panama World Cup match in a pub garden.<br><br><a href="https://www.skiddle.com/whats-on/events/london/?eventType=HEALTH,SPORT&amp;">More info / tickets</a>]]></description>
      <styleUrl>#ltblue-dot.png</styleUrl>
      <Point>
        <coordinates>-0.100754,51.5204354,0</coordinates>
      </Point>
    </Placemark>
    <Placemark>
      <name>FANZONE 4D x Riverside East: England v Panama World Cup Showdown</name>
      <description><![CDATA[<b>FANZONE 4D x Riverside East: England v Panama World Cup Showdown</b><br><i>Sport &amp; Fitness</i><br>Sat 27th Jun<br>Riverside East, London<br>£0<br><br>Live World Cup screening with free standing tickets and premium seating options.<br><br><a href="https://www.skiddle.com/whats-on/events/london/?eventType=HEALTH,SPORT&amp;">More info / tickets</a>]]></description>
      <styleUrl>#ltblue-dot.png</styleUrl>
      <Point>
        <coordinates>-0.092813,51.514993,0</coordinates>
      </Point>
    </Placemark>
    <Placemark>
      <name>World Cup '26 Fan Zone</name>
      <description><![CDATA[<b>World Cup '26 Fan Zone</b><br><i>Sport &amp; Fitness</i><br>Sat 27th Jun<br>Infernos, Clapham<br>£10<br><br>Live viewing of England's World Cup match on a giant screen.<br><br><a href="https://www.skiddle.com/whats-on/events/london/?eventType=HEALTH,SPORT&amp;">More info / tickets</a>]]></description>
      <styleUrl>#ltblue-dot.png</styleUrl>
      <Point>
        <coordinates>-0.1359013,51.4627033,0</coordinates>
      </Point>
    </Placemark>
    <Placemark>
      <name>Jim Cuddy Trio</name>
      <description><![CDATA[<b>Jim Cuddy Trio</b><br><i>Music</i><br>Sat 27th Jun<br>Aeolian Hall Musical Arts Association, London, Ontario<br>CADPrices vary<br><br>Live music performance by Jim Cuddy Trio.<br><br><a href="https://www.londontourism.ca/events/jim-cuddy-trio">More info / tickets</a>]]></description>
      <styleUrl>#purple-dot.png</styleUrl>
      <Point>
        <coordinates>0.019077,51.454293,0</coordinates>
      </Point>
    </Placemark>
    <Placemark>
      <name>Reggae Brunch</name>
      <description><![CDATA[<b>Reggae Brunch</b><br><i>Food &amp; Drink</i><br>Sat 27th Jun<br>Brixton Jamm, Brixton<br>£48.60<br><br>Reggae Brunch! Escape the hustle and dive into the wildest brunch party in the city! 🍹🌴 Get ready for a fully immersive experience – where Caribbean food, non-stop music, and island vibes collide. From start to finish, it’s a full-blown celebration you don’t want to miss! 🎶 Expect the best in Reggae, Dancehall, and Soc<br><br><a href="https://thereggaebrunch.designmynight.com/68fa22e5a5ff74086813dda5/the-reggae-brunch-sat-27th-june">More info / tickets</a>]]></description>
      <styleUrl>#red-dot.png</styleUrl>
      <Point>
        <coordinates>-0.112081,51.4706805,0</coordinates>
      </Point>
    </Placemark>
    <Placemark>
      <name>London Brewery Tour &amp; Beer Tasting</name>
      <description><![CDATA[<b>London Brewery Tour &amp; Beer Tasting</b><br><i>Food &amp; Drink</i><br>Sat 27th Jun<br>The Five Points Brewery Taproom &amp; Courtyard, Hackney<br>Tickets from £85.54<br><br>Guided tour of Five Points Brewery with beer tasting in Hackney.<br><br><a href="https://fivepointsbrewingco.designmynight.com/61600861e02807737e46b405/the-five-points-brewery-tours-and-tastings">More info / tickets</a>]]></description>
      <styleUrl>#red-dot.png</styleUrl>
      <Point>
        <coordinates>-0.103835,51.519274,0</coordinates>
      </Point>
    </Placemark>
    <Placemark>
      <name>BAM's Boy Band Brunch</name>
      <description><![CDATA[<b>BAM's Boy Band Brunch</b><br><i>Nightlife</i><br>Sat 27th Jun<br>BAM Karaoke Box<br>from £59<br><br>Themed brunch celebrating boy bands with performances and party vibes.<br><br><a href="https://bam-brunches.designmynight.com/69b02356973e37f32044ef84/bams-boy-band-brunch">More info / tickets</a>]]></description>
      <styleUrl>#purple-dot.png</styleUrl>
      <Point>
        <coordinates>-0.110906,51.5513354,0</coordinates>
      </Point>
    </Placemark>
    <Placemark>
      <name>World Cup Dinner &amp; Screening</name>
      <description><![CDATA[<b>World Cup Dinner &amp; Screening</b><br><i>Sport &amp; Fitness</i><br>Sat 27th Jun<br>The Soho Hotel, Soho<br>Tickets from £46.80 – £57.20<br><br>World Cup Dinner &amp; Screening Refuel at The Soho Hotel Dinner bookings available from 7pm to 8pm, with kick off at 10pm - England v Panama £45 for three courses and screening £55 with three courses, screening, and a welcome drink (glass of English sparkling wine or 'London' cocktail) Join us at The Soho Hotel for an eve<br><br><a href="https://firmdale-hotels.designmynight.com/6a1dacc27c49579d720ced47/world-cup-dinner-screening-at-the-soho-hotel">More info / tickets</a>]]></description>
      <styleUrl>#ltblue-dot.png</styleUrl>
      <Point>
        <coordinates>-0.13384,51.514064,0</coordinates>
      </Point>
    </Placemark>
    <Placemark>
      <name>Bad Bunny</name>
      <description><![CDATA[<b>Bad Bunny</b><br><i>Music</i><br>Sat 27th Jun – Sun 28th Jun<br>Tottenham Hotspur Stadium, Tottenham<br>Check site<br><br>Bad Bunny will bring his DeBÍ TiRAR MáS FOToS World Tour to London for two nights only this June.<br><br><a href="https://www.songkick.com/metro-areas/24426-uk-london/june-2026">More info / tickets</a>]]></description>
      <styleUrl>#purple-dot.png</styleUrl>
      <Point>
        <coordinates>-0.0662604100000004,51.604157,0</coordinates>
      </Point>
    </Placemark>
    <Placemark>
      <name>Lily Allen</name>
      <description><![CDATA[<b>Lily Allen</b><br><i>Music</i><br>Sat 27th Jun<br>The O2, Greenwich<br>Check site<br><br>A live performance by the British singer-songwriter.<br><br><a href="https://www.songkick.com/metro-areas/24426-uk-london/june-2026">More info / tickets</a>]]></description>
      <styleUrl>#purple-dot.png</styleUrl>
      <Point>
        <coordinates>0.0032029278126681844,51.502936649999995,0</coordinates>
      </Point>
    </Placemark>
    <Placemark>
      <name>The Cardigans</name>
      <description><![CDATA[<b>The Cardigans</b><br><i>Music</i><br>Sat 27th Jun<br>Eventim Apollo, Hammersmith<br>Check site<br><br>Live concert by the Swedish pop-rock band.<br><br><a href="https://www.songkick.com/metro-areas/24426-uk-london/june-2026">More info / tickets</a>]]></description>
      <styleUrl>#purple-dot.png</styleUrl>
      <Point>
        <coordinates>-0.224403,51.490762,0</coordinates>
      </Point>
    </Placemark>
    <Placemark>
      <name>American Football</name>
      <description><![CDATA[<b>American Football</b><br><i>Music</i><br>Sat 27th Jun<br>O2 Forum Kentish Town, Kentish Town<br>Check site<br><br>Live performance by the American rock band.<br><br><a href="https://www.songkick.com/metro-areas/24426-uk-london/june-2026">More info / tickets</a>]]></description>
      <styleUrl>#purple-dot.png</styleUrl>
      <Point>
        <coordinates>-0.1422038,51.5521441,0</coordinates>
      </Point>
    </Placemark>
    <Placemark>
      <name>Bilmuri and Thornhill</name>
      <description><![CDATA[<b>Bilmuri and Thornhill</b><br><i>Music</i><br>Sat 27th Jun<br>O2 Academy Brixton, Brixton<br>Check site<br><br>Live concert featuring two indie rock acts.<br><br><a href="https://www.songkick.com/metro-areas/24426-uk-london/june-2026">More info / tickets</a>]]></description>
      <styleUrl>#purple-dot.png</styleUrl>
      <Point>
        <coordinates>-0.1148726,51.4657019,0</coordinates>
      </Point>
    </Placemark>
    <Placemark>
      <name>Kindred</name>
      <description><![CDATA[<b>Kindred</b><br><i>Arts &amp; Culture</i><br>Sat 27th Jun<br>Bethlem Museum of the Mind, Beckenham<br>Free<br><br>Kindred, explores how community - or its glaring absence - affects people’s lives, spirits and identities and the wildly varied feelings generated when communities gather or disperse.<br><br><a href="https://www.ianvisits.co.uk/calendar/date/2026/06/27/">More info / tickets</a>]]></description>
      <styleUrl>#orange-dot.png</styleUrl>
      <Point>
        <coordinates>-0.0294479,51.380949,0</coordinates>
      </Point>
    </Placemark>
    <Placemark>
      <name>Somers Town: A Photographic Exhibition</name>
      <description><![CDATA[<b>Somers Town: A Photographic Exhibition</b><br><i>Arts &amp; Culture</i><br>Sat 27th Jun<br>Vanbrugh: The Drama of Architecture, Holborn<br>Free<br><br>Photographic exploration of Somers Town's streets and shared spaces.<br><br><a href="https://www.ianvisits.co.uk/calendar/date/2026/06/27/">More info / tickets</a>]]></description>
      <styleUrl>#orange-dot.png</styleUrl>
      <Point>
        <coordinates>-0.1137266,51.5195982,0</coordinates>
      </Point>
    </Placemark>
    <Placemark>
      <name>KNEECAP</name>
      <description><![CDATA[<b>KNEECAP</b><br><i>Music</i><br>Sat 27th Jun<br>Crystal Palace Park, Thicket Rd, London SE19 2GA<br>Check site<br><br>Live performance by the Irish rap group KNEECAP.<br><br><a href="https://www.songkick.com/metro-areas/24426-uk-london/june-2026">More info / tickets</a>]]></description>
      <styleUrl>#purple-dot.png</styleUrl>
      <Point>
        <coordinates>-0.066192,51.416918,0</coordinates>
      </Point>
    </Placemark>
    <Placemark>
      <name>Avery*Sunshine</name>
      <description><![CDATA[<b>Avery*Sunshine</b><br><i>Music</i><br>Sat 27th Jun – Sun 28th Jun<br>Soul Mama - Stratford, Stratford<br>Check site<br><br>Live performance by soul artist Avery*Sunshine.<br><br><a href="https://www.songkick.com/metro-areas/24426-uk-london/2026">More info / tickets</a>]]></description>
      <styleUrl>#purple-dot.png</styleUrl>
      <Point>
        <coordinates>-0.3369848,51.4451829,0</coordinates>
      </Point>
    </Placemark>
    <Placemark>
      <name>The Musical Box</name>
      <description><![CDATA[<b>The Musical Box</b><br><i>Music</i><br>Sat 27th Jun<br>Cadogan Hall, Sloane Square<br>Check site<br><br>A musical performance by The Musical Box.<br><br><a href="https://www.songkick.com/metro-areas/24426-uk-london/2026">More info / tickets</a>]]></description>
      <styleUrl>#purple-dot.png</styleUrl>
      <Point>
        <coordinates>-0.1640987,51.4918787,0</coordinates>
      </Point>
    </Placemark>
    <Placemark>
      <name>THE URS live at EartH</name>
      <description><![CDATA[<b>THE URS live at EartH</b><br><i>Music</i><br>Sat 27th Jun<br>EartH (Evolutionary Arts Hackney), Hackney<br>From £22.58<br><br>Live performance by THE URS with opening act Cristian Porcari.<br><br><a href="https://www.eventbrite.co.uk/b/united-kingdom--london/music/">More info / tickets</a>]]></description>
      <styleUrl>#purple-dot.png</styleUrl>
      <Point>
        <coordinates>-0.056475,51.544101,0</coordinates>
      </Point>
    </Placemark>
    <Placemark>
      <name>Anyma and Chris Avantgarde</name>
      <description><![CDATA[<b>Anyma and Chris Avantgarde</b><br><i>Music</i><br>Sat 27th Jun<br>Silverworks Island, London, UK<br>Check site<br><br>Live electronic music performance by Anyma and Chris Avantgarde.<br><br><a href="https://www.songkick.com/metro-areas/24426-uk-london/this-weekend">More info / tickets</a>]]></description>
      <styleUrl>#purple-dot.png</styleUrl>
      <Point>
        <coordinates>0.036304,51.504036,0</coordinates>
      </Point>
    </Placemark>
    <Placemark>
      <name>Daphni</name>
      <description><![CDATA[<b>Daphni</b><br><i>Music</i><br>Sat 27th Jun<br>Christopher Street, London, UK<br>Check site<br><br>Live electronic music performance by Daphni.<br><br><a href="https://www.songkick.com/metro-areas/24426-uk-london/this-weekend">More info / tickets</a>]]></description>
      <styleUrl>#purple-dot.png</styleUrl>
      <Point>
        <coordinates>-0.084563,51.521318,0</coordinates>
      </Point>
    </Placemark>
    <Placemark>
      <name>Tigers Jaw</name>
      <description><![CDATA[<b>Tigers Jaw</b><br><i>Music</i><br>Sat 27th Jun<br>Rough Trade East London, Brick Lane<br>Check site<br><br>Indie rock band Tigers Jaw performs live.<br><br><a href="https://www.songkick.com/metro-areas/24426-uk-london/this-weekend">More info / tickets</a>]]></description>
      <styleUrl>#purple-dot.png</styleUrl>
      <Point>
        <coordinates>-0.0706571,51.5174584,0</coordinates>
      </Point>
    </Placemark>
    <Placemark>
      <name>Temples</name>
      <description><![CDATA[<b>Temples</b><br><i>Music</i><br>Sat 27th Jun<br>Rough Trade Denmark Street, Soho<br>Check site<br><br>Psychedelic rock band Temples in concert.<br><br><a href="https://www.songkick.com/metro-areas/24426-uk-london/this-weekend">More info / tickets</a>]]></description>
      <styleUrl>#purple-dot.png</styleUrl>
      <Point>
        <coordinates>-0.129496,51.5152478,0</coordinates>
      </Point>
    </Placemark>
    <Placemark>
      <name>The Silhouettes Project</name>
      <description><![CDATA[<b>The Silhouettes Project</b><br><i>Music</i><br>Sat 27th Jun<br>Gillett Square, Dalston<br>Check site<br><br>Live music and performance art event.<br><br><a href="https://www.songkick.com/metro-areas/24426-uk-london/this-weekend">More info / tickets</a>]]></description>
      <styleUrl>#purple-dot.png</styleUrl>
      <Point>
        <coordinates>-0.076259,51.548823,0</coordinates>
      </Point>
    </Placemark>
    <Placemark>
      <name>Pinhani</name>
      <description><![CDATA[<b>Pinhani</b><br><i>Music</i><br>Sat 27th Jun<br>Islington Assembly Hall, Islington<br>Check site<br><br>Live performance by Pinhani.<br><br><a href="https://www.songkick.com/metro-areas/24426-uk-london/this-weekend">More info / tickets</a>]]></description>
      <styleUrl>#purple-dot.png</styleUrl>
      <Point>
        <coordinates>-0.1024389,51.5415476,0</coordinates>
      </Point>
    </Placemark>
    <Placemark>
      <name>The Locals, FLO and Charles</name>
      <description><![CDATA[<b>The Locals, FLO and Charles</b><br><i>Music</i><br>Sat 27th Jun<br>Trinity, Harrow, UK<br>Check site<br><br>Live music performance by The Locals, FLO, and Charles.<br><br><a href="https://www.songkick.com/metro-areas/24426-uk-london/this-weekend">More info / tickets</a>]]></description>
      <styleUrl>#purple-dot.png</styleUrl>
      <Point>
        <coordinates>-0.1788169,51.5000863,0</coordinates>
      </Point>
    </Placemark>
    <Placemark>
      <name>Boy George</name>
      <description><![CDATA[<b>Boy George</b><br><i>Music</i><br>Sat 27th Jun<br>Colours, London, UK<br>Check site<br><br>Live performance by iconic artist Boy George.<br><br><a href="https://www.songkick.com/metro-areas/24426-uk-london/this-weekend">More info / tickets</a>]]></description>
      <styleUrl>#purple-dot.png</styleUrl>
      <Point>
        <coordinates>-0.053854,51.4366669,0</coordinates>
      </Point>
    </Placemark>
    <Placemark>
      <name>Master Peace</name>
      <description><![CDATA[<b>Master Peace</b><br><i>Music</i><br>Sat 27th Jun<br>Sebright Arms, London, UK<br>Check site<br><br>Live performance by Master Peace.<br><br><a href="https://www.songkick.com/metro-areas/24426-uk-london/this-weekend">More info / tickets</a>]]></description>
      <styleUrl>#purple-dot.png</styleUrl>
      <Point>
        <coordinates>-0.0695486,51.5331971,0</coordinates>
      </Point>
    </Placemark>
    <Placemark>
      <name>Wu-Lu and POiSON ANNA</name>
      <description><![CDATA[<b>Wu-Lu and POiSON ANNA</b><br><i>Music</i><br>Sat 27th Jun<br>Club Cheek, London, UK<br>Check site<br><br>Live music performance by Wu-Lu and POiSON ANNA.<br><br><a href="https://www.songkick.com/metro-areas/24426-uk-london/this-weekend">More info / tickets</a>]]></description>
      <styleUrl>#purple-dot.png</styleUrl>
      <Point>
        <coordinates>-0.1282472,51.5363363,0</coordinates>
      </Point>
    </Placemark>
    <Placemark>
      <name>Baltra</name>
      <description><![CDATA[<b>Baltra</b><br><i>Music</i><br>Sat 27th Jun<br>Metropolis Club, Bethnal Green, UK<br>Check site<br><br>Live music performance by Baltra.<br><br><a href="https://www.songkick.com/metro-areas/24426-uk-london/this-weekend">More info / tickets</a>]]></description>
      <styleUrl>#purple-dot.png</styleUrl>
      <Point>
        <coordinates>-0.077084,51.523692,0</coordinates>
      </Point>
    </Placemark>
    <Placemark>
      <name>Yndi Halda, Codices, Ceann Capaill, Mount Forel, World Coda, and Bag</name>
      <description><![CDATA[<b>Yndi Halda, Codices, Ceann Capaill, Mount Forel, World Coda, and Bag</b><br><i>Music</i><br>Sat 27th Jun<br>Oslo, London, UK<br>Check site<br><br>Indie and experimental music lineup featuring multiple acts.<br><br><a href="https://www.songkick.com/metro-areas/24426-uk-london/this-weekend">More info / tickets</a>]]></description>
      <styleUrl>#purple-dot.png</styleUrl>
      <Point>
        <coordinates>-0.0556001,51.5471623,0</coordinates>
      </Point>
    </Placemark>
    <Placemark>
      <name>David Penn, Tall Paul, Brandon Block, Norman Jay MBE, Smokin' Jo, Rob Roar, Marco Lys, Danny Clockwork, Bongo Ben, Rue Jay, Owen Clarke, and Fat Tony</name>
      <description><![CDATA[<b>David Penn, Tall Paul, Brandon Block, Norman Jay MBE, Smokin' Jo, Rob Roar, Marco Lys, Danny Clockwork, Bongo Ben, Rue Jay, Owen Clarke, and Fat Tony</b><br><i>Music</i><br>Sat 27th Jun<br>Studio 338, Greenwich, UK<br>Check site<br><br>DJ and live music event with multiple artists.<br><br><a href="https://www.songkick.com/metro-areas/24426-uk-london/this-weekend">More info / tickets</a>]]></description>
      <styleUrl>#purple-dot.png</styleUrl>
      <Point>
        <coordinates>0.0047635,51.4954879,0</coordinates>
      </Point>
    </Placemark>
    <Placemark>
      <name>Califato ³</name>
      <description><![CDATA[<b>Califato ³</b><br><i>Music</i><br>Sat 27th Jun<br>The Jazz Cafe, London, UK<br>Check site<br><br>Live performance by the band Califato ³.<br><br><a href="https://www.songkick.com/metro-areas/24426-uk-london/this-weekend">More info / tickets</a>]]></description>
      <styleUrl>#purple-dot.png</styleUrl>
      <Point>
        <coordinates>-0.1430336,51.5385824,0</coordinates>
      </Point>
    </Placemark>
    <Placemark>
      <name>Songer</name>
      <description><![CDATA[<b>Songer</b><br><i>Music</i><br>Sat 27th Jun<br>Signature Brew Blackhorse Road, London, UK<br>Check site<br><br>Live music performance by Songer.<br><br><a href="https://www.songkick.com/metro-areas/24426-uk-london/this-weekend">More info / tickets</a>]]></description>
      <styleUrl>#purple-dot.png</styleUrl>
      <Point>
        <coordinates>-0.040673,51.587131,0</coordinates>
      </Point>
    </Placemark>
    <Placemark>
      <name>Tír na nÓg and Leo O'Kelly</name>
      <description><![CDATA[<b>Tír na nÓg and Leo O'Kelly</b><br><i>Music</i><br>Sat 27th Jun<br>MOTH Club, London, UK<br>Check site<br><br>Traditional Irish music and storytelling.<br><br><a href="https://www.songkick.com/metro-areas/24426-uk-london/this-weekend">More info / tickets</a>]]></description>
      <styleUrl>#purple-dot.png</styleUrl>
      <Point>
        <coordinates>-0.0545582,51.5456817,0</coordinates>
      </Point>
    </Placemark>
    <Placemark>
      <name>Antonio Vivaldi</name>
      <description><![CDATA[<b>Antonio Vivaldi</b><br><i>Music</i><br>Sat 27th Jun<br>St Mary Le Strand, City of London<br>Check site<br><br>Classical music performance featuring Vivaldi's works.<br><br><a href="https://www.songkick.com/metro-areas/24426-uk-london/this-weekend">More info / tickets</a>]]></description>
      <styleUrl>#purple-dot.png</styleUrl>
      <Point>
        <coordinates>-0.117039,51.512114,0</coordinates>
      </Point>
    </Placemark>
    <Placemark>
      <name>Gezebelle Gaburgably</name>
      <description><![CDATA[<b>Gezebelle Gaburgably</b><br><i>Music</i><br>Sat 27th Jun<br>AMP Studios, London, UK<br>Check site<br><br>Live performance by Gezebelle Gaburgably.<br><br><a href="https://www.songkick.com/metro-areas/24426-uk-london/this-weekend">More info / tickets</a>]]></description>
      <styleUrl>#purple-dot.png</styleUrl>
      <Point>
        <coordinates>-0.0965045,51.5236906,0</coordinates>
      </Point>
    </Placemark>
    <Placemark>
      <name>Anthony Joseph</name>
      <description><![CDATA[<b>Anthony Joseph</b><br><i>Music</i><br>Sat 27th Jun<br>Live at St Giles, London, UK<br>Check site<br><br>Live music performance by Anthony Joseph.<br><br><a href="https://www.songkick.com/metro-areas/24426-uk-london/this-weekend">More info / tickets</a>]]></description>
      <styleUrl>#purple-dot.png</styleUrl>
      <Point>
        <coordinates>-0.096152,51.516452,0</coordinates>
      </Point>
    </Placemark>
    <Placemark>
      <name>Plump DJs</name>
      <description><![CDATA[<b>Plump DJs</b><br><i>Music</i><br>Sat 27th Jun<br>The Boileroom, Guildford, UK<br>Check site<br><br>DJ set by Plump DJs.<br><br><a href="https://www.songkick.com/metro-areas/24426-uk-london/this-weekend">More info / tickets</a>]]></description>
      <styleUrl>#purple-dot.png</styleUrl>
      <Point>
        <coordinates>-0.0965963,51.5165659,0</coordinates>
      </Point>
    </Placemark>
    <Placemark>
      <name>The Dogs D'amour</name>
      <description><![CDATA[<b>The Dogs D'amour</b><br><i>Music</i><br>Sat 27th Jun<br>The Underworld, Camden, UK<br>Check site<br><br>Live performance by The Dogs D'amour.<br><br><a href="https://www.songkick.com/metro-areas/24426-uk-london/this-weekend">More info / tickets</a>]]></description>
      <styleUrl>#purple-dot.png</styleUrl>
      <Point>
        <coordinates>-0.1422052,51.5391849,0</coordinates>
      </Point>
    </Placemark>
    <Placemark>
      <name>Tony Momrelle, Tony Remy and Julian Crampton</name>
      <description><![CDATA[<b>Tony Momrelle, Tony Remy and Julian Crampton</b><br><i>Music</i><br>Sat 27th Jun<br>Upstairs @ Ronnie's, London, UK<br>Check site<br><br>Live jazz performance by Tony Momrelle, Tony Remy and Julian Crampton.<br><br><a href="https://www.songkick.com/metro-areas/24426-uk-london/this-weekend">More info / tickets</a>]]></description>
      <styleUrl>#purple-dot.png</styleUrl>
      <Point>
        <coordinates>-0.131599,51.513446,0</coordinates>
      </Point>
    </Placemark>
    <Placemark>
      <name>Marie Vaunt and Lino Fuso</name>
      <description><![CDATA[<b>Marie Vaunt and Lino Fuso</b><br><i>Music</i><br>Sat 27th Jun<br>E1, London, UK<br>Check site<br><br>Live performance by Marie Vaunt and Lino Fuso.<br><br><a href="https://www.songkick.com/metro-areas/24426-uk-london/this-weekend">More info / tickets</a>]]></description>
      <styleUrl>#purple-dot.png</styleUrl>
      <Point>
        <coordinates>-0.053854,51.4366669,0</coordinates>
      </Point>
    </Placemark>
    <Placemark>
      <name>Sound of Fractures</name>
      <description><![CDATA[<b>Sound of Fractures</b><br><i>Music</i><br>Sat 27th Jun<br>Rich Mix, London, UK<br>Check site<br><br>A performance by Yaw Evans.<br><br><a href="https://www.songkick.com/metro-areas/24426-uk-london/this-weekend">More info / tickets</a>]]></description>
      <styleUrl>#purple-dot.png</styleUrl>
      <Point>
        <coordinates>-0.0733464,51.5244023,0</coordinates>
      </Point>
    </Placemark>
    <Placemark>
      <name>Dog Race</name>
      <description><![CDATA[<b>Dog Race</b><br><i>Sport &amp; Fitness</i><br>Sat 27th Jun<br>Paper Dress Vintage, London, UK<br>Check site<br><br>A fun event involving dog races.<br><br><a href="https://www.songkick.com/metro-areas/24426-uk-london/this-weekend">More info / tickets</a>]]></description>
      <styleUrl>#ltblue-dot.png</styleUrl>
      <Point>
        <coordinates>-0.0546864,51.5473553,0</coordinates>
      </Point>
    </Placemark>
    <Placemark>
      <name>Maz</name>
      <description><![CDATA[<b>Maz</b><br><i>Music</i><br>Sat 27th Jun<br>Sanderson London, a Morgans Originals Hotel, London, UK<br>Check site<br><br>A performance by Maz.<br><br><a href="https://www.songkick.com/metro-areas/24426-uk-london/this-weekend">More info / tickets</a>]]></description>
      <styleUrl>#purple-dot.png</styleUrl>
      <Point>
        <coordinates>0.1014253,51.4048137,0</coordinates>
      </Point>
    </Placemark>
    <Placemark>
      <name>Jeremy Sylvester and Ed Case</name>
      <description><![CDATA[<b>Jeremy Sylvester and Ed Case</b><br><i>Music</i><br>Sat 27th Jun<br>Freight Brixton, Brixton<br>Check site<br><br>Live music performance by Jeremy Sylvester and Ed Case.<br><br><a href="https://www.songkick.com/metro-areas/24426-uk-london/this-weekend">More info / tickets</a>]]></description>
      <styleUrl>#purple-dot.png</styleUrl>
      <Point>
        <coordinates>-0.1133473,51.4628953,0</coordinates>
      </Point>
    </Placemark>
    <Placemark>
      <name>Steve Smith and Jazz Performers</name>
      <description><![CDATA[<b>Steve Smith and Jazz Performers</b><br><i>Music</i><br>Sat 27th Jun<br>Ronnie Scott's Jazz Club, Soho<br>Check site<br><br>Jazz night featuring Steve Smith and other musicians.<br><br><a href="https://www.songkick.com/metro-areas/24426-uk-london/this-weekend">More info / tickets</a>]]></description>
      <styleUrl>#purple-dot.png</styleUrl>
      <Point>
        <coordinates>-0.1315652,51.5134283,0</coordinates>
      </Point>
    </Placemark>
    <Placemark>
      <name>Shaolin Cowboy</name>
      <description><![CDATA[<b>Shaolin Cowboy</b><br><i>Music</i><br>Sat 27th Jun<br>The Jazz Cafe, Camden<br>Check site<br><br>Live music performance by Shaolin Cowboy.<br><br><a href="https://www.songkick.com/metro-areas/24426-uk-london/this-weekend">More info / tickets</a>]]></description>
      <styleUrl>#purple-dot.png</styleUrl>
      <Point>
        <coordinates>-0.1430336,51.5385824,0</coordinates>
      </Point>
    </Placemark>
    <Placemark>
      <name>Comic Sans</name>
      <description><![CDATA[<b>Comic Sans</b><br><i>Comedy</i><br>Sat 27th Jun<br>George Tavern, Stepney Green<br>Check site<br><br>Comedy show by the group Comic Sans.<br><br><a href="https://www.songkick.com/metro-areas/24426-uk-london/this-weekend">More info / tickets</a>]]></description>
      <styleUrl>#blue-dot.png</styleUrl>
      <Point>
        <coordinates>-0.046801,51.519039,0</coordinates>
      </Point>
    </Placemark>
    <Placemark>
      <name>Emilia Tarrant and Alice Auer</name>
      <description><![CDATA[<b>Emilia Tarrant and Alice Auer</b><br><i>Music</i><br>Sat 27th Jun<br>GAIL's Bakery - Hampstead, Hampstead<br>Check site<br><br>Live music performance by Emilia Tarrant and Alice Auer.<br><br><a href="https://www.songkick.com/metro-areas/24426-uk-london/this-weekend">More info / tickets</a>]]></description>
      <styleUrl>#purple-dot.png</styleUrl>
      <Point>
        <coordinates>-0.1717014,51.5337404,0</coordinates>
      </Point>
    </Placemark>
    <Placemark>
      <name>Technikal, Phil Reynolds and Trevor McLachlan</name>
      <description><![CDATA[<b>Technikal, Phil Reynolds and Trevor McLachlan</b><br><i>Music</i><br>Sat 27th Jun<br>Onyx, London, UK<br>Check site<br><br>Live music performance by Technikal, Phil Reynolds, and Trevor McLachlan.<br><br><a href="https://www.songkick.com/metro-areas/24426-uk-london/this-weekend">More info / tickets</a>]]></description>
      <styleUrl>#purple-dot.png</styleUrl>
      <Point>
        <coordinates>-0.053854,51.4366669,0</coordinates>
      </Point>
    </Placemark>
    <Placemark>
      <name>ROZZZQWEEN</name>
      <description><![CDATA[<b>ROZZZQWEEN</b><br><i>Music</i><br>Sat 27th Jun<br>Troubadour, London, UK<br>Check site<br><br>Live performance by ROZZZQWEEN.<br><br><a href="https://www.songkick.com/metro-areas/24426-uk-london/this-weekend">More info / tickets</a>]]></description>
      <styleUrl>#purple-dot.png</styleUrl>
      <Point>
        <coordinates>-0.053854,51.4366669,0</coordinates>
      </Point>
    </Placemark>
    <Placemark>
      <name>Acid Throne</name>
      <description><![CDATA[<b>Acid Throne</b><br><i>Music</i><br>Sat 27th Jun<br>Cart &amp; Horses, London, UK<br>Check site<br><br>Live music performance by Acid Throne.<br><br><a href="https://www.songkick.com/metro-areas/24426-uk-london/this-weekend">More info / tickets</a>]]></description>
      <styleUrl>#purple-dot.png</styleUrl>
      <Point>
        <coordinates>0.0043094,51.5458399,0</coordinates>
      </Point>
    </Placemark>
    <Placemark>
      <name>Nathan Caton</name>
      <description><![CDATA[<b>Nathan Caton</b><br><i>Comedy</i><br>Sat 27th Jun<br>Broadway Theatre, London, UK<br>Check site<br><br>Comedy show by Nathan Caton.<br><br><a href="https://www.songkick.com/metro-areas/24426-uk-london/2026/genre/comedy">More info / tickets</a>]]></description>
      <styleUrl>#blue-dot.png</styleUrl>
      <Point>
        <coordinates>-0.133512,51.4992,0</coordinates>
      </Point>
    </Placemark>
    <Placemark>
      <name>5 world-class stand-up comedians</name>
      <description><![CDATA[<b>5 world-class stand-up comedians</b><br><i>Comedy</i><br>Sat 27th Jun<br>The Comedy Store, London<br>Check site<br><br>Five top stand-up comedians perform live.<br><br><a href="https://london.thecomedystore.co.uk/whats-on/">More info / tickets</a>]]></description>
      <styleUrl>#blue-dot.png</styleUrl>
      <Point>
        <coordinates>-0.1322569,51.5101213,0</coordinates>
      </Point>
    </Placemark>
    <Placemark>
      <name>Garth Brooks in Hyde Park</name>
      <description><![CDATA[<b>Garth Brooks in Hyde Park</b><br><i>Music</i><br>Sat 27th Jun<br>Hyde Park, Hyde Park<br>From EUR €121<br><br>Country music concert by Garth Brooks in Hyde Park.<br><br><a href="https://www.vividseats.com/geo/uk/england/london/concerts">More info / tickets</a>]]></description>
      <styleUrl>#purple-dot.png</styleUrl>
      <Point>
        <coordinates>-0.1808292,51.5011061,0</coordinates>
      </Point>
    </Placemark>
    <Placemark>
      <name>Bilmuri</name>
      <description><![CDATA[<b>Bilmuri</b><br><i>Music</i><br>Sat 27th Jun<br>O2 Academy Brixton, Brixton<br>From EUR €157<br><br>Bilmuri: The Kinda Hard Tour tickets at www.academymusicgroup.com | Videos, biography, tour dates, performance times. VIP packages available.<br><br><a href="https://www.academymusicgroup.com/o2academybrixton/events/bilmuri-tickets-ae1484842">More info / tickets</a>]]></description>
      <styleUrl>#purple-dot.png</styleUrl>
      <Point>
        <coordinates>-0.1148726,51.4657019,0</coordinates>
      </Point>
    </Placemark>
    <Placemark>
      <name>Lou Sanders and Harriet Kemsley</name>
      <description><![CDATA[<b>Lou Sanders and Harriet Kemsley</b><br><i>Comedy</i><br>Sat 27th Jun<br>KOKO, London, UK<br>Check site<br><br>Comedy duo performing live.<br><br><a href="https://www.songkick.com/metro-areas/24426-uk-london/2026/genre/comedy">More info / tickets</a>]]></description>
      <styleUrl>#blue-dot.png</styleUrl>
      <Point>
        <coordinates>-0.053854,51.4366669,0</coordinates>
      </Point>
    </Placemark>
    <Placemark>
      <name>Musarc, Neil Luck, and Yshani Perinpanayagam</name>
      <description><![CDATA[<b>Musarc, Neil Luck, and Yshani Perinpanayagam</b><br><i>Music</i><br>Sat 27th Jun<br>St Anne's Limehouse, Limehouse<br>Check site<br><br>Musical performance featuring multiple artists.<br><br><a href="https://www.songkick.com/metro-areas/24426-uk-london/2026/genre/comedy">More info / tickets</a>]]></description>
      <styleUrl>#purple-dot.png</styleUrl>
      <Point>
        <coordinates>-0.0302969,51.5116795,0</coordinates>
      </Point>
    </Placemark>
    <Placemark>
      <name>DON’T YOU WANT ME BABY?</name>
      <description><![CDATA[<b>DON’T YOU WANT ME BABY?</b><br><i>Music</i><br>Sat 27th Jun – Sun 28th Jun<br>The ROXY<br>£7<br><br>A live performance or event with a bold title.<br><br><a href="https://www.theroxy.co.uk/events/dywmb0205-dne8j-tegms-dwtd8-2gwf6">More info / tickets</a>]]></description>
      <styleUrl>#purple-dot.png</styleUrl>
      <Point>
        <coordinates>-0.133066,51.516625,0</coordinates>
      </Point>
    </Placemark>
    <Placemark>
      <name>Mr Briggs All White 40th</name>
      <description><![CDATA[<b>Mr Briggs All White 40th</b><br><i>Nightlife</i><br>Sat 27th Jun<br>Share Event:<br>£11<br><br>A 40th birthday celebration with an all-white dress code.<br><br><a href="https://shoobs.com/events/135750">More info / tickets</a>]]></description>
      <styleUrl>#purple-dot.png</styleUrl>
      <Point>
        <coordinates>-0.174491,51.437875,0</coordinates>
      </Point>
    </Placemark>
    <Placemark>
      <name>One Drop Brunch</name>
      <description><![CDATA[<b>One Drop Brunch</b><br><i>Food &amp; Drink</i><br>Sat 27th Jun<br>Share Event:<br>£11<br><br>Dancehall brunch with bottomless rum punch and Caribbean cuisine.<br><br><a href="https://shoobs.com/events/128424">More info / tickets</a>]]></description>
      <styleUrl>#red-dot.png</styleUrl>
      <Point>
        <coordinates>-0.174491,51.437875,0</coordinates>
      </Point>
    </Placemark>
    <Placemark>
      <name>Panel Discussion</name>
      <description><![CDATA[<b>Panel Discussion</b><br><i>Arts &amp; Culture</i><br>Sat 27th Jun<br>Mimosa House<br>Free<br><br>Discussion on possessions, bodies, and land in the Arctic.<br><br><a href="https://www.newexhibitions.com/">More info / tickets</a>]]></description>
      <styleUrl>#orange-dot.png</styleUrl>
      <Point>
        <coordinates>-0.0069092,51.5480291,0</coordinates>
      </Point>
    </Placemark>
    <Placemark>
      <name>Freestylers performance</name>
      <description><![CDATA[<b>Freestylers performance</b><br><i>Music</i><br>Sat 27th Jun<br>Goldsmiths Centre for Contemporary Art<br>Free<br><br>Live freestyle performance at Goldsmiths Centre.<br><br><a href="https://www.newexhibitions.com/">More info / tickets</a>]]></description>
      <styleUrl>#purple-dot.png</styleUrl>
      <Point>
        <coordinates>-0.0633052,51.5337313,0</coordinates>
      </Point>
    </Placemark>
    <Placemark>
      <name>Venus &amp; Adonis</name>
      <description><![CDATA[<b>Venus &amp; Adonis</b><br><i>Theatre</i><br>Sat 27th Jun<br>Barbican Theatre, Theatre &amp; Dance<br>Check site<br><br>Simon Russell Beale returns to our stage to narrate Greg Doran's celebrated production of Shakespeare's great poem, brought to life by a team of world-class puppeteers.<br><br><a href="https://www.barbican.org.uk/whats-on/theatre-dance">More info / tickets</a>]]></description>
      <styleUrl>#blue-dot.png</styleUrl>
      <Point>
        <coordinates>0.145345,51.482028,0</coordinates>
      </Point>
    </Placemark>
    <Placemark>
      <name>Ladyboys of Bangkok</name>
      <description><![CDATA[<b>Ladyboys of Bangkok</b><br><i>Theatre</i><br>Sat 27th Jun<br>The Sabai Pavilion at Shepherds Bush Green, Shepherds Bush<br>Free<br><br>Ladyboys of Bangkok offers a large-scale international revue experience that is genuinely unlike anything else currently playing. The internationally acclaimed production arrives in London for a limited run from 27 June–12 July<br><br><a href="https://www.whatsonstage.com/shows/london-theatre/off-west-end-theatre/ladyboys-of-bangkok_1709296/">More info / tickets</a>]]></description>
      <styleUrl>#blue-dot.png</styleUrl>
      <Point>
        <coordinates>-0.2244489,51.5034474,0</coordinates>
      </Point>
    </Placemark>
    <Placemark>
      <name>Barbarians v Wales</name>
      <description><![CDATA[<b>Barbarians v Wales</b><br><i>Sport &amp; Fitness</i><br>Sat 27th Jun<br>Twickenham Stadium, Twickenham<br>Free<br><br>BARBARIANS v WALES – ALLIANZ STADIUM-TWICKENHAM SUMMER FESTIVAL OF RUGBY One Ticket – Two Matches Barbarians v Wales Double Header – Men’s KO 2pm – Women KO 5pm The world-famous Barbarians will face Wales in a blockbuster men’s and women’s double header fixture this June. Scott Robertson will coach the Barbarians and p<br><br><a href="https://www.whatsonstage.com/shows/london-theatre/barbarians-v-wales_1719558/">More info / tickets</a>]]></description>
      <styleUrl>#ltblue-dot.png</styleUrl>
      <Point>
        <coordinates>-0.3394921,51.4548985,0</coordinates>
      </Point>
    </Placemark>
    <Placemark>
      <name>World Cup Screening: Brazil vs Scotland</name>
      <description><![CDATA[<b>World Cup Screening: Brazil vs Scotland</b><br><i>Sport &amp; Fitness</i><br>Sat 27th Jun – Sun 28th Jun<br>Brixton Jamm, Brixton<br>Tickets from £16.50<br><br>Live World Cup match screening with Brazilian fan energy and music.<br><br><a href="https://brixton-jamm.designmynight.com/6a0de1ccc5659511751174c9/world-cup-screening-brazil-vs-scotland">More info / tickets</a>]]></description>
      <styleUrl>#ltblue-dot.png</styleUrl>
      <Point>
        <coordinates>-0.112081,51.4706805,0</coordinates>
      </Point>
    </Placemark>
    <Placemark>
      <name>World Cup Disco: England vs Panama</name>
      <description><![CDATA[<b>World Cup Disco: England vs Panama</b><br><i>Sport &amp; Fitness</i><br>Sat 27th Jun<br>Brixton Jamm, Brixton<br>Tickets from £16.50<br><br>Live match screening with a party atmosphere and DJs at Brixton Jamm.<br><br><a href="https://brixton-jamm.designmynight.com/6a10515c8cb9133d0b3b6612/world-cup-disco-england-vs-panama">More info / tickets</a>]]></description>
      <styleUrl>#ltblue-dot.png</styleUrl>
      <Point>
        <coordinates>-0.112081,51.4706805,0</coordinates>
      </Point>
    </Placemark>
    <Placemark>
      <name>Ciroa x OAKBERRY Beauty Pop Up</name>
      <description><![CDATA[<b>Ciroa x OAKBERRY Beauty Pop Up</b><br><i>Arts &amp; Social</i><br>Sat 27th Jun<br>Oakberry, Rathbone Place, London, Marylebone<br>Free<br><br>Beauty products and services at a pop-up event.<br><br><a href="https://www.tiktok.com/discover/free-pop-ups-in-london">More info / tickets</a>]]></description>
      <styleUrl>#yellow-dot.png</styleUrl>
      <Point>
        <coordinates>-0.133597,51.517106,0</coordinates>
      </Point>
    </Placemark>
    <Placemark>
      <name>F1 Academy</name>
      <description><![CDATA[<b>F1 Academy</b><br><i>Sport &amp; Fitness</i><br>Sat 27th Jun – Sun 28th Jun<br>Outernet, Multiple<br>Free<br><br>F1 academy car display. Driver meet and greet. Branded giveaways. Grand prix experience prize draw.<br><br><a href="https://www.tiktok.com/en/trending/detail/pop-up-events-in-london">More info / tickets</a>]]></description>
      <styleUrl>#ltblue-dot.png</styleUrl>
      <Point>
        <coordinates>-0.1297955,51.515643,0</coordinates>
      </Point>
    </Placemark>
    <Placemark>
      <name>England v Panama &amp; Spread Love DJ Party</name>
      <description><![CDATA[<b>England v Panama &amp; Spread Love DJ Party</b><br><i>Nightlife</i><br>Sat 27th Jun<br>The Horse and Groom<br>Tickets from free<br><br>Daytime DJ party with soul, funk, and house music to celebrate the football match.<br><br><a href="https://thehorseandgroom.designmynight.com/69e770f35437e87c5111677b/world-cup-26-at-the-horse-and-groom">More info / tickets</a>]]></description>
      <styleUrl>#purple-dot.png</styleUrl>
      <Point>
        <coordinates>-0.1424125,51.5198569,0</coordinates>
      </Point>
    </Placemark>
    <Placemark>
      <name>Bop-A-Lenas Summer Ball</name>
      <description><![CDATA[<b>Bop-A-Lenas Summer Ball</b><br><i>Nightlife</i><br>Sun 28th Jun<br>Electric Ballroom, Camden<br>£10 OTD<br><br>A summer ball event at Electric Ballroom.<br><br><a href="https://electricballroom.co.uk/whats-on/">More info / tickets</a>]]></description>
      <styleUrl>#purple-dot.png</styleUrl>
      <Point>
        <coordinates>-0.142943,51.5397245,0</coordinates>
      </Point>
    </Placemark>
    <Placemark>
      <name>King Gong</name>
      <description><![CDATA[<b>King Gong</b><br><i>Comedy</i><br>Sun 28th Jun<br>The Comedy Store, London<br>from £12<br><br>World-famous open-mic comedy night.<br><br><a href="https://london.thecomedystore.co.uk/whats-on">More info / tickets</a>]]></description>
      <styleUrl>#blue-dot.png</styleUrl>
      <Point>
        <coordinates>-0.1322569,51.5101213,0</coordinates>
      </Point>
    </Placemark>
    <Placemark>
      <name>Hip-Hop &amp; R&amp;B Summer Block Party</name>
      <description><![CDATA[<b>Hip-Hop &amp; R&amp;B Summer Block Party</b><br><i>Music</i><br>Sun 28th Jun<br>The Queen's Walk, London<br>From £5.80<br><br>⭐Soak up the sun and unmatched throwback energy at HIPHOP &amp; R'N'B SUMMER BLOCK PARTY W/ DJ CABLE in London ⭐ Highlights 🏙️ Party alongside unbeatable riverside views of the iconic London Eye and the stunning city skyline 🎧 Dance to classic 90s and 00s Hiphop and RnB anthems ☀️ Soak up the ultimate summer terrace...<br><br><a href="https://feverup.com/en/london/nightlife-clubs">More info / tickets</a>]]></description>
      <styleUrl>#purple-dot.png</styleUrl>
      <Point>
        <coordinates>-0.0780428,51.5049438,0</coordinates>
      </Point>
    </Placemark>
    <Placemark>
      <name>Matcha Workshop at KURO Harvey Nichols</name>
      <description><![CDATA[<b>Matcha Workshop at KURO Harvey Nichols</b><br><i>Food &amp; Drink</i><br>Sun 28th Jun<br>KURO Harvey Nichols<br>Check site<br><br>Learn to make matcha at this hands-on workshop.<br><br><a href="https://londontheinside.com/whats-on-this-week/">More info / tickets</a>]]></description>
      <styleUrl>#red-dot.png</styleUrl>
      <Point>
        <coordinates>-0.1597185,51.5015401,0</coordinates>
      </Point>
    </Placemark>
    <Placemark>
      <name>MotoGP Immersive Watch Party</name>
      <description><![CDATA[<b>MotoGP Immersive Watch Party</b><br><i>Sport &amp; Fitness</i><br>Sun 28th Jun<br>Outernet London, London<br>Free<br><br>360-degree race coverage with large-scale visuals and immersive audio; open access, no booking required.<br><br><a href="https://scouts.yutori.com/inbox/219d1f20-0546-4157-9f07-4d2e598de11a">More info / tickets</a>]]></description>
      <styleUrl>#ltblue-dot.png</styleUrl>
      <Point>
        <coordinates>-0.1297955,51.515643,0</coordinates>
      </Point>
    </Placemark>
    <Placemark>
      <name>La Haine</name>
      <description><![CDATA[<b>La Haine</b><br><i>Arts &amp; Culture</i><br>Sun 28th Jun<br>Prince Charles Cinema, Leicester Square<br>$200<br><br>A 4K screening of the classic film La Haine.<br><br><a href="https://princecharlescinema.com/next-7-days/">More info / tickets</a>]]></description>
      <styleUrl>#orange-dot.png</styleUrl>
      <Point>
        <coordinates>-0.1304091,51.5109335,0</coordinates>
      </Point>
    </Placemark>
    <Placemark>
      <name>Spaceballs</name>
      <description><![CDATA[<b>Spaceballs</b><br><i>Arts &amp; Culture</i><br>Sun 28th Jun<br>Prince Charles Cinema, London<br>$200<br><br>A 35mm screening of the cult comedy Spaceballs.<br><br><a href="https://princecharlescinema.com/next-7-days/">More info / tickets</a>]]></description>
      <styleUrl>#orange-dot.png</styleUrl>
      <Point>
        <coordinates>-0.130123,51.511482,0</coordinates>
      </Point>
    </Placemark>
    <Placemark>
      <name>One Flew Over the Cuckoo's Nest</name>
      <description><![CDATA[<b>One Flew Over the Cuckoo's Nest</b><br><i>Arts &amp; Culture</i><br>Sun 28th Jun<br>Prince Charles Cinema, London<br>Check site<br><br>A 4K screening of the classic film One Flew Over the Cuckoo's Nest.<br><br><a href="https://princecharlescinema.com/next-7-days/">More info / tickets</a>]]></description>
      <styleUrl>#orange-dot.png</styleUrl>
      <Point>
        <coordinates>-0.130123,51.511482,0</coordinates>
      </Point>
    </Placemark>
    <Placemark>
      <name>Blazing Saddles</name>
      <description><![CDATA[<b>Blazing Saddles</b><br><i>Comedy</i><br>Sun 28th Jun<br>Prince Charles Cinema, London<br>Check site<br><br>Classic comedy film screening at Prince Charles Cinema.<br><br><a href="https://princecharlescinema.com/next-7-days/">More info / tickets</a>]]></description>
      <styleUrl>#blue-dot.png</styleUrl>
      <Point>
        <coordinates>-0.130123,51.511482,0</coordinates>
      </Point>
    </Placemark>
    <Placemark>
      <name>Young Frankenstein</name>
      <description><![CDATA[<b>Young Frankenstein</b><br><i>Comedy</i><br>Sun 28th Jun<br>Prince Charles Cinema, London<br>Check site<br><br>Mel Brooks' comedy horror film shown at Prince Charles Cinema.<br><br><a href="https://princecharlescinema.com/next-7-days/">More info / tickets</a>]]></description>
      <styleUrl>#blue-dot.png</styleUrl>
      <Point>
        <coordinates>-0.130123,51.511482,0</coordinates>
      </Point>
    </Placemark>
    <Placemark>
      <name>Ghost in the Shell</name>
      <description><![CDATA[<b>Ghost in the Shell</b><br><i>Arts &amp; Culture</i><br>Sun 28th Jun<br>Prince Charles Cinema, London<br>Check site<br><br>Sci-fi anime film in 4K subtitled format at Prince Charles Cinema.<br><br><a href="https://princecharlescinema.com/next-7-days/">More info / tickets</a>]]></description>
      <styleUrl>#orange-dot.png</styleUrl>
      <Point>
        <coordinates>-0.130123,51.511482,0</coordinates>
      </Point>
    </Placemark>
    <Placemark>
      <name>Pride Creative Celebration</name>
      <description><![CDATA[<b>Pride Creative Celebration</b><br><i>Cultural</i><br>Sun 28th Jun<br>Borough SE1, Borough<br>Pay what you can<br><br>A creative celebration of Pride.<br><br><a href="https://southwarkplayhouse.co.uk/productions/pride-a-creative-celebration/">More info / tickets</a>]]></description>
      <styleUrl>#orange-dot.png</styleUrl>
      <Point>
        <coordinates>-0.1085991,51.4959308,0</coordinates>
      </Point>
    </Placemark>
    <Placemark>
      <name>Sunday Stand Up Comedy</name>
      <description><![CDATA[<b>Sunday Stand Up Comedy</b><br><i>Comedy</i><br>Sun 28th Jun<br>170 Drury Lane<br>£1<br><br>Evening comedy show with audience contributions for performers.<br><br><a href="https://thetopsecretcomedyclub.co.uk/events-listings/sunday-5pm-25/">More info / tickets</a>]]></description>
      <styleUrl>#blue-dot.png</styleUrl>
      <Point>
        <coordinates>-0.1229779,51.5153948,0</coordinates>
      </Point>
    </Placemark>
    <Placemark>
      <name>Rachel Fairburn Work in Progress</name>
      <description><![CDATA[<b>Rachel Fairburn Work in Progress</b><br><i>Comedy</i><br>Sun 28th Jun<br>The Bill Murray, Islington<br>£8.99<br><br>Comedian Rachel Fairburn tests new material.<br><br><a href="https://www.angelcomedy.co.uk/bill-murray/">More info / tickets</a>]]></description>
      <styleUrl>#blue-dot.png</styleUrl>
      <Point>
        <coordinates>-0.098819,51.536251,0</coordinates>
      </Point>
    </Placemark>
    <Placemark>
      <name>Alex Kitson: Now Look Here</name>
      <description><![CDATA[<b>Alex Kitson: Now Look Here</b><br><i>Comedy</i><br>Sun 28th Jun<br>The Bill Murray, Islington<br>£8.54<br><br>Comedian Alex Kitson tests new material.<br><br><a href="https://www.angelcomedy.co.uk/bill-murray/">More info / tickets</a>]]></description>
      <styleUrl>#blue-dot.png</styleUrl>
      <Point>
        <coordinates>-0.098819,51.536251,0</coordinates>
      </Point>
    </Placemark>
    <Placemark>
      <name>Elbow Room Comedy</name>
      <description><![CDATA[<b>Elbow Room Comedy</b><br><i>Comedy</i><br>Sun 28th Jun<br>The Bill Murray, Islington<br>£5<br><br>A comedy show at The Bill Murray.<br><br><a href="https://www.angelcomedy.co.uk/bill-murray/">More info / tickets</a>]]></description>
      <styleUrl>#blue-dot.png</styleUrl>
      <Point>
        <coordinates>-0.098819,51.536251,0</coordinates>
      </Point>
    </Placemark>
    <Placemark>
      <name>Eric Rushton: Could Well Be In</name>
      <description><![CDATA[<b>Eric Rushton: Could Well Be In</b><br><i>Comedy</i><br>Sun 28th Jun<br>The Bill Murray, Islington<br>£8.99<br><br>A work-in-progress comedy show by Eric Rushton.<br><br><a href="https://www.angelcomedy.co.uk/bill-murray/">More info / tickets</a>]]></description>
      <styleUrl>#blue-dot.png</styleUrl>
      <Point>
        <coordinates>-0.098819,51.536251,0</coordinates>
      </Point>
    </Placemark>
    <Placemark>
      <name>EMTA Theatre Academy Presentation 2026</name>
      <description><![CDATA[<b>EMTA Theatre Academy Presentation 2026</b><br><i>Theatre</i><br>Sun 28th Jun<br>Studio Theatre<br>£15<br><br>A showcase by theatre academy students.<br><br><a href="https://www.artsdepot.co.uk/event/emta-theatre-academy-presentation-2026/#book-now">More info / tickets</a>]]></description>
      <styleUrl>#blue-dot.png</styleUrl>
      <Point>
        <coordinates>-0.159608,51.3659217,0</coordinates>
      </Point>
    </Placemark>
    <Placemark>
      <name>POP-KID: Setlist at Somerset House</name>
      <description><![CDATA[<b>POP-KID: Setlist at Somerset House</b><br><i>Music</i><br>Sun 28th Jun<br>Setlist, Embankment<br>Free<br><br>Family-friendly pop party with hits from the 80s to today.<br><br><a href="https://supa-dupa-fly.designmynight.com/696260c51466721c893a3b13/pop-kid-setlist-at-somerset-house">More info / tickets</a>]]></description>
      <styleUrl>#purple-dot.png</styleUrl>
      <Point>
        <coordinates>-0.092813,51.514993,0</coordinates>
      </Point>
    </Placemark>
    <Placemark>
      <name>HipHop &amp; R&amp;B Summer Block Party</name>
      <description><![CDATA[<b>HipHop &amp; R&amp;B Summer Block Party</b><br><i>Music</i><br>Sun 28th Jun<br>Between The Bridges<br>£5<br><br>Outdoor party with 90s and 00s hip-hop and R&amp;B hits.<br><br><a href="https://supa-dupa-fly.designmynight.com/69ef6d3a0207a753ef684194/supa-dupa-fly-summer-block-party">More info / tickets</a>]]></description>
      <styleUrl>#purple-dot.png</styleUrl>
      <Point>
        <coordinates>-0.3066662,51.4102865,0</coordinates>
      </Point>
    </Placemark>
    <Placemark>
      <name>Wonders of the warehouse tour</name>
      <description><![CDATA[<b>Wonders of the warehouse tour</b><br><i>Arts &amp; Culture</i><br>Sun 28th Jun – Sat 26th Sep<br>London Museum Docklands, London Museum Docklands<br>Free<br><br>Explore the hidden history of a Georgian museum building.<br><br><a href="https://www.londonmuseum.org.uk/whats-on/">More info / tickets</a>]]></description>
      <styleUrl>#orange-dot.png</styleUrl>
      <Point>
        <coordinates>-0.02361,51.5074,0</coordinates>
      </Point>
    </Placemark>
    <Placemark>
      <name>Roman fort gate tours</name>
      <description><![CDATA[<b>Roman fort gate tours</b><br><i>Arts &amp; Culture</i><br>Sun 28th Jun – Sun 26th Jul<br>London Museum Docklands, London Museum Docklands<br>Free<br><br>Discover the remains of Roman London's military fort beneath the streets.<br><br><a href="https://www.londonmuseum.org.uk/whats-on/">More info / tickets</a>]]></description>
      <styleUrl>#orange-dot.png</styleUrl>
      <Point>
        <coordinates>-0.02361,51.5074,0</coordinates>
      </Point>
    </Placemark>
    <Placemark>
      <name>UPCHUCK</name>
      <description><![CDATA[<b>UPCHUCK</b><br><i>Music</i><br>Sun 28th Jun<br>Oslo, Hackney<br>£16<br><br>Live music event at Oslo.<br><br><a href="https://www.oslohackney.com/events/upchuck-oslo-hackney-tickets-2026/">More info / tickets</a>]]></description>
      <styleUrl>#purple-dot.png</styleUrl>
      <Point>
        <coordinates>-0.036526,51.497706,0</coordinates>
      </Point>
    </Placemark>
    <Placemark>
      <name>My Left Foot: The Story of Christy Brown</name>
      <description><![CDATA[<b>My Left Foot: The Story of Christy Brown</b><br><i>Arts &amp; Culture</i><br>Sun 28th Jun<br>Phoenix Cinema, East Finchley<br>Check site<br><br>A screening of the Irish film with a Q&amp;A session.<br><br><a href="https://www.phoenixcinema.co.uk/PhoenixCinemaLondon.dll/WhatsOn">More info / tickets</a>]]></description>
      <styleUrl>#orange-dot.png</styleUrl>
      <Point>
        <coordinates>-0.1637085,51.5885079,0</coordinates>
      </Point>
    </Placemark>
    <Placemark>
      <name>Portrait of a Lady on Fire</name>
      <description><![CDATA[<b>Portrait of a Lady on Fire</b><br><i>Arts &amp; Culture</i><br>Sun 28th Jun<br>Phoenix Cinema, East Finchley<br>Check site<br><br>A classic film screening at Phoenix Cinema.<br><br><a href="https://www.phoenixcinema.co.uk/PhoenixCinemaLondon.dll/WhatsOn">More info / tickets</a>]]></description>
      <styleUrl>#orange-dot.png</styleUrl>
      <Point>
        <coordinates>-0.1637085,51.5885079,0</coordinates>
      </Point>
    </Placemark>
    <Placemark>
      <name>Off-Grid Performance</name>
      <description><![CDATA[<b>Off-Grid Performance</b><br><i>Theatre</i><br>Sun 28th Jun<br>Globe Theatre, Bankside<br>Check site<br><br>A low-energy Shakespearean performance during London Climate Action Week.<br><br><a href="https://www.shakespearesglobe.com/whats-on">More info / tickets</a>]]></description>
      <styleUrl>#blue-dot.png</styleUrl>
      <Point>
        <coordinates>-0.0971863561153852,51.5081214,0</coordinates>
      </Point>
    </Placemark>
    <Placemark>
      <name>Portobello Comedy Club</name>
      <description><![CDATA[<b>Portobello Comedy Club</b><br><i>Comedy</i><br>Sun 28th Jun<br>UNDR Ladbroke Grove, Ladbroke Grove<br>£14<br><br>Stand-up comedy night with fresh talent.<br><br><a href="https://www.skiddle.com/whats-on/London/">More info / tickets</a>]]></description>
      <styleUrl>#blue-dot.png</styleUrl>
      <Point>
        <coordinates>-0.204443,51.509667,0</coordinates>
      </Point>
    </Placemark>
    <Placemark>
      <name>Continental GT Steppers London</name>
      <description><![CDATA[<b>Continental GT Steppers London</b><br><i>Music</i><br>Sun 28th Jun<br>Studio 338, London<br>£20<br><br>Special summer music experience in London.<br><br><a href="https://www.skiddle.com/whats-on/London/Studio-338/Continental-GT-Steppers-London--studio-338/42171287/">More info / tickets</a>]]></description>
      <styleUrl>#purple-dot.png</styleUrl>
      <Point>
        <coordinates>0.0047635,51.4954879,0</coordinates>
      </Point>
    </Placemark>
    <Placemark>
      <name>Leadenhall Vintage Furniture &amp; Flea Market</name>
      <description><![CDATA[<b>Leadenhall Vintage Furniture &amp; Flea Market</b><br><i>Arts &amp; Social</i><br>Sun 28th Jun<br>Leadenhall Market, City of London<br>Free<br><br>A market selling mid-century, vintage, and retro furniture, homewares, and fashion.<br><br><a href="https://www.eventbrite.co.uk/e/the-leadenhall-vintage-furniture-flea-market-tickets-1983544195083">More info / tickets</a>]]></description>
      <styleUrl>#yellow-dot.png</styleUrl>
      <Point>
        <coordinates>-0.083484,51.5128179,0</coordinates>
      </Point>
    </Placemark>
    <Placemark>
      <name>Electric Six</name>
      <description><![CDATA[<b>Electric Six</b><br><i>Music</i><br>Sun 28th Jun<br>100 Club, Oxford Street, London<br>£21.50 adv + bf<br><br>Live music performance by Electric Six.<br><br><a href="https://www.the100club.co.uk/100club-events/">More info / tickets</a>]]></description>
      <styleUrl>#purple-dot.png</styleUrl>
      <Point>
        <coordinates>0.1112172,51.4214109,0</coordinates>
      </Point>
    </Placemark>
    <Placemark>
      <name>ALT B: Returning to Each Other</name>
      <description><![CDATA[<b>ALT B: Returning to Each Other</b><br><i>Theatre</i><br>Sun 28th Jun<br>Bush Theatre<br>£10<br><br>ALT B: Returning to Each Other - Palestine and Lebanon White Kite Collective at Bush Theatre today! Part of our ALT B.<br><br><a href="https://www.bushtheatre.co.uk/event/alt-b-returning-to-each-other-palestine-and-lebanon/">More info / tickets</a>]]></description>
      <styleUrl>#blue-dot.png</styleUrl>
      <Point>
        <coordinates>-0.2260161,51.505135,0</coordinates>
      </Point>
    </Placemark>
    <Placemark>
      <name>David Hockney at the Royal Academy</name>
      <description><![CDATA[<b>David Hockney at the Royal Academy</b><br><i>Arts &amp; Culture</i><br>Sun 28th Jun<br>The Lexi Cinema, London<br>Free<br><br>Exhibition showcasing works by David Hockney.<br><br><a href="https://thelexicinema.co.uk/TheLexiCinema.dll/WhatsOn">More info / tickets</a>]]></description>
      <styleUrl>#orange-dot.png</styleUrl>
      <Point>
        <coordinates>-0.2224753,51.5375275,0</coordinates>
      </Point>
    </Placemark>
    <Placemark>
      <name>NT Live: All My Sons</name>
      <description><![CDATA[<b>NT Live: All My Sons</b><br><i>Theatre</i><br>Sun 28th Jun<br>The Lexi Cinema, London<br>Free<br><br>Live theatre screening of Arthur Miller's classic play.<br><br><a href="https://thelexicinema.co.uk/TheLexiCinema.dll/WhatsOn">More info / tickets</a>]]></description>
      <styleUrl>#blue-dot.png</styleUrl>
      <Point>
        <coordinates>-0.2224753,51.5375275,0</coordinates>
      </Point>
    </Placemark>
    <Placemark>
      <name>Savage House</name>
      <description><![CDATA[<b>Savage House</b><br><i>Music</i><br>Sun 28th Jun<br>The Lexi Cinema, London<br>Free<br><br>Film screening of Savage House.<br><br><a href="https://thelexicinema.co.uk/TheLexiCinema.dll/WhatsOn">More info / tickets</a>]]></description>
      <styleUrl>#purple-dot.png</styleUrl>
      <Point>
        <coordinates>-0.2224753,51.5375275,0</coordinates>
      </Point>
    </Placemark>
    <Placemark>
      <name>West End Live</name>
      <description><![CDATA[<b>West End Live</b><br><i>Music</i><br>Sun 28th Jun<br>The Undercroft, St Georges Church, Bloomsbury Way, London, WC1A 2SR, Bloomsbury<br>Check site<br><br>Cabaret performances featuring West End stars.<br><br><a href="https://www.museumofcomedy.com/whats-on/">More info / tickets</a>]]></description>
      <styleUrl>#purple-dot.png</styleUrl>
      <Point>
        <coordinates>-0.1243901,51.5175377,0</coordinates>
      </Point>
    </Placemark>
    <Placemark>
      <name>IMMORTAL DISFIGUREMENT + GUTRECTOMY</name>
      <description><![CDATA[<b>IMMORTAL DISFIGUREMENT + GUTRECTOMY</b><br><i>Music</i><br>Sun 28th Jun<br>New Cross Inn, New Cross<br>£20<br><br>Metal concert featuring two bands at a local pub.<br><br><a href="https://pit.live/events/immortal-disfigurement-gutrectomy">More info / tickets</a>]]></description>
      <styleUrl>#purple-dot.png</styleUrl>
      <Point>
        <coordinates>-0.0370911,51.4757953,0</coordinates>
      </Point>
    </Placemark>
    <Placemark>
      <name>Dreamwire, Jamws, Sorrel, On?</name>
      <description><![CDATA[<b>Dreamwire, Jamws, Sorrel, On?</b><br><i>Music</i><br>Sun 28th Jun<br>The Windmill<br>£4<br><br>Live music event with Dreamwire and supporting acts.<br><br><a href="https://www.windmillbrixton.co.uk/events/2026-06-28-dreamwire-jamws-sorrel-on-the-windmill">More info / tickets</a>]]></description>
      <styleUrl>#purple-dot.png</styleUrl>
      <Point>
        <coordinates>-0.1224856,51.4539873,0</coordinates>
      </Point>
    </Placemark>
    <Placemark>
      <name>BST in Hyde Park</name>
      <description><![CDATA[<b>BST in Hyde Park</b><br><i>Music</i><br>Sun 28th Jun<br>Hyde Park, Hyde Park<br>from £49.95<br><br>Summer music festival with Ateez, Bazzi, Flo, and Taemin.<br><br><a href="https://www.designmynight.com/london/blog/things-to-do-in-london-this-weekend">More info / tickets</a>]]></description>
      <styleUrl>#purple-dot.png</styleUrl>
      <Point>
        <coordinates>-0.1808292,51.5011061,0</coordinates>
      </Point>
    </Placemark>
    <Placemark>
      <name>Bingo Night Out</name>
      <description><![CDATA[<b>Bingo Night Out</b><br><i>Nightlife</i><br>Sun 28th Jun<br>Buzz Bingo Enfield, Enfield<br>£10<br><br>Bingo with a meal and drink for £10.<br><br><a href="https://www.skiddle.com/whats-on/events/london/?eventType=FOOD&amp;">More info / tickets</a>]]></description>
      <styleUrl>#purple-dot.png</styleUrl>
      <Point>
        <coordinates>-0.0571801,51.6510996,0</coordinates>
      </Point>
    </Placemark>
    <Placemark>
      <name>Bingo Night Out</name>
      <description><![CDATA[<b>Bingo Night Out</b><br><i>Nightlife</i><br>Sun 28th Jun<br>Buzz Bingo Tooting, Tooting<br>£10<br><br>Bingo with a meal and drink for £10.<br><br><a href="https://www.skiddle.com/whats-on/events/london/?eventType=FOOD&amp;">More info / tickets</a>]]></description>
      <styleUrl>#purple-dot.png</styleUrl>
      <Point>
        <coordinates>-0.1664943,51.4266556,0</coordinates>
      </Point>
    </Placemark>
    <Placemark>
      <name>Side Stories</name>
      <description><![CDATA[<b>Side Stories</b><br><i>Music</i><br>Sun 28th Jun<br>London Music Hall, London, Ontario<br>CAD $47.45<br><br>Live music performance by Side Stories.<br><br><a href="https://www.londontourism.ca/events/side-stories">More info / tickets</a>]]></description>
      <styleUrl>#purple-dot.png</styleUrl>
      <Point>
        <coordinates>-0.0483978,51.4759485,0</coordinates>
      </Point>
    </Placemark>
    <Placemark>
      <name>London Majors vs Hamilton Cardinals</name>
      <description><![CDATA[<b>London Majors vs Hamilton Cardinals</b><br><i>Sport &amp; Fitness</i><br>Sun 28th Jun<br>Labatt Memorial Park, London, Ontario<br>Free<br><br>Baseball game between two teams.<br><br><a href="https://www.londontourism.ca/events/featured-events">More info / tickets</a>]]></description>
      <styleUrl>#ltblue-dot.png</styleUrl>
      <Point>
        <coordinates>-0.088583,51.503326,0</coordinates>
      </Point>
    </Placemark>
    <Placemark>
      <name>Monkey House</name>
      <description><![CDATA[<b>Monkey House</b><br><i>Music</i><br>Sun 28th Jun<br>Aeolian Hall Musical Arts Association, London, Ontario<br>CADPrices vary<br><br>Live music performance by the band.<br><br><a href="https://www.londontourism.ca/events/monkey-house">More info / tickets</a>]]></description>
      <styleUrl>#purple-dot.png</styleUrl>
      <Point>
        <coordinates>0.019077,51.454293,0</coordinates>
      </Point>
    </Placemark>
    <Placemark>
      <name>Bad Bunny and Chuwi</name>
      <description><![CDATA[<b>Bad Bunny and Chuwi</b><br><i>Music</i><br>Sun 28th Jun<br>Tottenham Hotspur Stadium, Haringey<br>Check site<br><br>A concert featuring Bad Bunny and Chuwi at Tottenham Hotspur Stadium.<br><br><a href="https://www.songkick.com/metro-areas/24426-uk-london/june-2026">More info / tickets</a>]]></description>
      <styleUrl>#purple-dot.png</styleUrl>
      <Point>
        <coordinates>-0.0662604,51.604157,0</coordinates>
      </Point>
    </Placemark>
    <Placemark>
      <name>The Offspring</name>
      <description><![CDATA[<b>The Offspring</b><br><i>Music</i><br>Sun 28th Jun<br>Crystal Palace Park, Southwark<br>Check site<br><br>A punk rock concert with PUP and Pennywise.<br><br><a href="https://www.songkick.com/metro-areas/24426-uk-london/june-2026">More info / tickets</a>]]></description>
      <styleUrl>#purple-dot.png</styleUrl>
      <Point>
        <coordinates>-0.0682878,51.4254738,0</coordinates>
      </Point>
    </Placemark>
    <Placemark>
      <name>Shy FX</name>
      <description><![CDATA[<b>Shy FX</b><br><i>Music</i><br>Sun 28th Jun<br>The Cause, London<br>Check site<br><br>Live electronic music performance with supporting acts.<br><br><a href="https://www.songkick.com/metro-areas/24426-uk-london/june-2026">More info / tickets</a>]]></description>
      <styleUrl>#purple-dot.png</styleUrl>
      <Point>
        <coordinates>-0.1648137,51.5871881,0</coordinates>
      </Point>
    </Placemark>
    <Placemark>
      <name>Anyma</name>
      <description><![CDATA[<b>Anyma</b><br><i>Music</i><br>Sun 28th Jun<br>Silverworks Island, London<br>Check site<br><br>Live electronic music performance.<br><br><a href="https://www.songkick.com/metro-areas/24426-uk-london/june-2026">More info / tickets</a>]]></description>
      <styleUrl>#purple-dot.png</styleUrl>
      <Point>
        <coordinates>0.036304,51.504036,0</coordinates>
      </Point>
    </Placemark>
    <Placemark>
      <name>deathbyromy and King Mala</name>
      <description><![CDATA[<b>deathbyromy and King Mala</b><br><i>Music</i><br>Sun 28th Jun<br>The Underworld, Camden, Camden<br>Check site<br><br>Live music performance by deathbyromy and King Mala.<br><br><a href="https://www.songkick.com/metro-areas/24426-uk-london/june-2026">More info / tickets</a>]]></description>
      <styleUrl>#purple-dot.png</styleUrl>
      <Point>
        <coordinates>-0.1422052,51.5391849,0</coordinates>
      </Point>
    </Placemark>
    <Placemark>
      <name>pictureframes</name>
      <description><![CDATA[<b>pictureframes</b><br><i>Arts &amp; Culture</i><br>Sun 28th Jun<br>The Ivy House, Nunhead<br>Check site<br><br>Art exhibition featuring pictureframes.<br><br><a href="https://www.songkick.com/metro-areas/24426-uk-london/june-2026">More info / tickets</a>]]></description>
      <styleUrl>#orange-dot.png</styleUrl>
      <Point>
        <coordinates>-0.0520962,51.4581957,0</coordinates>
      </Point>
    </Placemark>
    <Placemark>
      <name>Vanbrugh: The Drama of Architecture</name>
      <description><![CDATA[<b>Vanbrugh: The Drama of Architecture</b><br><i>Arts &amp; Culture</i><br>Sun 28th Jun<br>Sir John Soane's Museum, Holborn<br>Free<br><br>Vanbrugh: The Drama of Architecture will introduce new audiences to the work of an English Baroque architect, adventurer, playwright and spy 300 years after his death.<br><br><a href="https://www.ianvisits.co.uk/calendar/date/2026/06/27/">More info / tickets</a>]]></description>
      <styleUrl>#orange-dot.png</styleUrl>
      <Point>
        <coordinates>-0.1174953,51.5170754,0</coordinates>
      </Point>
    </Placemark>
    <Placemark>
      <name>The LIFE in a Line!</name>
      <description><![CDATA[<b>The LIFE in a Line!</b><br><i>Arts &amp; Culture</i><br>Sun 28th Jun<br>Heath Robinson Museum, Pinner<br>£8<br><br>An exhibition exploring the power of a single drawn line, from Mr Doodle’s murals to works by Heath Robinson and Frank Auerbach.<br><br><a href="https://www.ianvisits.co.uk/calendar/date/2026/06/27/">More info / tickets</a>]]></description>
      <styleUrl>#orange-dot.png</styleUrl>
      <Point>
        <coordinates>-0.3867013,51.592676,0</coordinates>
      </Point>
    </Placemark>
    <Placemark>
      <name>Leonora Carrington: The Symptomatic Surreal</name>
      <description><![CDATA[<b>Leonora Carrington: The Symptomatic Surreal</b><br><i>Arts &amp; Culture</i><br>Sun 28th Jun<br>Freud Museum, Hampstead<br>£14.50<br><br>The first exhibition dedicated to Leonora Carrington’s wartime work, a leading 20th-century artist.<br><br><a href="https://www.ianvisits.co.uk/calendar/date/2026/06/27/">More info / tickets</a>]]></description>
      <styleUrl>#orange-dot.png</styleUrl>
      <Point>
        <coordinates>-0.1773926,51.5483391,0</coordinates>
      </Point>
    </Placemark>
    <Placemark>
      <name>The Rotunda Irrepressible</name>
      <description><![CDATA[<b>The Rotunda Irrepressible</b><br><i>Arts &amp; Culture</i><br>Sun 28th Jun<br>London Photo Show, Pinner<br>Free<br><br>A 1/4 scale demonstration of John Nash’s roof truss system.<br><br><a href="https://www.ianvisits.co.uk/calendar/date/2026/06/27/">More info / tickets</a>]]></description>
      <styleUrl>#orange-dot.png</styleUrl>
      <Point>
        <coordinates>-0.3770142,51.5968712,0</coordinates>
      </Point>
    </Placemark>
    <Placemark>
      <name>London Photo Show</name>
      <description><![CDATA[<b>London Photo Show</b><br><i>Arts &amp; Culture</i><br>Sun 28th Jun<br>London Metropolitan University Architecture and Design Summer Show, Pinner<br>Free<br><br>London Photo Show brings together photographers from around the world, each presenting their own perspective and story.<br><br><a href="https://www.ianvisits.co.uk/calendar/date/2026/06/27/">More info / tickets</a>]]></description>
      <styleUrl>#orange-dot.png</styleUrl>
      <Point>
        <coordinates>-0.3770142,51.5968712,0</coordinates>
      </Point>
    </Placemark>
    <Placemark>
      <name>London Metropolitan University Architecture and Design Summer Show</name>
      <description><![CDATA[<b>London Metropolitan University Architecture and Design Summer Show</b><br><i>Arts &amp; Culture</i><br>Sun 28th Jun<br>The Power of the Printed Word: Tyndale’s New Testament 1526 – 2026, Pinner<br>Free<br><br>An exhibition of graduating student work in architecture and design.<br><br><a href="https://www.ianvisits.co.uk/calendar/date/2026/06/27/">More info / tickets</a>]]></description>
      <styleUrl>#orange-dot.png</styleUrl>
      <Point>
        <coordinates>-0.3770142,51.5968712,0</coordinates>
      </Point>
    </Placemark>
    <Placemark>
      <name>The Power of the Printed Word: Tyndale’s New Testament</name>
      <description><![CDATA[<b>The Power of the Printed Word: Tyndale’s New Testament</b><br><i>Arts &amp; Culture</i><br>Sun 28th Jun<br>British Library, Camden<br>Free<br><br>View one of three surviving copies of Tyndale’s 1526 English New Testament.<br><br><a href="https://www.ianvisits.co.uk/calendar/date/2026/06/27/">More info / tickets</a>]]></description>
      <styleUrl>#orange-dot.png</styleUrl>
      <Point>
        <coordinates>-0.1276918,51.5299119,0</coordinates>
      </Point>
    </Placemark>
    <Placemark>
      <name>AGS All White Garden Party</name>
      <description><![CDATA[<b>AGS All White Garden Party</b><br><i>Nightlife</i><br>Sun 28th Jun<br>Berwick Manor, London<br>Check ticket price on event<br><br>Elegant garden party with an all-white dress code.<br><br><a href="https://www.eventbrite.co.uk/b/united-kingdom--london/music/">More info / tickets</a>]]></description>
      <styleUrl>#purple-dot.png</styleUrl>
      <Point>
        <coordinates>-0.1346095,51.5132558,0</coordinates>
      </Point>
    </Placemark>
    <Placemark>
      <name>Bashment Nation Summer Day Festival</name>
      <description><![CDATA[<b>Bashment Nation Summer Day Festival</b><br><i>Music</i><br>Sun 28th Jun<br>LDN EAST, London<br>Check ticket price on event<br><br>Reggae and dancehall music festival in London.<br><br><a href="https://www.eventbrite.co.uk/b/united-kingdom--london/music/">More info / tickets</a>]]></description>
      <styleUrl>#purple-dot.png</styleUrl>
      <Point>
        <coordinates>-0.2652329,51.46473,0</coordinates>
      </Point>
    </Placemark>
    <Placemark>
      <name>Lenny Henry: Still at Large</name>
      <description><![CDATA[<b>Lenny Henry: Still at Large</b><br><i>Comedy</i><br>Sun 28th Jun<br>Walthamstow, Walthamstow<br>Check site<br><br>Comedy show by legendary performer Lenny Henry.<br><br><a href="https://www.timeout.com/london/comedy/best-comedy-shows-this-month">More info / tickets</a>]]></description>
      <styleUrl>#blue-dot.png</styleUrl>
      <Point>
        <coordinates>0.0007567,51.5857628,0</coordinates>
      </Point>
    </Placemark>
    <Placemark>
      <name>ATEEZ Live in Hyde Park</name>
      <description><![CDATA[<b>ATEEZ Live in Hyde Park</b><br><i>Music</i><br>Sun 28th Jun<br>Hyde Park, Westminster<br>From EUR €121<br><br>K-pop concert by ATEEZ in London.<br><br><a href="https://www.vividseats.com/geo/uk/england/london/concerts">More info / tickets</a>]]></description>
      <styleUrl>#purple-dot.png</styleUrl>
      <Point>
        <coordinates>-0.163772,51.508825,0</coordinates>
      </Point>
    </Placemark>
    <Placemark>
      <name>Joe Lycett</name>
      <description><![CDATA[<b>Joe Lycett</b><br><i>Comedy</i><br>Sun 28th Jun<br>Up The Creek, London, UK<br>Check site<br><br>Stand-up comedy by Joe Lycett.<br><br><a href="https://www.songkick.com/metro-areas/24426-uk-london/2026/genre/comedy">More info / tickets</a>]]></description>
      <styleUrl>#blue-dot.png</styleUrl>
      <Point>
        <coordinates>-0.0116225,51.4812724,0</coordinates>
      </Point>
    </Placemark>
    <Placemark>
      <name>Between the Heartbeats Concert</name>
      <description><![CDATA[<b>Between the Heartbeats Concert</b><br><i>Music</i><br>Sun 28th Jun<br>The King's Head Theatre, Islington<br>Free<br><br>A concert celebrating Black queer brilliance and LGBTQ+ artists.<br><br><a href="https://www.whatsonstage.com/shows/london-theatre/off-west-end-theatre/between-the-heartbeats-concert_1722359/">More info / tickets</a>]]></description>
      <styleUrl>#purple-dot.png</styleUrl>
      <Point>
        <coordinates>-0.100435,51.537589,0</coordinates>
      </Point>
    </Placemark>
    <Placemark>
      <name>Sephora KBeauty Dome</name>
      <description><![CDATA[<b>Sephora KBeauty Dome</b><br><i>Arts &amp; Social</i><br>Sun 28th Jun<br>Atrium, Westfield White City, Shepherds Bush<br>Free<br><br>Sephora: KBeauty Dome 📍Atrium, Westfield White City, 1081 Ariel Way, Shepherds Bush, London Dates: 15th - 28th June Times: Mon - Sat 11am — 7pm Sun 12pm — 6pm 💟 Complete your stamp card by visiting each Brands booth! 🎁 Play FREE Gamesto WIN samples and Deluxe Samples! 🛍️ FULL SIZE Gift With Purchase! Enjoy &amp; Follow for<br><br><a href="https://www.tiktok.com/@somethingsomethingbeauty/video/7653217959711837463">More info / tickets</a>]]></description>
      <styleUrl>#yellow-dot.png</styleUrl>
      <Point>
        <coordinates>-0.2219402,51.5065093,0</coordinates>
      </Point>
    </Placemark>
    <Placemark>
      <name>ACAI Mai Nami Hair Pudding Pop Up</name>
      <description><![CDATA[<b>ACAI Mai Nami Hair Pudding Pop Up</b><br><i>Arts &amp; Social</i><br>Sun 28th Jun<br>Guillam Coffee House — The Whiteley, 153 Queensway, London, Bayswater<br>Free<br><br>Hair care product demonstrations at a pop-up.<br><br><a href="https://www.tiktok.com/discover/free-pop-ups-in-london">More info / tickets</a>]]></description>
      <styleUrl>#yellow-dot.png</styleUrl>
      <Point>
        <coordinates>-0.1879737,51.5148017,0</coordinates>
      </Point>
    </Placemark>
    <Placemark>
      <name>TOKKIA Matcha Pop-Up</name>
      <description><![CDATA[<b>TOKKIA Matcha Pop-Up</b><br><i>Food &amp; Drink</i><br>Sun 28th Jun<br>TOKKIA, Covent Garden<br>Free<br><br>New matcha pop up alert 🍵 @TOKKIA have a pop up at Covent Garden Piazza, celebrating 100 Years of The Royal Ballet School with a limited-edition Black Swan Matcha (black sesame matcha) 🖤🦢 Every purchase also gives you a chance at a prize draw to win a treat at their next opening! Available from 22nd - 28th June at...<br><br><a href="https://www.tiktok.com/@lydia_park/video/7654285575804947734">More info / tickets</a>]]></description>
      <styleUrl>#red-dot.png</styleUrl>
      <Point>
        <coordinates>-0.122534,51.51251,0</coordinates>
      </Point>
    </Placemark>
    <Placemark>
      <name>Mai Nami Hair Pudding Pop-Up</name>
      <description><![CDATA[<b>Mai Nami Hair Pudding Pop-Up</b><br><i>Food &amp; Drink</i><br>Sun 28th Jun<br>Guillam Coffee House, Bayswater<br>Free<br><br>Hair pudding tasting sessions in two time slots.<br><br><a href="https://www.tiktok.com/en/trending/detail/pop-up-events-in-london">More info / tickets</a>]]></description>
      <styleUrl>#red-dot.png</styleUrl>
      <Point>
        <coordinates>-0.19112,51.512209,0</coordinates>
      </Point>
    </Placemark>
  </Document>
</kml>