<?xml version="1.0" encoding="UTF-8"?>
<kml xmlns="http://www.opengis.net/kml/2.2">
  <Document>
    <name>Sydney Events — 8 Jun 26 to 14 Jun 26</name>
    <description>Weekend events in Sydney, 8 Jun 26 to 14 Jun 26. Pins coloured by category.</description>
  <Style id="blue-dot.png">
    <IconStyle>
      <Icon><href>https://maps.google.com/mapfiles/ms/icons/blue-dot.png</href></Icon>
    </IconStyle>
  </Style>
  <Style id="green-dot.png">
    <IconStyle>
      <Icon><href>https://maps.google.com/mapfiles/ms/icons/green-dot.png</href></Icon>
    </IconStyle>
  </Style>
  <Style id="ltblue-dot.png">
    <IconStyle>
      <Icon><href>https://maps.google.com/mapfiles/ms/icons/ltblue-dot.png</href></Icon>
    </IconStyle>
  </Style>
  <Style id="orange-dot.png">
    <IconStyle>
      <Icon><href>https://maps.google.com/mapfiles/ms/icons/orange-dot.png</href></Icon>
    </IconStyle>
  </Style>
  <Style id="purple-dot.png">
    <IconStyle>
      <Icon><href>https://maps.google.com/mapfiles/ms/icons/purple-dot.png</href></Icon>
    </IconStyle>
  </Style>
  <Style id="red-dot.png">
    <IconStyle>
      <Icon><href>https://maps.google.com/mapfiles/ms/icons/red-dot.png</href></Icon>
    </IconStyle>
  </Style>
  <Style id="yellow-dot.png">
    <IconStyle>
      <Icon><href>https://maps.google.com/mapfiles/ms/icons/yellow-dot.png</href></Icon>
    </IconStyle>
  </Style>
    <Placemark>
      <name>Experimental Sculpture in Clay</name>
      <description><![CDATA[<b>Experimental Sculpture in Clay</b><br><i>Arts &amp; Culture</i><br>Sat 18th Apr – Sat 27th Jun<br>National Art School, TALKS, COURSES &amp; WORKSHOPS<br>Free<br><br>Hands-on clay-building techniques workshop.<br><br><a href="https://whatson.cityofsydney.nsw.gov.au/events/experimental-sculpture-in-clay">More info / tickets</a>]]></description>
      <styleUrl>#orange-dot.png</styleUrl>
      <Point>
        <coordinates>151.059822,-33.88687,0</coordinates>
      </Point>
    </Placemark>
    <Placemark>
      <name>High Tides: Yuki Kihara and Morgan Hogg</name>
      <description><![CDATA[<b>High Tides: Yuki Kihara and Morgan Hogg</b><br><i>Arts &amp; Culture</i><br>Sat 18th Apr – Sun 28th Jun<br>4A - Centre for Contemporary Asian Art, Glebe<br>Check site<br><br>Contemporary art exhibition by Yuki Kihara and Morgan Hogg.<br><br><a href="https://whatson.cityofsydney.nsw.gov.au/events/high-tides-yuki-kihara-and-morgan-hogg">More info / tickets</a>]]></description>
      <styleUrl>#orange-dot.png</styleUrl>
      <Point>
        <coordinates>151.2058619,-33.8799622,0</coordinates>
      </Point>
    </Placemark>
    <Placemark>
      <name>Anastasia</name>
      <description><![CDATA[<b>Anastasia</b><br><i>Theatre</i><br>Fri 24th Apr – Sat 18th Jul<br>Sydney Lyric Theatre, Pyrmont NSW 2009<br>Check site<br><br>ANASTASIA The Broadway Musical, the romantic and adventure-filled hit inspired by the beloved film, is coming to Australia for the first time! This dazzling production, by...<br><br><a href="https://www.experiencesydneyaustralia.com/whats-on/events/">More info / tickets</a>]]></description>
      <styleUrl>#blue-dot.png</styleUrl>
      <Point>
        <coordinates>151.1961483,-33.8684024,0</coordinates>
      </Point>
    </Placemark>
    <Placemark>
      <name>Holding Light</name>
      <description><![CDATA[<b>Holding Light</b><br><i>Arts &amp; Culture</i><br>Sat 25th Apr – Sun 28th Jun<br>Bondi Pavilion, Bondi<br>Check site<br><br>Artistic response to the Bondi Beach terror attack.<br><br><a href="https://whatson.cityofsydney.nsw.gov.au/events/holding-light">More info / tickets</a>]]></description>
      <styleUrl>#orange-dot.png</styleUrl>
      <Point>
        <coordinates>151.2775798,-33.8901046,0</coordinates>
      </Point>
    </Placemark>
    <Placemark>
      <name>Sensory Friendly Tactile Tours</name>
      <description><![CDATA[<b>Sensory Friendly Tactile Tours</b><br><i>Arts &amp; Culture</i><br>Sun 26th Apr – Sun 14th Jun<br>White Bay Power Station, Rozelle<br>Check site<br><br>Accessible tours for the Biennale of Sydney.<br><br><a href="https://whatson.cityofsydney.nsw.gov.au/events/biennale-sensory-friendly-tactile-tours">More info / tickets</a>]]></description>
      <styleUrl>#orange-dot.png</styleUrl>
      <Point>
        <coordinates>151.1763669,-33.8669462,0</coordinates>
      </Point>
    </Placemark>
    <Placemark>
      <name>Youth Boxing and Calisthenics</name>
      <description><![CDATA[<b>Youth Boxing and Calisthenics</b><br><i>Sport &amp; Fitness</i><br>Wed 29th Apr – Wed 24th Jun<br>Eveleigh Green, Eveleigh<br>Check site<br><br>Sensory-friendly inclusive session with targeted coaching for youth.<br><br><a href="https://whatson.cityofsydney.nsw.gov.au/events/sensory-friendly-youth-boxing">More info / tickets</a>]]></description>
      <styleUrl>#ltblue-dot.png</styleUrl>
      <Point>
        <coordinates>151.1962441,-33.8968416,0</coordinates>
      </Point>
    </Placemark>
    <Placemark>
      <name>84 Charing Cross Road</name>
      <description><![CDATA[<b>84 Charing Cross Road</b><br><i>Theatre</i><br>Fri 1st May – Sat 13th Jun<br>Ensemble Theatre, Kirribilli, Sydney<br>Free<br><br>84 CHARING CROSS ROAD celebrates the enduring bonds forged through letters, books, and a shared love of words.<br><br><a href="https://whatson.cityofsydney.nsw.gov.au/events/84-charing-cross-road-by-helene-hanff">More info / tickets</a>]]></description>
      <styleUrl>#blue-dot.png</styleUrl>
      <Point>
        <coordinates>151.2151907,-33.8451899,0</coordinates>
      </Point>
    </Placemark>
    <Placemark>
      <name>Auslan Art Tours</name>
      <description><![CDATA[<b>Auslan Art Tours</b><br><i>Arts &amp; Culture</i><br>Sat 2nd May – Sat 13th Jun<br>WHITE BAY POWER STATION, TOURS &amp; EXPERIENCES<br>Free<br><br>Accessible art tours for the Biennale of Sydney.<br><br><a href="https://whatson.cityofsydney.nsw.gov.au/events/auslan-art-tours">More info / tickets</a>]]></description>
      <styleUrl>#orange-dot.png</styleUrl>
      <Point>
        <coordinates>151.1210749,-34.041826,0</coordinates>
      </Point>
    </Placemark>
    <Placemark>
      <name>Silver Jewellery Essentials</name>
      <description><![CDATA[<b>Silver Jewellery Essentials</b><br><i>Arts &amp; Culture</i><br>Thu 7th May – Thu 25th Jun<br>Sydney Community College, Rozelle<br>Check site<br><br>Learn to create custom silver jewellery pieces.<br><br><a href="https://whatson.cityofsydney.nsw.gov.au/events/silver-jewellery-essentials-for-beginners-and-continuers">More info / tickets</a>]]></description>
      <styleUrl>#orange-dot.png</styleUrl>
      <Point>
        <coordinates>151.1732513,-33.8665799,0</coordinates>
      </Point>
    </Placemark>
    <Placemark>
      <name>Race Around the World - TV Studio Audience</name>
      <description><![CDATA[<b>Race Around the World - TV Studio Audience</b><br><i>Arts &amp; Culture</i><br>Fri 8th May – Wed 29th Jul<br>700 Harris St, Ultimo NSW 2007, Ultimo<br>Check site<br><br>Six filmmakers race across 10 countries in 100 days, crafting bold films – only one will rise above the rest.<br><br><a href="https://whatson.cityofsydney.nsw.gov.au/events/race-around-the-world-studio-audience-ep-3">More info / tickets</a>]]></description>
      <styleUrl>#orange-dot.png</styleUrl>
      <Point>
        <coordinates>151.2014763,-33.8823472,0</coordinates>
      </Point>
    </Placemark>
    <Placemark>
      <name>La Ronde at The Grand Electric Sydney</name>
      <description><![CDATA[<b>La Ronde at The Grand Electric Sydney</b><br><i>Theatre</i><br>Thu 14th May – Sun 26th Jul<br>The Grand Electric Sydney, Surry Hills<br>Check site<br><br>International cirque-cabaret performance by the creators of Blanc de Blanc.<br><br><a href="https://whatson.cityofsydney.nsw.gov.au/events/la-ronde-at-the-grand-electric-sydney">More info / tickets</a>]]></description>
      <styleUrl>#blue-dot.png</styleUrl>
      <Point>
        <coordinates>151.212781,-33.885877,0</coordinates>
      </Point>
    </Placemark>
    <Placemark>
      <name>Lustre Exhibition</name>
      <description><![CDATA[<b>Lustre Exhibition</b><br><i>Arts &amp; Culture</i><br>Fri 15th May – Wed 15th Jul<br>Anzac Memorial, Sydney<br>Check site<br><br>An artwork exhibition inspired by the Allied campaigns in Greece and Crete in 1941.<br><br><a href="https://whatson.cityofsydney.nsw.gov.au/events/lustre-exhibition">More info / tickets</a>]]></description>
      <styleUrl>#orange-dot.png</styleUrl>
      <Point>
        <coordinates>151.2109486,-33.8757516,0</coordinates>
      </Point>
    </Placemark>
    <Placemark>
      <name>Savior</name>
      <description><![CDATA[<b>Savior</b><br><i>Theatre</i><br>Sat 16th May – Sun 14th Jun<br>Belvoir Street Theatre, Surry Hills<br>Free<br><br>A play about aid work and modern dating.<br><br><a href="https://whatson.cityofsydney.nsw.gov.au/events/savior">More info / tickets</a>]]></description>
      <styleUrl>#blue-dot.png</styleUrl>
      <Point>
        <coordinates>151.212781,-33.885877,0</coordinates>
      </Point>
    </Placemark>
    <Placemark>
      <name>Luku dhinthun: Always following the path of our Ancestors</name>
      <description><![CDATA[<b>Luku dhinthun: Always following the path of our Ancestors</b><br><i>Cultural</i><br>Sat 16th May – Sat 27th Jun<br>The Cross Art Projects, Potts Point<br>Check site<br><br>Artists from diverse clan groups share stories of Milingimbi art.<br><br><a href="https://whatson.cityofsydney.nsw.gov.au/events/luku-dhinthun-always-following-the-path-of-our-ancestors">More info / tickets</a>]]></description>
      <styleUrl>#orange-dot.png</styleUrl>
      <Point>
        <coordinates>151.2245132,-33.8723375,0</coordinates>
      </Point>
    </Placemark>
    <Placemark>
      <name>Wonderverse</name>
      <description><![CDATA[<b>Wonderverse</b><br><i>Family</i><br>Fri 22nd May – Sat 13th Jun<br>Australian National Maritime Museum, Darling Harbour<br>$25<br><br>Wonderverse encourages exploration, play and creativity as children meet mesmerising fireflies, explore a forest of light and contemplate the vastness of the universe. Created by acclaimed Australian childrens’ theatre company Patch Theatre, Wonderverse ’s vibrant worlds are brought to life with engaging guides, intera<br><br><a href="https://www.darlingharbour.com/whats-on/events/wonderverse">More info / tickets</a>]]></description>
      <styleUrl>#green-dot.png</styleUrl>
      <Point>
        <coordinates>151.199079,-33.872404,0</coordinates>
      </Point>
    </Placemark>
    <Placemark>
      <name>Vivid Sydney Percy Supper Club</name>
      <description><![CDATA[<b>Vivid Sydney Percy Supper Club</b><br><i>Food &amp; Drink</i><br>Fri 22nd May – Sat 13th Jun<br>Percy, Darling Harbour<br>from $12<br><br>Spanish tapas and wine experience during Vivid Sydney.<br><br><a href="https://www.darlingharbour.com/eat-drink/percy">More info / tickets</a>]]></description>
      <styleUrl>#red-dot.png</styleUrl>
      <Point>
        <coordinates>151.199,-33.8723,0</coordinates>
      </Point>
    </Placemark>
    <Placemark>
      <name>Vivid Nights Begin</name>
      <description><![CDATA[<b>Vivid Nights Begin</b><br><i>Nightlife</i><br>Fri 22nd May – Sat 13th Jun<br>Vogue Cafe, Darling Harbour<br>Free<br><br>Pre-show cocktails and tapas with harbour views during Vivid Sydney.<br><br><a href="https://www.darlingharbour.com/whats-on/events/vivid-nights-begin-at-vogue">More info / tickets</a>]]></description>
      <styleUrl>#purple-dot.png</styleUrl>
      <Point>
        <coordinates>151.199,-33.8723,0</coordinates>
      </Point>
    </Placemark>
    <Placemark>
      <name>Angela Tiatia: Vaiola</name>
      <description><![CDATA[<b>Angela Tiatia: Vaiola</b><br><i>Arts &amp; Culture</i><br>Fri 22nd May – Sat 13th Jun<br>Museum of Contemporary Art Australia, The Rocks<br>$290<br><br>A large-scale light projection by Sāmoan-Australian artist Angela Tiatia on the MCA facade.<br><br><a href="https://www.therocks.com/whats-on/events/angela-tiatia,-vaiola,-2026">More info / tickets</a>]]></description>
      <styleUrl>#orange-dot.png</styleUrl>
      <Point>
        <coordinates>151.175334,-33.890604,0</coordinates>
      </Point>
    </Placemark>
    <Placemark>
      <name>Vivid Fire Kitchen</name>
      <description><![CDATA[<b>Vivid Fire Kitchen</b><br><i>Food &amp; Drink</i><br>Fri 22nd May – Sat 13th Jun<br>Barangaroo Reserve, Sydney<br>Varies<br><br>Indigenous chefs showcase open-fire dining with local ingredients.<br><br><a href="https://whatson.cityofsydney.nsw.gov.au/events/vivid-fire-kitchen">More info / tickets</a>]]></description>
      <styleUrl>#red-dot.png</styleUrl>
      <Point>
        <coordinates>151.2011648,-33.8584893,0</coordinates>
      </Point>
    </Placemark>
    <Placemark>
      <name>Afterimage: Projection Mapped Mural</name>
      <description><![CDATA[<b>Afterimage: Projection Mapped Mural</b><br><i>Arts &amp; Culture</i><br>Fri 22nd May – Sat 13th Jun<br>Tumbalong Park, Darling Harbour<br>Free<br><br>Street art and projection collide in this 3D-animated graffiti mural, spray painted live at Tumbalong Park in the days leading up to Vivid Sydney. Over four…<br><br><a href="https://www.vividsydney.com/event/light/afterimage-a-projection-mapped-mural">More info / tickets</a>]]></description>
      <styleUrl>#orange-dot.png</styleUrl>
      <Point>
        <coordinates>151.199,-33.8723,0</coordinates>
      </Point>
    </Placemark>
    <Placemark>
      <name>Saltbush &amp; Starlight Dining</name>
      <description><![CDATA[<b>Saltbush &amp; Starlight Dining</b><br><i>Food &amp; Drink</i><br>Fri 22nd May – Sat 13th Jun<br>Sydney Opera House, Sydney<br>Check site<br><br>Dining experience with a tour of the Sydney Opera House.<br><br><a href="https://whatson.cityofsydney.nsw.gov.au/events/saltbush-and-starlight-dining-at-sydney-opera-house">More info / tickets</a>]]></description>
      <styleUrl>#red-dot.png</styleUrl>
      <Point>
        <coordinates>151.2151234,-33.857198,0</coordinates>
      </Point>
    </Placemark>
    <Placemark>
      <name>The Vivid Sydney Climb</name>
      <description><![CDATA[<b>The Vivid Sydney Climb</b><br><i>Festival</i><br>Fri 22nd May – Sat 13th Jun<br>BridgeClimb Sydney, The Rocks<br>Free<br><br>Climb the Sydney Harbour Bridge during Vivid Sydney.<br><br><a href="https://whatson.cityofsydney.nsw.gov.au/events/the-vivid-sydney-climb">More info / tickets</a>]]></description>
      <styleUrl>#orange-dot.png</styleUrl>
      <Point>
        <coordinates>151.2078141,-33.8573564,0</coordinates>
      </Point>
    </Placemark>
    <Placemark>
      <name>Dirty Rotten Scoundrels</name>
      <description><![CDATA[<b>Dirty Rotten Scoundrels</b><br><i>Theatre</i><br>Fri 22nd May – Sun 21st Jun<br>Hayes Theatre Co, Potts Point<br>Check site<br><br>A comedic musical about con artists competing for a wealthy heiress.<br><br><a href="https://whatson.cityofsydney.nsw.gov.au/events/dirty-rotten-scoundrels">More info / tickets</a>]]></description>
      <styleUrl>#blue-dot.png</styleUrl>
      <Point>
        <coordinates>151.227123,-33.8718743,0</coordinates>
      </Point>
    </Placemark>
    <Placemark>
      <name>Vivid Sydney</name>
      <description><![CDATA[<b>Vivid Sydney</b><br><i>Festival</i><br>Fri 22nd May – Sat 13th Jun<br>City-wide, Sydney CBD<br>Free (Light Walk)<br><br>The world's largest festival of light, music and ideas transforms Sydney each winter. Over 23 nights, massive light installations illuminate the Sydney Opera House sails, the Harbour Bridge, CBD buildings, and the Darling Harbour precinct. The main Light Walk along Circular Quay and The Rocks is completely free —...<br><br><a href="https://sydneyholidays.com.au/sydney-events">More info / tickets</a>]]></description>
      <styleUrl>#orange-dot.png</styleUrl>
      <Point>
        <coordinates>151.20557,-33.87871,0</coordinates>
      </Point>
    </Placemark>
    <Placemark>
      <name>Nutella x Four Frogs Creperie</name>
      <description><![CDATA[<b>Nutella x Four Frogs Creperie</b><br><i>Food &amp; Drink</i><br>Fri 22nd May – Sat 13th Jun<br>Circular Quay, Circular Quay<br>Check site<br><br>Takeaway stand serving Nutella crepes.<br><br><a href="https://whatson.cityofsydney.nsw.gov.au/events/nutella-x-four-frogs-creperie-takeaway-stand">More info / tickets</a>]]></description>
      <styleUrl>#red-dot.png</styleUrl>
      <Point>
        <coordinates>151.2099569,-33.8578936,0</coordinates>
      </Point>
    </Placemark>
    <Placemark>
      <name>Vivid at Blu Bar on 36</name>
      <description><![CDATA[<b>Vivid at Blu Bar on 36</b><br><i>Nightlife</i><br>Fri 22nd May – Sat 13th Jun<br>Shangri-La Hotel, Darling Harbour<br>Free<br><br>As Vivid Sydney lights up the city, Blu Bar on 36 offers a front-row seat to the spectacle. From 36 levels above the harbour, enjoy uninterrupted views of the Sydney Opera House and Harbour Bridge as the city comes alive with light.<br><br><a href="https://whatson.cityofsydney.nsw.gov.au/events/vivid-at-blu-bar-on-36-shangri-la-sydney">More info / tickets</a>]]></description>
      <styleUrl>#purple-dot.png</styleUrl>
      <Point>
        <coordinates>151.199079,-33.872404,0</coordinates>
      </Point>
    </Placemark>
    <Placemark>
      <name>Jack Ball 'MYSTERY SOLVED'</name>
      <description><![CDATA[<b>Jack Ball 'MYSTERY SOLVED'</b><br><i>Arts &amp; Culture</i><br>Fri 22nd May – Fri 17th Jul<br>Passage Gallery, Haymarket<br>Check site<br><br>Jack Ball’s latest solo exhibition, MYSTERY SOLVED, is now open at Passage and on view 24/7 until 17 July 2026.<br><br><a href="https://whatson.cityofsydney.nsw.gov.au/events/jack-ball-mystery-solved-at-passage-gallery">More info / tickets</a>]]></description>
      <styleUrl>#orange-dot.png</styleUrl>
      <Point>
        <coordinates>151.216277,-33.868774,0</coordinates>
      </Point>
    </Placemark>
    <Placemark>
      <name>Vivid at The Fullerton Hotel</name>
      <description><![CDATA[<b>Vivid at The Fullerton Hotel</b><br><i>Food &amp; Drink</i><br>Fri 22nd May – Sat 13th Jun<br>1 Martin Pl, Sydney NSW 2000, Australia, Sydney<br>Check site<br><br>Vivid-inspired desserts at The Fullerton Hotel.<br><br><a href="https://whatson.cityofsydney.nsw.gov.au/events/vivid-at-the-fullerton-hotel-sydney">More info / tickets</a>]]></description>
      <styleUrl>#red-dot.png</styleUrl>
      <Point>
        <coordinates>151.2079466,-33.867751,0</coordinates>
      </Point>
    </Placemark>
    <Placemark>
      <name>VIVID Nights at Kid Kyoto</name>
      <description><![CDATA[<b>VIVID Nights at Kid Kyoto</b><br><i>Food &amp; Drink</i><br>Fri 22nd May – Sat 13th Jun<br>Kid Kyoto, Sydney<br>Free<br><br>Enjoy the full Kid Kyoto experience in under 60 minutes pre or post your VIVID experience<br><br><a href="https://whatson.cityofsydney.nsw.gov.au/events/vivid-nights-at-kid-kyoto">More info / tickets</a>]]></description>
      <styleUrl>#red-dot.png</styleUrl>
      <Point>
        <coordinates>151.2284409,-33.8729917,0</coordinates>
      </Point>
    </Placemark>
    <Placemark>
      <name>Vivid Lights &amp; Cabaret Delights On The Showboat Vivid Cruise</name>
      <description><![CDATA[<b>Vivid Lights &amp; Cabaret Delights On The Showboat Vivid Cruise</b><br><i>Festival</i><br>Fri 22nd May – Sat 13th Jun<br>Sydney Harbour, Sydney<br>Check site<br><br>Experience the Vivid Lights Festival on the iconic Sydney Showboat with a 3-course dinner, live cabaret &amp; harbour views.<br><br><a href="https://whatson.cityofsydney.nsw.gov.au/events/vivid-lights-and-cabaret-delights-on-the-showboat-vivid-cruise">More info / tickets</a>]]></description>
      <styleUrl>#orange-dot.png</styleUrl>
      <Point>
        <coordinates>151.2428673,-33.8560452,0</coordinates>
      </Point>
    </Placemark>
    <Placemark>
      <name>Night Picnic at Vivid Sydney</name>
      <description><![CDATA[<b>Night Picnic at Vivid Sydney</b><br><i>Festival</i><br>Fri 22nd May – Sat 13th Jun<br>Hickson Rd, Dawes Point NSW 2000, Australia, Dawes Point<br>Check site<br><br>Step into a world of enchantment under the starry skies of Vivid Sydney with Night Picnic Under the Bridge!<br><br><a href="https://whatson.cityofsydney.nsw.gov.au/events/night-picnic-at-vivid-sydney">More info / tickets</a>]]></description>
      <styleUrl>#orange-dot.png</styleUrl>
      <Point>
        <coordinates>151.2077491,-33.8551416,0</coordinates>
      </Point>
    </Placemark>
    <Placemark>
      <name>The Rocks Markets - Vivid Sydney</name>
      <description><![CDATA[<b>The Rocks Markets - Vivid Sydney</b><br><i>Festival</i><br>Fri 22nd May – Sat 13th Jun<br>Playfair St, The Rocks NSW 2000, Australia, The Rocks<br>Free<br><br>The Rocks Markets will be illuminated for Vivid Sydney, with a night picnic, drinks, music and delicious eats!<br><br><a href="https://whatson.cityofsydney.nsw.gov.au/events/the-rocks-markets-vivid-sydney">More info / tickets</a>]]></description>
      <styleUrl>#orange-dot.png</styleUrl>
      <Point>
        <coordinates>151.2082982,-33.8584694,0</coordinates>
      </Point>
    </Placemark>
    <Placemark>
      <name>Vivid Bloom</name>
      <description><![CDATA[<b>Vivid Bloom</b><br><i>Arts &amp; Culture</i><br>Fri 22nd May – Sat 13th Jun<br>Market City, Haymarket<br>Free<br><br>Light and dining experience during Vivid Sydney.<br><br><a href="https://whatson.cityofsydney.nsw.gov.au/events/vivid-bloom-at-market-city">More info / tickets</a>]]></description>
      <styleUrl>#orange-dot.png</styleUrl>
      <Point>
        <coordinates>151.2034354,-33.879847,0</coordinates>
      </Point>
    </Placemark>
    <Placemark>
      <name>Kirsteen Pieterse: Shoring</name>
      <description><![CDATA[<b>Kirsteen Pieterse: Shoring</b><br><i>Arts &amp; Culture</i><br>Sat 23rd May – Sat 20th Jun<br>983 Bourke St, Waterloo NSW 2017, Australia, Waterloo<br>Check site<br><br>Fantastical landscapes and floating forms in this exhibition of new works from Kirsteen Pieterse.<br><br><a href="https://whatson.cityofsydney.nsw.gov.au/events/kirsteen-pieterse-shoring">More info / tickets</a>]]></description>
      <styleUrl>#orange-dot.png</styleUrl>
      <Point>
        <coordinates>151.2070325,-33.9032494,0</coordinates>
      </Point>
    </Placemark>
    <Placemark>
      <name>Astronomy Night</name>
      <description><![CDATA[<b>Astronomy Night</b><br><i>Cultural</i><br>Mon 25th May – Tue 23rd Jun<br>The Royal Botanic Garden, Sydney<br>Check site<br><br>Explore the night sky with guided astronomy sessions.<br><br><a href="https://whatson.cityofsydney.nsw.gov.au/events/astronomy-at-the-calyx">More info / tickets</a>]]></description>
      <styleUrl>#orange-dot.png</styleUrl>
      <Point>
        <coordinates>151.215711,-33.8627694,0</coordinates>
      </Point>
    </Placemark>
    <Placemark>
      <name>Sunflowers &amp; Swirls</name>
      <description><![CDATA[<b>Sunflowers &amp; Swirls</b><br><i>Arts &amp; Culture</i><br>Mon 25th May – Sun 21st Jun<br>The Grounds of Alexandria, Alexandria<br>Check site<br><br>A floral art installation at The Grounds of Alexandria.<br><br><a href="https://whatson.cityofsydney.nsw.gov.au/events/sunflowers-and-swirls">More info / tickets</a>]]></description>
      <styleUrl>#orange-dot.png</styleUrl>
      <Point>
        <coordinates>151.1942813,-33.9106312,0</coordinates>
      </Point>
    </Placemark>
    <Placemark>
      <name>Tootsie</name>
      <description><![CDATA[<b>Tootsie</b><br><i>Theatre</i><br>Tue 26th May – Sun 21st Jun<br>shop 30a/23 Norton St, Leichhardt NSW 2040, Australia, Leichhardt<br>Tickets start at $75<br><br>The Australian premiere of the musical Tootsie.<br><br><a href="https://whatson.cityofsydney.nsw.gov.au/events/tootsie">More info / tickets</a>]]></description>
      <styleUrl>#blue-dot.png</styleUrl>
      <Point>
        <coordinates>151.1583776,-33.8872108,0</coordinates>
      </Point>
    </Placemark>
    <Placemark>
      <name>Paintings by Margaret Craw</name>
      <description><![CDATA[<b>Paintings by Margaret Craw</b><br><i>Arts &amp; Culture</i><br>Tue 26th May – Sun 21st Jun<br>Harrington Street Gallery, Chippendale<br>Check site<br><br>A selection of paintings from the 1980s to the present.<br><br><a href="https://whatson.cityofsydney.nsw.gov.au/events/paintings-by-marita-brahe-and-ross-coady">More info / tickets</a>]]></description>
      <styleUrl>#orange-dot.png</styleUrl>
      <Point>
        <coordinates>151.1999879,-33.887599,0</coordinates>
      </Point>
    </Placemark>
    <Placemark>
      <name>After Dark Dinners at Canvas</name>
      <description><![CDATA[<b>After Dark Dinners at Canvas</b><br><i>Food &amp; Drink</i><br>Thu 28th May – Thu 11th Jun<br>Museum of Contemporary Art Australia, The Rocks<br>$290<br><br>Dinner with after-hours museum access during Vivid Sydney.<br><br><a href="https://www.therocks.com/whats-on/events/after-dark-dinners-at-canvas">More info / tickets</a>]]></description>
      <styleUrl>#red-dot.png</styleUrl>
      <Point>
        <coordinates>151.175334,-33.890604,0</coordinates>
      </Point>
    </Placemark>
    <Placemark>
      <name>To Kill A Mockingbird</name>
      <description><![CDATA[<b>To Kill A Mockingbird</b><br><i>Theatre</i><br>Fri 29th May – Sat 4th Jul<br>GENESIAN THEATRE, THEATRE, DANCE &amp; FILM<br>Check site<br><br>Harper Lee’s classic comes alive on stage in a story of prejudice, compassion and the fight for justice.<br><br><a href="https://whatson.cityofsydney.nsw.gov.au/events/to-kill-a-mockingbird">More info / tickets</a>]]></description>
      <styleUrl>#blue-dot.png</styleUrl>
      <Point>
        <coordinates>151.2052145,-33.8721226,0</coordinates>
      </Point>
    </Placemark>
    <Placemark>
      <name>Operation Art 2026</name>
      <description><![CDATA[<b>Operation Art 2026</b><br><i>Arts &amp; Culture</i><br>Sat 30th May – Sun 28th Jun<br>The Concourse, Chatswood<br>Check site<br><br>An exhibition by students, helping to create a healing environment in hospitals through the power of art.<br><br><a href="https://whatson.cityofsydney.nsw.gov.au/events/operation-art">More info / tickets</a>]]></description>
      <styleUrl>#orange-dot.png</styleUrl>
      <Point>
        <coordinates>151.1837342,-33.7956816,0</coordinates>
      </Point>
    </Placemark>
    <Placemark>
      <name>Sydney Gay and Lesbian Mardi Gras 2026 Pride Month</name>
      <description><![CDATA[<b>Sydney Gay and Lesbian Mardi Gras 2026 Pride Month</b><br><i>Cultural</i><br>Mon 1st Jun – Tue 30th Jun<br>Après Gras at The Beresford Mardi Gras Trivia Night at Paddo...<br>Free<br><br>Pride Month celebration with parties and trivia nights.<br><br><a href="https://www.experiencesydneyaustralia.com/whats-on/events/">More info / tickets</a>]]></description>
      <styleUrl>#orange-dot.png</styleUrl>
      <Point>
        <coordinates>151.178071,-33.876698,0</coordinates>
      </Point>
    </Placemark>
    <Placemark>
      <name>Sketch Writing Course for Beginners</name>
      <description><![CDATA[<b>Sketch Writing Course for Beginners</b><br><i>Comedy</i><br>Mon 1st Jun – Mon 27th Jul<br>44-54 Botany Rd, Alexandria NSW 2015, Australia, Alexandria<br>Check site<br><br>Get creative with developing and critiquing sketches, pulling them apart and writing your own!<br><br><a href="https://whatson.cityofsydney.nsw.gov.au/events/sketch-writing-course-for-beginners">More info / tickets</a>]]></description>
      <styleUrl>#blue-dot.png</styleUrl>
      <Point>
        <coordinates>151.198769,-33.896386,0</coordinates>
      </Point>
    </Placemark>
    <Placemark>
      <name>Qtopia Pride Fest</name>
      <description><![CDATA[<b>Qtopia Pride Fest</b><br><i>Cultural</i><br>Tue 2nd Jun – Tue 30th Jun<br>Various venues, Darlinghurst<br>Paid<br><br>Queer arts and culture festival celebrating Pride Month with 300+ events.<br><br><a href="https://www.timeout.com/sydney/things-to-do/june-events-in-sydney">More info / tickets</a>]]></description>
      <styleUrl>#orange-dot.png</styleUrl>
      <Point>
        <coordinates>151.219439,-33.878132,0</coordinates>
      </Point>
    </Placemark>
    <Placemark>
      <name>Jakey Pedro: The second last dance</name>
      <description><![CDATA[<b>Jakey Pedro: The second last dance</b><br><i>Arts &amp; Culture</i><br>Tue 2nd Jun – Mon 15th Jun<br>Art2Muse Gallery, Woollahra<br>Check site<br><br>Jakey Pedro Exhibition The second last dance at Art2Muse Gallery 2 – 15 June 2026<br><br><a href="https://whatson.cityofsydney.nsw.gov.au/events/jakey-pedro-the-second-last-dance">More info / tickets</a>]]></description>
      <styleUrl>#orange-dot.png</styleUrl>
      <Point>
        <coordinates>151.2373838,-33.8849019,0</coordinates>
      </Point>
    </Placemark>
    <Placemark>
      <name>Sydney Film Festival</name>
      <description><![CDATA[<b>Sydney Film Festival</b><br><i>Arts &amp; Culture</i><br>Wed 3rd Jun – Sun 14th Jun<br>State Theatre, Sydney City<br>from $20<br><br>Sydney Film Festival brings over 100 local and international filmmakers to Sydney for 12 days of premieres, Q&amp;As, talks, and masterclasses.<br><br><a href="https://www.sydney.com/destinations/sydney/sydney-city/city-centre/events/sydney-film-festival">More info / tickets</a>]]></description>
      <styleUrl>#orange-dot.png</styleUrl>
      <Point>
        <coordinates>151.2075264,-33.8709129,0</coordinates>
      </Point>
    </Placemark>
    <Placemark>
      <name>Ilyarnayt</name>
      <description><![CDATA[<b>Ilyarnayt</b><br><i>Arts &amp; Culture</i><br>Wed 3rd Jun – Sat 27th Jun<br>104 Cathedral St, Woolloomooloo NSW 2011, Australia, Woolloomooloo<br>Free<br><br>Art exhibition presented in collaboration with Utopia Art Centre.<br><br><a href="https://whatson.cityofsydney.nsw.gov.au/events/ilyarnayt">More info / tickets</a>]]></description>
      <styleUrl>#orange-dot.png</styleUrl>
      <Point>
        <coordinates>151.2164011,-33.8720357,0</coordinates>
      </Point>
    </Placemark>
    <Placemark>
      <name>SFFTV: Free Screenings at Martin Place</name>
      <description><![CDATA[<b>SFFTV: Free Screenings at Martin Place</b><br><i>Arts &amp; Culture</i><br>Wed 3rd Jun – Sun 14th Jun<br>Martin Place, Sydney<br>Free<br><br>Outdoor film screenings in Martin Place.<br><br><a href="https://whatson.cityofsydney.nsw.gov.au/events/sfftv-free-screenings-at-martin-place">More info / tickets</a>]]></description>
      <styleUrl>#orange-dot.png</styleUrl>
      <Point>
        <coordinates>151.2077746,-33.8675323,0</coordinates>
      </Point>
    </Placemark>
    <Placemark>
      <name>Sydney Film Festival: Official Competition</name>
      <description><![CDATA[<b>Sydney Film Festival: Official Competition</b><br><i>Arts &amp; Culture</i><br>Wed 3rd Jun – Sun 14th Jun<br>State Theatre, Sydney<br>Check site<br><br>You’ll see audacious, cutting-edge, and courageous films in the 2026 Official Competition.<br><br><a href="https://whatson.cityofsydney.nsw.gov.au/events/sydney-film-festival-official-competition-2026">More info / tickets</a>]]></description>
      <styleUrl>#orange-dot.png</styleUrl>
      <Point>
        <coordinates>151.2075264,-33.8709129,0</coordinates>
      </Point>
    </Placemark>
    <Placemark>
      <name>Sydney Film Festival: Special Presentations</name>
      <description><![CDATA[<b>Sydney Film Festival: Special Presentations</b><br><i>Arts &amp; Culture</i><br>Wed 3rd Jun – Sun 14th Jun<br>State Theatre, Sydney<br>Check site<br><br>You’ll see the hottest new films at the spectacular State Theatre – the beating heart of Sydney Film Festival.<br><br><a href="https://whatson.cityofsydney.nsw.gov.au/events/sydney-film-festival-special-presentations-2026">More info / tickets</a>]]></description>
      <styleUrl>#orange-dot.png</styleUrl>
      <Point>
        <coordinates>151.2075264,-33.8709129,0</coordinates>
      </Point>
    </Placemark>
    <Placemark>
      <name>Prima Facie</name>
      <description><![CDATA[<b>Prima Facie</b><br><i>Theatre</i><br>Wed 3rd Jun<br>Roslyn Packer Theatre, 22 Hickson Road, Walsh Bay, Walsh Bay<br>From $84<br><br>Australian playwright Suzie Miller’s acclaimed one-woman play returns to Sydney in its original Australian production, with Sheridan Harbridge reprising her role and Lee Lewis directing.<br><br><a href="https://sydneyexpert.com/sydney-in-june/">More info / tickets</a>]]></description>
      <styleUrl>#blue-dot.png</styleUrl>
      <Point>
        <coordinates>151.204558,-33.8573453,0</coordinates>
      </Point>
    </Placemark>
    <Placemark>
      <name>Bangarra Dance Theatre: Sheltering</name>
      <description><![CDATA[<b>Bangarra Dance Theatre: Sheltering</b><br><i>Theatre</i><br>Wed 3rd Jun – Sat 13th Jun<br>Joan Sutherland Theatre, Sydney Opera House, Sydney Opera House<br>From $79<br><br>Australia’s leading Indigenous performing arts company presents a triple bill of works exploring First Nations perspectives on country, identity, and intergenerational connection.<br><br><a href="https://sydneyexpert.com/sydney-in-june/">More info / tickets</a>]]></description>
      <styleUrl>#blue-dot.png</styleUrl>
      <Point>
        <coordinates>151.215534,-33.856671,0</coordinates>
      </Point>
    </Placemark>
    <Placemark>
      <name>Fashion on Film</name>
      <description><![CDATA[<b>Fashion on Film</b><br><i>Arts &amp; Culture</i><br>Wed 3rd Jun – Sun 14th Jun<br>Art Gallery of NSW, Sydney<br>Check site<br><br>Fashion on Film’ showcases premieres and classics that explore fashion and cinema.<br><br><a href="https://whatson.cityofsydney.nsw.gov.au/events/sartorial-fashion-on-film">More info / tickets</a>]]></description>
      <styleUrl>#orange-dot.png</styleUrl>
      <Point>
        <coordinates>151.218028,-33.868457,0</coordinates>
      </Point>
    </Placemark>
    <Placemark>
      <name>Maria Pia Mosquera – Juju</name>
      <description><![CDATA[<b>Maria Pia Mosquera – Juju</b><br><i>Arts &amp; Culture</i><br>Wed 3rd Jun – Sun 28th Jun<br>Rogue Pop-Up Gallery, Redfern<br>Check site<br><br>Juju, the new solo art show from Colombian artist Maria Pia Mosquera at Rogue Pop-Up Gallery, Redfern.<br><br><a href="https://whatson.cityofsydney.nsw.gov.au/events/maria-pia-mosquera-juju">More info / tickets</a>]]></description>
      <styleUrl>#orange-dot.png</styleUrl>
      <Point>
        <coordinates>151.208818,-33.893355,0</coordinates>
      </Point>
    </Placemark>
    <Placemark>
      <name>Under the Same Constellation: A Group Exhibition</name>
      <description><![CDATA[<b>Under the Same Constellation: A Group Exhibition</b><br><i>Arts &amp; Culture</i><br>Thu 4th Jun – Sat 27th Jun<br>N.Smith Gallery, Surry Hills<br>Free<br><br>Group show celebrating five years of N.Smith Gallery with works by represented artists.<br><br><a href="https://whatson.cityofsydney.nsw.gov.au/events/under-the-same-constellation-a-group-exhibition">More info / tickets</a>]]></description>
      <styleUrl>#orange-dot.png</styleUrl>
      <Point>
        <coordinates>151.212781,-33.885877,0</coordinates>
      </Point>
    </Placemark>
    <Placemark>
      <name>200th Anniversary Exhibitions</name>
      <description><![CDATA[<b>200th Anniversary Exhibitions</b><br><i>Arts &amp; Culture</i><br>Thu 4th Jun – Thu 2nd Jul<br>State Library of NSW, Sydney<br>Check site<br><br>A guided tour of the State Library of NSW's 200th anniversary exhibits.<br><br><a href="https://whatson.cityofsydney.nsw.gov.au/events/discover-the-200th-anniversary-exhibitions">More info / tickets</a>]]></description>
      <styleUrl>#orange-dot.png</styleUrl>
      <Point>
        <coordinates>151.2036882,-33.8848313,0</coordinates>
      </Point>
    </Placemark>
    <Placemark>
      <name>Sydney Film Festival Hub Events</name>
      <description><![CDATA[<b>Sydney Film Festival Hub Events</b><br><i>Arts &amp; Culture</i><br>Thu 4th Jun – Sun 14th Jun<br>Lower Town Hall - Sydney Town Hall, Sydney<br>Free<br><br>Film festival events and talks at Lower Town Hall.<br><br><a href="https://whatson.cityofsydney.nsw.gov.au/events/events-and-talks-at-the-sydney-film-festival-hub">More info / tickets</a>]]></description>
      <styleUrl>#orange-dot.png</styleUrl>
      <Point>
        <coordinates>151.2061792,-33.8731968,0</coordinates>
      </Point>
    </Placemark>
    <Placemark>
      <name>Tour: Archibald, Wynne and Sulman Prizes 2026</name>
      <description><![CDATA[<b>Tour: Archibald, Wynne and Sulman Prizes 2026</b><br><i>Arts &amp; Culture</i><br>Thu 4th Jun – Sun 2nd Aug<br>Art Gallery of NSW, Sydney<br>Check site<br><br>Exclusive tour of the Archibald, Wynne and Sulman Prizes 2026.<br><br><a href="https://whatson.cityofsydney.nsw.gov.au/events/tour-archibald-wynne-and-sulman-prizes-2026">More info / tickets</a>]]></description>
      <styleUrl>#orange-dot.png</styleUrl>
      <Point>
        <coordinates>151.218028,-33.868457,0</coordinates>
      </Point>
    </Placemark>
    <Placemark>
      <name>NIDA Winter Production Season</name>
      <description><![CDATA[<b>NIDA Winter Production Season</b><br><i>Theatre</i><br>Thu 4th Jun – Sat 13th Jun<br>Kensington, THEATRE, DANCE &amp; FILM<br>Check site<br><br>A series of student theatre productions in June.<br><br><a href="https://whatson.cityofsydney.nsw.gov.au/events/nida-spring-production-season">More info / tickets</a>]]></description>
      <styleUrl>#blue-dot.png</styleUrl>
      <Point>
        <coordinates>151.2285354,-33.8944802,0</coordinates>
      </Point>
    </Placemark>
    <Placemark>
      <name>Adventure Clues: Unlock The Rocks</name>
      <description><![CDATA[<b>Adventure Clues: Unlock The Rocks</b><br><i>Cultural</i><br>Fri 5th Jun – Fri 31st Jul<br>Customs House Square, The Rocks<br>Free<br><br>Explore The Rocks with cryptic clues in a fun, interactive way.<br><br><a href="https://whatson.cityofsydney.nsw.gov.au/events/unlock-the-rocks-cryptic-adventure">More info / tickets</a>]]></description>
      <styleUrl>#orange-dot.png</styleUrl>
      <Point>
        <coordinates>151.1636635,-33.9337195,0</coordinates>
      </Point>
    </Placemark>
    <Placemark>
      <name>Shooting Hedda Gabler</name>
      <description><![CDATA[<b>Shooting Hedda Gabler</b><br><i>Theatre</i><br>Fri 5th Jun – Sat 27th Jun<br>Seymour Centre, Chippendale NSW 2008<br>Check site<br><br>Shooting Hedda Gabler by Nina Segal—a darkly unsettling, wickedly funny examination of ambition, manipulation and coercive...<br><br><a href="https://www.experiencesydneyaustralia.com/whats-on/events/">More info / tickets</a>]]></description>
      <styleUrl>#blue-dot.png</styleUrl>
      <Point>
        <coordinates>151.1935486,-33.8885683,0</coordinates>
      </Point>
    </Placemark>
    <Placemark>
      <name>The Mad Botanist: Family Adventure</name>
      <description><![CDATA[<b>The Mad Botanist: Family Adventure</b><br><i>Family</i><br>Fri 5th Jun – Fri 31st Jul<br>The Royal Botanic Garden, Sydney<br>Free<br><br>Self-guided scavenger hunt for families in the botanical gardens.<br><br><a href="https://whatson.cityofsydney.nsw.gov.au/events/adventure-clues-edit">More info / tickets</a>]]></description>
      <styleUrl>#green-dot.png</styleUrl>
      <Point>
        <coordinates>151.215711,-33.8627694,0</coordinates>
      </Point>
    </Placemark>
    <Placemark>
      <name>ITS ALIIIVE! A Horror-Themed Comedy Show</name>
      <description><![CDATA[<b>ITS ALIIIVE! A Horror-Themed Comedy Show</b><br><i>Comedy</i><br>Fri 5th Jun – Fri 7th Aug<br>44-54 Botany Rd, Alexandria NSW 2015, Australia, Alexandria<br>Check site<br><br>Free entry for First Nations peoples; DM @mazemanor on Instagram for access. Ticketholders will also gain &quot;after-hours access to the 25th Biennale of Sydney art exhibition&quot;.<br><br><a href="https://whatson.cityofsydney.nsw.gov.au/events/its-aliiive-a-scary-unscripted-comedy-show">More info / tickets</a>]]></description>
      <styleUrl>#blue-dot.png</styleUrl>
      <Point>
        <coordinates>151.198769,-33.896386,0</coordinates>
      </Point>
    </Placemark>
    <Placemark>
      <name>Skate! Workshop &amp; Jam</name>
      <description><![CDATA[<b>Skate! Workshop &amp; Jam</b><br><i>Sport &amp; Fitness</i><br>Sat 6th Jun – Sat 15th Aug<br>Carriageworks, Eveleigh<br>Free<br><br>Free skateboarding workshop, skate JAM sessions, and demonstrations, all guided by a team of pro skaters<br><br><a href="https://whatson.cityofsydney.nsw.gov.au/events/skate">More info / tickets</a>]]></description>
      <styleUrl>#ltblue-dot.png</styleUrl>
      <Point>
        <coordinates>151.1916021,-33.8941553,0</coordinates>
      </Point>
    </Placemark>
    <Placemark>
      <name>Children’s International Film Festival</name>
      <description><![CDATA[<b>Children’s International Film Festival</b><br><i>Family</i><br>Sat 6th Jun – Fri 10th Jul<br>The Ritz Cinema, Randwick<br>Free<br><br>Festival showcasing 30 new kids' films from around the world.<br><br><a href="https://whatson.cityofsydney.nsw.gov.au/events/childrens-international-film-festival">More info / tickets</a>]]></description>
      <styleUrl>#green-dot.png</styleUrl>
      <Point>
        <coordinates>151.2346568,-33.9062434,0</coordinates>
      </Point>
    </Placemark>
    <Placemark>
      <name>Decentralised Gesture</name>
      <description><![CDATA[<b>Decentralised Gesture</b><br><i>Arts &amp; Culture</i><br>Sat 6th Jun – Sat 4th Jul<br>Shop 2/1 Francis St, Darlinghurst, Darlinghurst<br>Free<br><br>Solo exhibition by Chinese artist Wang Yigang.<br><br><a href="https://whatson.cityofsydney.nsw.gov.au/events/decentralised-gesture">More info / tickets</a>]]></description>
      <styleUrl>#orange-dot.png</styleUrl>
      <Point>
        <coordinates>151.1829198,-33.8086767,0</coordinates>
      </Point>
    </Placemark>
    <Placemark>
      <name>HAIR: The Tribal Love-Rock Musical</name>
      <description><![CDATA[<b>HAIR: The Tribal Love-Rock Musical</b><br><i>Theatre</i><br>Sat 6th Jun – Sat 11th Jul<br>Theatre Royal Sydney, Sydney<br>Free<br><br>HAIR celebrates the sixties counterculture in all its barefoot, long-haired, bell-bottomed, beaded and fringed glory.<br><br><a href="https://whatson.cityofsydney.nsw.gov.au/events/hair-the-tribal-love-rock-musical">More info / tickets</a>]]></description>
      <styleUrl>#blue-dot.png</styleUrl>
      <Point>
        <coordinates>151.208867,-33.86872,0</coordinates>
      </Point>
    </Placemark>
    <Placemark>
      <name>Flipping The Script - An Unscripted Comedy Show</name>
      <description><![CDATA[<b>Flipping The Script - An Unscripted Comedy Show</b><br><i>Comedy</i><br>Sat 6th Jun – Sat 8th Aug<br>44-54 Botany Rd, Alexandria NSW 2015, Australia, Alexandria<br>Check site<br><br>Actors perform a rehearsed theatre scene with an unrehearsed improviser making up their dialogue!<br><br><a href="https://whatson.cityofsydney.nsw.gov.au/events/scripted-actors-with-unscripted-improvisers-a-comedy-show">More info / tickets</a>]]></description>
      <styleUrl>#blue-dot.png</styleUrl>
      <Point>
        <coordinates>151.198769,-33.896386,0</coordinates>
      </Point>
    </Placemark>
    <Placemark>
      <name>Sydney Swans home games</name>
      <description><![CDATA[<b>Sydney Swans home games</b><br><i>Sport &amp; Fitness</i><br>Sun 7th Jun – Mon 29th Jun<br>SCG, Driver Ave, Moore Park, Moore Park<br>From $29 via Ticketmaster<br><br>AFL matches featuring the Sydney Swans at the SCG.<br><br><a href="https://www.sydneytravelguide.com.au/things-to-do-in-sydney-june/">More info / tickets</a>]]></description>
      <styleUrl>#ltblue-dot.png</styleUrl>
      <Point>
        <coordinates>151.2234154,-33.8905434,0</coordinates>
      </Point>
    </Placemark>
    <Placemark>
      <name>Sky Symphony: Fireworks, Lasers, Music</name>
      <description><![CDATA[<b>Sky Symphony: Fireworks, Lasers, Music</b><br><i>Arts &amp; Culture</i><br>Mon 8th Jun – Thu 11th Jun<br>Darling Harbour, Darling Harbour<br>Free<br><br>Vivid Sydney light show with fireworks and lasers.<br><br><a href="https://www.vividsydney.com/event/light/sky-symphony-fireworks-lasers-music">More info / tickets</a>]]></description>
      <styleUrl>#orange-dot.png</styleUrl>
      <Point>
        <coordinates>151.199,-33.8723,0</coordinates>
      </Point>
    </Placemark>
    <Placemark>
      <name>Rugby League</name>
      <description><![CDATA[<b>Rugby League</b><br><i>Sport &amp; Fitness</i><br>Mon 8th Jun – Sat 20th Jun<br>Accor Stadium, Leichhardt Oval, Allianz Stadium, Sydney<br>Check site<br><br>NRL matches featuring local and interstate teams.<br><br><a href="https://www.sydneytravelguide.com.au/things-to-do-in-sydney-june/">More info / tickets</a>]]></description>
      <styleUrl>#ltblue-dot.png</styleUrl>
      <Point>
        <coordinates>151.183383,-33.873558,0</coordinates>
      </Point>
    </Placemark>
    <Placemark>
      <name>Hold Me Hold Me Hold Me</name>
      <description><![CDATA[<b>Hold Me Hold Me Hold Me</b><br><i>Theatre</i><br>Tue 9th Jun – Sat 13th Jun<br>Qtopia Sydney, Darlinghurst<br>Free<br><br>Theatre performance about soulmates across time.<br><br><a href="https://whatson.cityofsydney.nsw.gov.au/events/hold-me-hold-me-hold-me">More info / tickets</a>]]></description>
      <styleUrl>#blue-dot.png</styleUrl>
      <Point>
        <coordinates>151.2172056,-33.8797412,0</coordinates>
      </Point>
    </Placemark>
    <Placemark>
      <name>Pet Palace - Little Orange Studio x AGNSW</name>
      <description><![CDATA[<b>Pet Palace - Little Orange Studio x AGNSW</b><br><i>Arts &amp; Culture</i><br>Wed 10th Jun – Sun 23rd Aug<br>Art Gallery of NSW, Sydney<br>Check site<br><br>An art exhibition blending visual arts and studio creations.<br><br><a href="https://www.campbelltown.nsw.gov.au/Whats-On">More info / tickets</a>]]></description>
      <styleUrl>#orange-dot.png</styleUrl>
      <Point>
        <coordinates>151.218028,-33.868457,0</coordinates>
      </Point>
    </Placemark>
    <Placemark>
      <name>Titanic: A Voyage Through Time</name>
      <description><![CDATA[<b>Titanic: A Voyage Through Time</b><br><i>Cultural</i><br>Wed 10th Jun – Sun 14th Jun<br>Albert Palais Events, Sydney<br>From $43.50<br><br>Immersive Titanic-themed experience.<br><br><a href="https://feverup.com/en/sydney">More info / tickets</a>]]></description>
      <styleUrl>#orange-dot.png</styleUrl>
      <Point>
        <coordinates>151.1612712,-33.8876314,0</coordinates>
      </Point>
    </Placemark>
    <Placemark>
      <name>Cannibal: A Dinner Party to Die For</name>
      <description><![CDATA[<b>Cannibal: A Dinner Party to Die For</b><br><i>Theatre</i><br>Wed 10th Jun – Sun 14th Jun<br>ESCAPE THIS - Sydney CBD, Sydney<br>From $49<br><br>An immersive dining experience with a dark twist.<br><br><a href="https://feverup.com/en/sydney">More info / tickets</a>]]></description>
      <styleUrl>#blue-dot.png</styleUrl>
      <Point>
        <coordinates>151.2114787,-33.8637087,0</coordinates>
      </Point>
    </Placemark>
    <Placemark>
      <name>Sydney Murder Mystery 2</name>
      <description><![CDATA[<b>Sydney Murder Mystery 2</b><br><i>Theatre</i><br>Wed 10th Jun – Sun 14th Jun<br>The Rocks Market, Sydney<br>$22<br><br>Interactive mystery-solving game for couples.<br><br><a href="https://feverup.com/en/sydney">More info / tickets</a>]]></description>
      <styleUrl>#blue-dot.png</styleUrl>
      <Point>
        <coordinates>151.2086071,-33.8578774,0</coordinates>
      </Point>
    </Placemark>
    <Placemark>
      <name>Manly Outdoor Exploration Game</name>
      <description><![CDATA[<b>Manly Outdoor Exploration Game</b><br><i>Cultural</i><br>Wed 10th Jun – Sun 14th Jun<br>Manly, NSW, Manly<br>$11.99<br><br>Self-guided adventure game exploring Manly's sights.<br><br><a href="https://feverup.com/en/sydney">More info / tickets</a>]]></description>
      <styleUrl>#orange-dot.png</styleUrl>
      <Point>
        <coordinates>151.2849153,-33.8000957,0</coordinates>
      </Point>
    </Placemark>
    <Placemark>
      <name>Ghost of the QVB Outdoor Exploration Game</name>
      <description><![CDATA[<b>Ghost of the QVB Outdoor Exploration Game</b><br><i>Cultural</i><br>Wed 10th Jun – Sun 14th Jun<br>Cenotaph, Sydney<br>$14.99<br><br>Spooky scavenger hunt around Sydney's historic sites.<br><br><a href="https://feverup.com/en/sydney">More info / tickets</a>]]></description>
      <styleUrl>#orange-dot.png</styleUrl>
      <Point>
        <coordinates>151.0977824,-33.7036589,0</coordinates>
      </Point>
    </Placemark>
    <Placemark>
      <name>Old Vine Expressions Wine Tasting</name>
      <description><![CDATA[<b>Old Vine Expressions Wine Tasting</b><br><i>Food &amp; Drink</i><br>Wed 10th Jun – Sun 14th Jun<br>2 Nurses Walk, Sydney<br>$70<br><br>Wine tasting experience featuring old vine varieties.<br><br><a href="https://feverup.com/en/sydney">More info / tickets</a>]]></description>
      <styleUrl>#red-dot.png</styleUrl>
      <Point>
        <coordinates>151.2082429,-33.8600522,0</coordinates>
      </Point>
    </Placemark>
    <Placemark>
      <name>Broken Bay Pearl &amp; Oyster Farm Tours</name>
      <description><![CDATA[<b>Broken Bay Pearl &amp; Oyster Farm Tours</b><br><i>Cultural</i><br>Wed 10th Jun – Sun 14th Jun<br>12 Kowan Rd, Sydney<br>$36<br><br>Guided tours of a pearl and oyster farm in Broken Bay.<br><br><a href="https://feverup.com/en/sydney">More info / tickets</a>]]></description>
      <styleUrl>#orange-dot.png</styleUrl>
      <Point>
        <coordinates>150.940108,-33.758283,0</coordinates>
      </Point>
    </Placemark>
    <Placemark>
      <name>Blue Mountains Nature &amp; Koalas Tour</name>
      <description><![CDATA[<b>Blue Mountains Nature &amp; Koalas Tour</b><br><i>Nature</i><br>Wed 10th Jun – Sun 14th Jun<br>35 Harrington St, Sydney<br>$297<br><br>Small group tour of the Blue Mountains with waterfalls and koalas.<br><br><a href="https://feverup.com/en/sydney">More info / tickets</a>]]></description>
      <styleUrl>#yellow-dot.png</styleUrl>
      <Point>
        <coordinates>151.1657276,-33.8985304,0</coordinates>
      </Point>
    </Placemark>
    <Placemark>
      <name>Sydney Secrets Cryptic Clues Tour</name>
      <description><![CDATA[<b>Sydney Secrets Cryptic Clues Tour</b><br><i>Arts &amp; Culture</i><br>Wed 10th Jun – Sun 14th Jun<br>Customs House, Sydney<br>$25<br><br>Explore Sydney through a series of cryptic clues.<br><br><a href="https://feverup.com/en/sydney">More info / tickets</a>]]></description>
      <styleUrl>#orange-dot.png</styleUrl>
      <Point>
        <coordinates>151.2108499,-33.8622498,0</coordinates>
      </Point>
    </Placemark>
    <Placemark>
      <name>Sea Cliff Bridge, Blowhole, Beaches &amp; Farmlands</name>
      <description><![CDATA[<b>Sea Cliff Bridge, Blowhole, Beaches &amp; Farmlands</b><br><i>Cultural</i><br>Wed 10th Jun – Sun 14th Jun<br>35 Harrington St, Sydney<br>$282<br><br>Explore coastal landmarks and scenic farmlands on this day trip.<br><br><a href="https://feverup.com/en/sydney">More info / tickets</a>]]></description>
      <styleUrl>#orange-dot.png</styleUrl>
      <Point>
        <coordinates>151.1657276,-33.8985304,0</coordinates>
      </Point>
    </Placemark>
    <Placemark>
      <name>Skydive Newcastle</name>
      <description><![CDATA[<b>Skydive Newcastle</b><br><i>Sport &amp; Fitness</i><br>Wed 10th Jun – Sun 14th Jun<br>North Wollongong Beach, Sydney<br>$349<br><br>Experience a thrilling skydive over Newcastle.<br><br><a href="https://feverup.com/en/sydney">More info / tickets</a>]]></description>
      <styleUrl>#ltblue-dot.png</styleUrl>
      <Point>
        <coordinates>151.209421,-33.868633,0</coordinates>
      </Point>
    </Placemark>
    <Placemark>
      <name>Kayak Seal Encounter with Gourmet Food</name>
      <description><![CDATA[<b>Kayak Seal Encounter with Gourmet Food</b><br><i>Cultural</i><br>Wed 10th Jun – Sun 14th Jun<br>C87G+P4 Palm Beach, Sydney<br>$210<br><br>Paddle to see seals and enjoy a gourmet meal.<br><br><a href="https://feverup.com/en/sydney">More info / tickets</a>]]></description>
      <styleUrl>#orange-dot.png</styleUrl>
      <Point>
        <coordinates>151.32512,-33.586919,0</coordinates>
      </Point>
    </Placemark>
    <Placemark>
      <name>Learn to Surf at Maroubra Beach</name>
      <description><![CDATA[<b>Learn to Surf at Maroubra Beach</b><br><i>Sport &amp; Fitness</i><br>Wed 10th Jun – Sun 14th Jun<br>Maroubra beach, Sydney<br>$80<br><br>Take a surfing lesson at Maroubra Beach.<br><br><a href="https://feverup.com/en/sydney">More info / tickets</a>]]></description>
      <styleUrl>#ltblue-dot.png</styleUrl>
      <Point>
        <coordinates>151.2567007,-33.9496372,0</coordinates>
      </Point>
    </Placemark>
    <Placemark>
      <name>New Works from an Old Land</name>
      <description><![CDATA[<b>New Works from an Old Land</b><br><i>Arts &amp; Culture</i><br>Wed 10th Jun – Sat 20th Jun<br>LEVEL ONE, Sydney<br>Check site<br><br>Exhibition showcasing Selma Coulthard's art.<br><br><a href="https://nandahobbs.com/exhibitions">More info / tickets</a>]]></description>
      <styleUrl>#orange-dot.png</styleUrl>
      <Point>
        <coordinates>151.2006143,-33.8833331,0</coordinates>
      </Point>
    </Placemark>
    <Placemark>
      <name>Disney's The Lion King</name>
      <description><![CDATA[<b>Disney's The Lion King</b><br><i>Theatre</i><br>Wed 10th Jun – Sun 5th Jul<br>Sydney City, Haymarket<br>from $60<br><br>Disney's The Lion King is is now playing at the Capitol Theatre! Prepare for a spectacle far beyond your imagination as you follow the powerful story of Simba…<br><br><a href="https://www.sydney.com/destinations/sydney/sydney-city/chinatown-and-haymarket/events/disneys-the-lion-king">More info / tickets</a>]]></description>
      <styleUrl>#blue-dot.png</styleUrl>
      <Point>
        <coordinates>151.2072517,-33.8821612,0</coordinates>
      </Point>
    </Placemark>
    <Placemark>
      <name>Pride Fest</name>
      <description><![CDATA[<b>Pride Fest</b><br><i>Cultural</i><br>Wed 10th Jun – Sun 14th Jun<br>Sydney City, Sydney City<br>Varies<br><br>Pride Fest transforms Sydney with a bold month-long celebration of queer arts, culture and ideas. Featuring a dynamic program of performance, conversation and community, the festival showcases acclaim…<br><br><a href="https://www.experiencesydneyaustralia.com/whats-on/events/">More info / tickets</a>]]></description>
      <styleUrl>#orange-dot.png</styleUrl>
      <Point>
        <coordinates>151.2053644,-33.8747234,0</coordinates>
      </Point>
    </Placemark>
    <Placemark>
      <name>The Civilising Skirt</name>
      <description><![CDATA[<b>The Civilising Skirt</b><br><i>Arts &amp; Culture</i><br>Wed 10th Jun – Sat 4th Jul<br>Black Fig Gallery, Sydney West<br>from $200<br><br>The Civilising Skirt - a remarkable collection of Omie tapa (beaten bark cloth) artworks from Papua New Guinea. The e…<br><br><a href="https://www.sydney.com/destinations/sydney/sydney-west/events/the-civilising-skirt-exhibition-black-fig-gallery">More info / tickets</a>]]></description>
      <styleUrl>#orange-dot.png</styleUrl>
      <Point>
        <coordinates>151.20341,-33.86764,0</coordinates>
      </Point>
    </Placemark>
    <Placemark>
      <name>New South Vol. 2: Recent Sculpture &amp; Installation Art</name>
      <description><![CDATA[<b>New South Vol. 2: Recent Sculpture &amp; Installation Art</b><br><i>Arts &amp; Culture</i><br>Wed 10th Jun – Sun 21st Jun<br>Sydney South<br>from $30<br><br>Group exhibition of sculpture and installation art from Southern Australasia.<br><br><a href="https://www.sydney.com/events">More info / tickets</a>]]></description>
      <styleUrl>#orange-dot.png</styleUrl>
      <Point>
        <coordinates>151.207139,-33.873767,0</coordinates>
      </Point>
    </Placemark>
    <Placemark>
      <name>Uni Night</name>
      <description><![CDATA[<b>Uni Night</b><br><i>Nightlife</i><br>Wed 10th Jun – Thu 11th Jun<br>AUNTY'S, Darlinghurst, NSW<br>$18<br><br>A night out for university students at AUNTY'S.<br><br><a href="https://www.universal.sydney/book">More info / tickets</a>]]></description>
      <styleUrl>#purple-dot.png</styleUrl>
      <Point>
        <coordinates>151.219439,-33.878132,0</coordinates>
      </Point>
    </Placemark>
    <Placemark>
      <name>Perspective at Infinity by Mark Best</name>
      <description><![CDATA[<b>Perspective at Infinity by Mark Best</b><br><i>Food &amp; Drink</i><br>Wed 10th Jun – Thu 11th Jun<br>Sydney CBD and Surrounds, Sydney CBD<br>From $295*<br><br>Immersive dining experience inspired by landscapes.<br><br><a href="https://www.vividsydney.com/event/food/perspective-at-infinity-by-mark-best">More info / tickets</a>]]></description>
      <styleUrl>#red-dot.png</styleUrl>
      <Point>
        <coordinates>151.209021,-33.873385,0</coordinates>
      </Point>
    </Placemark>
    <Placemark>
      <name>Here &amp; Queer</name>
      <description><![CDATA[<b>Here &amp; Queer</b><br><i>Theatre</i><br>Wed 10th Jun – Sat 13th Jun<br>Flight Path Theatre, Marrickville<br>Free<br><br>Bold, camp and unfiltered — a series of short plays about queer identity, love, family, and living out loud.<br><br><a href="https://whatson.cityofsydney.nsw.gov.au/events/here-and-queer">More info / tickets</a>]]></description>
      <styleUrl>#blue-dot.png</styleUrl>
      <Point>
        <coordinates>151.1558,-33.9061564,0</coordinates>
      </Point>
    </Placemark>
    <Placemark>
      <name>Vivid Sydney</name>
      <description><![CDATA[<b>Vivid Sydney</b><br><i>Festival</i><br>Wed 10th Jun – Sat 13th Jun<br>Sydney CBD (including Circular Quay, Darling Harbour, Martin Place), Sydney CBD<br>from $65<br><br>Vivid Sydney is back in 2026 with plenty to look forward to for the millions who’ll descend on the city during the festival’s three week run. The Sydney Opera House and Sydney Harbour Bridge will be light up each night from 6pm, but there’s plenty more to see with a program of talks, dining experiences, live entertainm<br><br><a href="https://sydneyoutdoors.com/whats-on-sydney-events/">More info / tickets</a>]]></description>
      <styleUrl>#orange-dot.png</styleUrl>
      <Point>
        <coordinates>151.069275,-33.844191,0</coordinates>
      </Point>
    </Placemark>
    <Placemark>
      <name>Skank Sinatra: The Name on Everybody's Lips</name>
      <description><![CDATA[<b>Skank Sinatra: The Name on Everybody's Lips</b><br><i>Music</i><br>Wed 10th Jun – Sun 14th Jun<br>The Loading Dock Theatre, Darlinghurst NSW 2010<br>Check site<br><br>Award-winning cabaret with powerhouse vocals and comedy.<br><br><a href="https://www.experiencesydneyaustralia.com/whats-on/events/">More info / tickets</a>]]></description>
      <styleUrl>#purple-dot.png</styleUrl>
      <Point>
        <coordinates>151.219225,-33.8783381,0</coordinates>
      </Point>
    </Placemark>
    <Placemark>
      <name>The Lion King</name>
      <description><![CDATA[<b>The Lion King</b><br><i>Theatre</i><br>Wed 10th Jun – Sun 9th Aug<br>Capitol Theatre, 13 Campbell St, Haymarket, Haymarket<br>From $165 via<br><br>Disney's beloved musical about a young lion's journey to kingship.<br><br><a href="https://www.sydneytravelguide.com.au/things-to-do-in-sydney-june/">More info / tickets</a>]]></description>
      <styleUrl>#blue-dot.png</styleUrl>
      <Point>
        <coordinates>151.0761048,-33.7946193,0</coordinates>
      </Point>
    </Placemark>
    <Placemark>
      <name>The Pirates of Penzance</name>
      <description><![CDATA[<b>The Pirates of Penzance</b><br><i>Theatre</i><br>Wed 10th Jun – Sun 14th Jun<br>Foundry Theatre, inside the Sydney Lyric, Pirrama Road, Pyrmont, Pyrmont<br>Tickets from $59.90 per person (transaction fees apply)<br><br>An immersive revival of Gilbert and Sullivan's classic comedy.<br><br><a href="https://www.sydneytravelguide.com.au/things-to-do-in-sydney-june/">More info / tickets</a>]]></description>
      <styleUrl>#blue-dot.png</styleUrl>
      <Point>
        <coordinates>151.1927237,-33.8636232,0</coordinates>
      </Point>
    </Placemark>
    <Placemark>
      <name>An Iliad</name>
      <description><![CDATA[<b>An Iliad</b><br><i>Theatre</i><br>Wed 10th Jun – Sun 21st Jun<br>Wharf 1 Theatre, The Wharf, Wharf 4/5/15 Hickson Rd, Dawes Point NSW 2000, Dawes Point<br>Tickets from $79<br><br>A poet retells the Trojan War in a powerful adaptation.<br><br><a href="https://www.sydneytravelguide.com.au/things-to-do-in-sydney-june/">More info / tickets</a>]]></description>
      <styleUrl>#blue-dot.png</styleUrl>
      <Point>
        <coordinates>151.2061593,-33.856023,0</coordinates>
      </Point>
    </Placemark>
    <Placemark>
      <name>Rubbing Shoulders</name>
      <description><![CDATA[<b>Rubbing Shoulders</b><br><i>Arts &amp; Culture</i><br>Wed 10th Jun – Sat 4th Jul<br>Willoughby Arts Centre, Willoughby<br>Free<br><br>Printmaking exhibition by WAC tutors.<br><br><a href="https://whatson.cityofsydney.nsw.gov.au/events/exhibition-rubbing-shoulders">More info / tickets</a>]]></description>
      <styleUrl>#orange-dot.png</styleUrl>
      <Point>
        <coordinates>151.2013245,-33.8005067,0</coordinates>
      </Point>
    </Placemark>
    <Placemark>
      <name>Little Miss Typecast</name>
      <description><![CDATA[<b>Little Miss Typecast</b><br><i>Comedy</i><br>Wed 10th Jun – Fri 12th Jun<br>The Substation, Darlinghurst<br>$30<br><br>Cabaret performance at Qtopia Sydney.<br><br><a href="https://www.eventsinsydney.com/events/category/comedy/">More info / tickets</a>]]></description>
      <styleUrl>#blue-dot.png</styleUrl>
      <Point>
        <coordinates>151.2170204,-33.8802018,0</coordinates>
      </Point>
    </Placemark>
    <Placemark>
      <name>Goon Bag Bangers</name>
      <description><![CDATA[<b>Goon Bag Bangers</b><br><i>Music</i><br>Wed 10th Jun – Thu 11th Jun<br>134 Oxford St, Darlinghurst NSW 2010, Australia, Darlinghurst<br>Free<br><br>A fun, unsophisticated choir performance.<br><br><a href="https://whatson.cityofsydney.nsw.gov.au/events/goon-bag-bangers">More info / tickets</a>]]></description>
      <styleUrl>#purple-dot.png</styleUrl>
      <Point>
        <coordinates>151.2167237,-33.8801791,0</coordinates>
      </Point>
    </Placemark>
    <Placemark>
      <name>FAGA: The Trump Cabaret</name>
      <description><![CDATA[<b>FAGA: The Trump Cabaret</b><br><i>Comedy</i><br>Wed 10th Jun – Fri 12th Jun<br>301 Forbes St, Darlinghurst NSW 2010, Australia, Darlinghurst<br>Free<br><br>Hot off a sell-out Adelaide season, this irreverent, side-splitting cabaret is sure to have you screaming QUIET, PIGGY!<br><br><a href="https://whatson.cityofsydney.nsw.gov.au/events/faga-the-trump-cabaret">More info / tickets</a>]]></description>
      <styleUrl>#blue-dot.png</styleUrl>
      <Point>
        <coordinates>151.2172492,-33.8796337,0</coordinates>
      </Point>
    </Placemark>
    <Placemark>
      <name>Little Miss Typecast</name>
      <description><![CDATA[<b>Little Miss Typecast</b><br><i>Theatre</i><br>Wed 10th Jun – Fri 12th Jun<br>Qtopia Sydney, Darlinghurst<br>Free<br><br>A coming-of-age story about a child star.<br><br><a href="https://whatson.cityofsydney.nsw.gov.au/events/little-miss-typecast">More info / tickets</a>]]></description>
      <styleUrl>#blue-dot.png</styleUrl>
      <Point>
        <coordinates>151.2172056,-33.8797412,0</coordinates>
      </Point>
    </Placemark>
    <Placemark>
      <name>Screen Acting Classes</name>
      <description><![CDATA[<b>Screen Acting Classes</b><br><i>Arts &amp; Culture</i><br>Wed 10th Jun – Thu 6th Aug<br>103 Regent St, Redfern NSW 2016, Redfern<br>Free<br><br>Learn screen acting techniques in a competitive industry.<br><br><a href="https://whatson.cityofsydney.nsw.gov.au/events/screen-acting-classes">More info / tickets</a>]]></description>
      <styleUrl>#orange-dot.png</styleUrl>
      <Point>
        <coordinates>151.2014669,-33.8868804,0</coordinates>
      </Point>
    </Placemark>
    <Placemark>
      <name>Bluey's Big Play</name>
      <description><![CDATA[<b>Bluey's Big Play</b><br><i>Theatre</i><br>Wed 10th Jun – Sun 21st Jun<br>Sydney Opera House, Sydney<br>from $54.90<br><br>A live stage adaptation of the popular children's show.<br><br><a href="https://busycitykids.com.au/sydney-calendar-events">More info / tickets</a>]]></description>
      <styleUrl>#blue-dot.png</styleUrl>
      <Point>
        <coordinates>151.2151234,-33.857198,0</coordinates>
      </Point>
    </Placemark>
    <Placemark>
      <name>Regional Dinner Series: Hunter Valley</name>
      <description><![CDATA[<b>Regional Dinner Series: Hunter Valley</b><br><i>Food &amp; Drink</i><br>Thu 11th Jun<br>A’Mare, Barangaroo<br>$175<br><br>A Hunter Valley-themed dinner with chefs Frank Fawkner and Alessandro Pavoni.<br><br><a href="https://www.barangaroo.com/whats-on/archive/events/regional-dinner-series">More info / tickets</a>]]></description>
      <styleUrl>#red-dot.png</styleUrl>
      <Point>
        <coordinates>151.201571,-33.860378,0</coordinates>
      </Point>
    </Placemark>
    <Placemark>
      <name>The Black Angels</name>
      <description><![CDATA[<b>The Black Angels</b><br><i>Music</i><br>Thu 11th Jun<br>Carriageworks, Sydney<br>FROM $79<br><br>Vivid Sydney event featuring The Black Angels.<br><br><a href="https://carriageworks.com.au/events/theblackangels/">More info / tickets</a>]]></description>
      <styleUrl>#purple-dot.png</styleUrl>
      <Point>
        <coordinates>151.1916021,-33.8941553,0</coordinates>
      </Point>
    </Placemark>
    <Placemark>
      <name>U&gt;N&gt;I&gt;T&gt;E&gt;D Dance Performance</name>
      <description><![CDATA[<b>U&gt;N&gt;I&gt;T&gt;E&gt;D Dance Performance</b><br><i>Arts &amp; Culture</i><br>Thu 11th Jun – Sun 14th Jun<br>Carriageworks, Sydney<br>FROM $44<br><br>A contemporary dance performance by Chunky Move during Vivid Sydney.<br><br><a href="https://carriageworks.com.au/events/united/">More info / tickets</a>]]></description>
      <styleUrl>#orange-dot.png</styleUrl>
      <Point>
        <coordinates>151.1916021,-33.8941553,0</coordinates>
      </Point>
    </Placemark>
    <Placemark>
      <name>Bombie's 'Nothing Set' Dinner Club</name>
      <description><![CDATA[<b>Bombie's 'Nothing Set' Dinner Club</b><br><i>Food &amp; Drink</i><br>Thu 11th Jun<br>Harbord Beach Hotel, Freshwater<br>$45<br><br>Sit back, enjoy the salty sea breeze and leave it up to the chefs at Bombie's to pair your dinner with Doom Juice's wild wines.<br><br><a href="https://concreteplayground.com/sydney/event/bombies-nothing-set-dinner-club">More info / tickets</a>]]></description>
      <styleUrl>#red-dot.png</styleUrl>
      <Point>
        <coordinates>151.2876084,-33.7805054,0</coordinates>
      </Point>
    </Placemark>
    <Placemark>
      <name>Refused Classification</name>
      <description><![CDATA[<b>Refused Classification</b><br><i>Comedy</i><br>Thu 11th Jun<br>Darling Quarter Theatre, Darling Harbour<br>$45<br><br>Comedy and theatre blend in a true story about censorship and film.<br><br><a href="https://www.darlingharbour.com/whats-on/events/refused-classification">More info / tickets</a>]]></description>
      <styleUrl>#blue-dot.png</styleUrl>
      <Point>
        <coordinates>151.199,-33.8723,0</coordinates>
      </Point>
    </Placemark>
    <Placemark>
      <name>La Ronde: Circus, Cabaret &amp; Comedy</name>
      <description><![CDATA[<b>La Ronde: Circus, Cabaret &amp; Comedy</b><br><i>Theatre</i><br>Thu 11th Jun – Sun 2nd Aug<br>Carousel, Sydney<br>From $59<br><br>A mix of circus, cabaret, and comedy performances.<br><br><a href="https://feverup.com/m/140485">More info / tickets</a>]]></description>
      <styleUrl>#blue-dot.png</styleUrl>
      <Point>
        <coordinates>151.2103186,-33.8485907,0</coordinates>
      </Point>
    </Placemark>
    <Placemark>
      <name>Jordan Hart (CAN)</name>
      <description><![CDATA[<b>Jordan Hart (CAN)</b><br><i>Music</i><br>Thu 11th Jun<br>The Vanguard, 42 King St<br>Check site<br><br>Live performance by Canadian artist Jordan Hart.<br><br><a href="https://www.gig-guide.co.uk/au/sydney-nsw">More info / tickets</a>]]></description>
      <styleUrl>#purple-dot.png</styleUrl>
      <Point>
        <coordinates>151.186362,-33.8928011,0</coordinates>
      </Point>
    </Placemark>
    <Placemark>
      <name>Descendents - 30 Years of Everything Sucks</name>
      <description><![CDATA[<b>Descendents - 30 Years of Everything Sucks</b><br><i>Music</i><br>Thu 11th Jun<br>The Roundhouse UNSW, University of New South Wales, ANZAC Parade<br>Check site<br><br>Punk rock band Descendents celebrates 30 years with a live performance.<br><br><a href="https://www.gig-guide.co.uk/au/sydney-nsw">More info / tickets</a>]]></description>
      <styleUrl>#purple-dot.png</styleUrl>
      <Point>
        <coordinates>151.220985,-33.8924607,0</coordinates>
      </Point>
    </Placemark>
    <Placemark>
      <name>CHAT PILE</name>
      <description><![CDATA[<b>CHAT PILE</b><br><i>Music</i><br>Thu 11th Jun<br>Manning Bar, Manning Rd<br>Check site<br><br>Live performance by the experimental rock band CHAT PILE.<br><br><a href="https://www.gig-guide.co.uk/au/sydney-nsw">More info / tickets</a>]]></description>
      <styleUrl>#purple-dot.png</styleUrl>
      <Point>
        <coordinates>151.2448262,-33.8816605,0</coordinates>
      </Point>
    </Placemark>
    <Placemark>
      <name>Design Show Australia</name>
      <description><![CDATA[<b>Design Show Australia</b><br><i>Arts &amp; Culture</i><br>Thu 11th Jun – Sat 13th Jun<br>TikTok Entertainment Centre, Sydney<br>Check site<br><br>Exhibition showcasing Australian design innovations.<br><br><a href="https://iccsydney.com.au/whats-on">More info / tickets</a>]]></description>
      <styleUrl>#orange-dot.png</styleUrl>
      <Point>
        <coordinates>151.2006539,-33.8768991,0</coordinates>
      </Point>
    </Placemark>
    <Placemark>
      <name>Futurebuild Australia</name>
      <description><![CDATA[<b>Futurebuild Australia</b><br><i>Arts &amp; Culture</i><br>Thu 11th Jun – Sat 13th Jun<br>TikTok Entertainment Centre, Sydney<br>Check site<br><br>Trade show for construction and building materials.<br><br><a href="https://iccsydney.com.au/whats-on">More info / tickets</a>]]></description>
      <styleUrl>#orange-dot.png</styleUrl>
      <Point>
        <coordinates>151.2006539,-33.8768991,0</coordinates>
      </Point>
    </Placemark>
    <Placemark>
      <name>Kitchen+Bath Show</name>
      <description><![CDATA[<b>Kitchen+Bath Show</b><br><i>Arts &amp; Culture</i><br>Thu 11th Jun – Sat 13th Jun<br>TikTok Entertainment Centre, Sydney<br>Check site<br><br>Exhibition showcasing kitchen and bathroom designs.<br><br><a href="https://iccsydney.com.au/whats-on">More info / tickets</a>]]></description>
      <styleUrl>#orange-dot.png</styleUrl>
      <Point>
        <coordinates>151.2006539,-33.8768991,0</coordinates>
      </Point>
    </Placemark>
    <Placemark>
      <name>Djirrirra Wunuḇmurra Yukuwa and Moyurrurra Wunuḇmurra</name>
      <description><![CDATA[<b>Djirrirra Wunuḇmurra Yukuwa and Moyurrurra Wunuḇmurra</b><br><i>Arts &amp; Culture</i><br>Thu 11th Jun – Sun 28th Jun<br>Michael Reid Sydney, Eora / Sydney<br>$18<br><br>tists Djirrirra Wunuŋmurra Yukuwa and Moyurrurra Wunuŋmurra, featuring their distinct yet connected practices.<br><br><a href="https://michaelreid.com.au/exhibition">More info / tickets</a>]]></description>
      <styleUrl>#orange-dot.png</styleUrl>
      <Point>
        <coordinates>151.1896963,-33.8892868,0</coordinates>
      </Point>
    </Placemark>
    <Placemark>
      <name>Drag Bingo</name>
      <description><![CDATA[<b>Drag Bingo</b><br><i>Nightlife</i><br>Thu 11th Jun<br>Southern Cross Hotel, Saint Peters<br>Check site<br><br>Fun drag queen-hosted bingo night at Southern Cross Hotel.<br><br><a href="https://surreal.live/en-au/events/sydney">More info / tickets</a>]]></description>
      <styleUrl>#purple-dot.png</styleUrl>
      <Point>
        <coordinates>151.1745173,-33.9157791,0</coordinates>
      </Point>
    </Placemark>
    <Placemark>
      <name>Vivid Solo Performance</name>
      <description><![CDATA[<b>Vivid Solo Performance</b><br><i>Arts &amp; Culture</i><br>Thu 11th Jun<br>The Squire's Landing, The Rocks<br>Check site<br><br>Additional solo performance during Vivid Sydney festival.<br><br><a href="https://surreal.live/en-au/events/sydney">More info / tickets</a>]]></description>
      <styleUrl>#orange-dot.png</styleUrl>
      <Point>
        <coordinates>151.209421,-33.868633,0</coordinates>
      </Point>
    </Placemark>
    <Placemark>
      <name>The Next Wave</name>
      <description><![CDATA[<b>The Next Wave</b><br><i>Music</i><br>Thu 11th Jun<br>Pleasure Club, Newtown<br>Check site<br><br>Event showcasing emerging talent or trends.<br><br><a href="https://surreal.live/en-au/events/sydney">More info / tickets</a>]]></description>
      <styleUrl>#purple-dot.png</styleUrl>
      <Point>
        <coordinates>151.1766,-33.896294,0</coordinates>
      </Point>
    </Placemark>
    <Placemark>
      <name>Thursday Thrills</name>
      <description><![CDATA[<b>Thursday Thrills</b><br><i>Nightlife</i><br>Thu 11th Jun<br>The Oxford Hotel, Darlinghurst<br>Check site<br><br>Exciting Thursday night event at a hotel.<br><br><a href="https://surreal.live/en-au/events/sydney">More info / tickets</a>]]></description>
      <styleUrl>#purple-dot.png</styleUrl>
      <Point>
        <coordinates>151.2167274,-33.8802585,0</coordinates>
      </Point>
    </Placemark>
    <Placemark>
      <name>TGIT!</name>
      <description><![CDATA[<b>TGIT!</b><br><i>Nightlife</i><br>Thu 11th Jun – Fri 12th Jun<br>Universal Sydney, Darlinghurst<br>Check site<br><br>Celebrate the end of the work week with drinks and music.<br><br><a href="https://surreal.live/en-au/events/sydney">More info / tickets</a>]]></description>
      <styleUrl>#purple-dot.png</styleUrl>
      <Point>
        <coordinates>151.2145189,-33.8789169,0</coordinates>
      </Point>
    </Placemark>
    <Placemark>
      <name>DJ Set</name>
      <description><![CDATA[<b>DJ Set</b><br><i>Nightlife</i><br>Thu 11th Jun<br>The Oxford Hotel, Darlinghurst<br>Check site<br><br>Live DJ performance at a hotel bar.<br><br><a href="https://surreal.live/en-au/events/sydney">More info / tickets</a>]]></description>
      <styleUrl>#purple-dot.png</styleUrl>
      <Point>
        <coordinates>151.2167274,-33.8802585,0</coordinates>
      </Point>
    </Placemark>
    <Placemark>
      <name>Solo Acoustic Night</name>
      <description><![CDATA[<b>Solo Acoustic Night</b><br><i>Music</i><br>Thu 11th Jun<br>Doutta Galla Hotel, Kensington<br>Check site<br><br>Acoustic performances by solo artists.<br><br><a href="https://surreal.live/en-au/events/melbourne">More info / tickets</a>]]></description>
      <styleUrl>#purple-dot.png</styleUrl>
      <Point>
        <coordinates>151.2227354,-33.9109109,0</coordinates>
      </Point>
    </Placemark>
    <Placemark>
      <name>Pre-Footy Acoustic</name>
      <description><![CDATA[<b>Pre-Footy Acoustic</b><br><i>Music</i><br>Thu 11th Jun<br>213 High St, Prahran<br>Check site<br><br>Acoustic music before a football game.<br><br><a href="https://surreal.live/en-au/events/melbourne">More info / tickets</a>]]></description>
      <styleUrl>#purple-dot.png</styleUrl>
      <Point>
        <coordinates>151.1193493,-33.9656365,0</coordinates>
      </Point>
    </Placemark>
    <Placemark>
      <name>K SOLO</name>
      <description><![CDATA[<b>K SOLO</b><br><i>Music</i><br>Thu 11th Jun<br>Auburn Hotel, Hawthorn East<br>Check site<br><br>Live music performance by K SOLO.<br><br><a href="https://surreal.live/en-au/events/melbourne">More info / tickets</a>]]></description>
      <styleUrl>#purple-dot.png</styleUrl>
      <Point>
        <coordinates>151.0333525,-33.8516825,0</coordinates>
      </Point>
    </Placemark>
    <Placemark>
      <name>Steak &amp; Jazz</name>
      <description><![CDATA[<b>Steak &amp; Jazz</b><br><i>Music</i><br>Thu 11th Jun<br>Middle Park Hotel, Middle Park<br>Check site<br><br>Jazz music with steak dinner.<br><br><a href="https://surreal.live/en-au/events/melbourne">More info / tickets</a>]]></description>
      <styleUrl>#purple-dot.png</styleUrl>
      <Point>
        <coordinates>151.2215492,-33.8784355,0</coordinates>
      </Point>
    </Placemark>
    <Placemark>
      <name>ben smith</name>
      <description><![CDATA[<b>ben smith</b><br><i>Comedy</i><br>Thu 11th Jun<br>The Mint, Melbourne<br>Check site<br><br>Live performance by comedian Ben Smith.<br><br><a href="https://surreal.live/en-au/events/melbourne">More info / tickets</a>]]></description>
      <styleUrl>#blue-dot.png</styleUrl>
      <Point>
        <coordinates>151.212363,-33.868862,0</coordinates>
      </Point>
    </Placemark>
    <Placemark>
      <name>Funky Bunch Trivia</name>
      <description><![CDATA[<b>Funky Bunch Trivia</b><br><i>Nightlife</i><br>Thu 11th Jun<br>Prahran Hotel, Windsor<br>Check site<br><br>Team-based trivia night with prizes.<br><br><a href="https://surreal.live/en-au/events/melbourne">More info / tickets</a>]]></description>
      <styleUrl>#purple-dot.png</styleUrl>
      <Point>
        <coordinates>151.2056755,-33.8689862,0</coordinates>
      </Point>
    </Placemark>
    <Placemark>
      <name>Trivia Night</name>
      <description><![CDATA[<b>Trivia Night</b><br><i>Nightlife</i><br>Thu 11th Jun<br>Richmond Club Hotel, Richmond<br>Free<br><br>trivia night hosted by Shit Pub Trivia. Bring your team, test your knowledge, and see if you can take home the win. No entry fee—just show up ready to play. Grab your friends and get ready for some good questions and friendly competition.<br><br><a href="https://surreal.live/en-au/events/melbourne">More info / tickets</a>]]></description>
      <styleUrl>#purple-dot.png</styleUrl>
      <Point>
        <coordinates>151.2039801,-33.8612917,0</coordinates>
      </Point>
    </Placemark>
    <Placemark>
      <name>Trivia Night</name>
      <description><![CDATA[<b>Trivia Night</b><br><i>Nightlife</i><br>Thu 11th Jun<br>The Hawthorn Hotel, Hawthorn<br>Free<br><br>trivia night hosted by Shit Pub Trivia. Bring your team, test your knowledge, and see if you can take home the win. No entry fee—just show up ready to play. Grab your friends and get ready for some good questions and friendly competition.<br><br><a href="https://surreal.live/en-au/events/melbourne">More info / tickets</a>]]></description>
      <styleUrl>#purple-dot.png</styleUrl>
      <Point>
        <coordinates>151.207723,-33.867868,0</coordinates>
      </Point>
    </Placemark>
    <Placemark>
      <name>Electric Interlude</name>
      <description><![CDATA[<b>Electric Interlude</b><br><i>Nightlife</i><br>Thu 11th Jun<br>Electric Bar, Prahran<br>Check site<br><br>Evening event with music and drinks.<br><br><a href="https://surreal.live/en-au/events/melbourne">More info / tickets</a>]]></description>
      <styleUrl>#purple-dot.png</styleUrl>
      <Point>
        <coordinates>151.204081,-33.871194,0</coordinates>
      </Point>
    </Placemark>
    <Placemark>
      <name>OPTIMAL Takeover</name>
      <description><![CDATA[<b>OPTIMAL Takeover</b><br><i>Music</i><br>Thu 11th Jun<br>270 Lonsdale St, Melbourne<br>Check site<br><br>A music or performance event featuring the OPTIMAL collective.<br><br><a href="https://surreal.live/en-au/events/melbourne">More info / tickets</a>]]></description>
      <styleUrl>#purple-dot.png</styleUrl>
      <Point>
        <coordinates>151.1640441,-33.8755888,0</coordinates>
      </Point>
    </Placemark>
    <Placemark>
      <name>KUZCO EP launch</name>
      <description><![CDATA[<b>KUZCO EP launch</b><br><i>Music</i><br>Thu 11th Jun<br>Music Room, Melbourne<br>Check site<br><br>Live music event celebrating the release of KUZCO's new EP.<br><br><a href="https://surreal.live/en-au/events/melbourne">More info / tickets</a>]]></description>
      <styleUrl>#purple-dot.png</styleUrl>
      <Point>
        <coordinates>150.9857198,-33.8060402,0</coordinates>
      </Point>
    </Placemark>
    <Placemark>
      <name>Morning Melodies</name>
      <description><![CDATA[<b>Morning Melodies</b><br><i>Music</i><br>Thu 11th Jun<br>Club Services Ipswich, North Ipswich<br>Check site<br><br>Live music session to start the day.<br><br><a href="https://surreal.live/en-au/events/brisbane">More info / tickets</a>]]></description>
      <styleUrl>#purple-dot.png</styleUrl>
      <Point>
        <coordinates>151.209421,-33.868633,0</coordinates>
      </Point>
    </Placemark>
    <Placemark>
      <name>Thursday Day Poker</name>
      <description><![CDATA[<b>Thursday Day Poker</b><br><i>Nightlife</i><br>Thu 11th Jun<br>Inala Hotel, Inala<br>Check site<br><br>Casino-style poker games during the day.<br><br><a href="https://surreal.live/en-au/events/brisbane">More info / tickets</a>]]></description>
      <styleUrl>#purple-dot.png</styleUrl>
      <Point>
        <coordinates>151.2056755,-33.8689862,0</coordinates>
      </Point>
    </Placemark>
    <Placemark>
      <name>Gin &amp; Jazz Night</name>
      <description><![CDATA[<b>Gin &amp; Jazz Night</b><br><i>Music</i><br>Thu 11th Jun<br>The Star Gold Coast, Broadbeach<br>Check site<br><br>Jazz music with gin cocktails.<br><br><a href="https://surreal.live/en-au/events/brisbane">More info / tickets</a>]]></description>
      <styleUrl>#purple-dot.png</styleUrl>
      <Point>
        <coordinates>151.195462,-33.8670038,0</coordinates>
      </Point>
    </Placemark>
    <Placemark>
      <name>Musical Bingo</name>
      <description><![CDATA[<b>Musical Bingo</b><br><i>Comedy</i><br>Thu 11th Jun<br>Hotel HQ, Underwood<br>Check site<br><br>Bingo with a musical twist.<br><br><a href="https://surreal.live/en-au/events/brisbane">More info / tickets</a>]]></description>
      <styleUrl>#blue-dot.png</styleUrl>
      <Point>
        <coordinates>151.2056755,-33.8689862,0</coordinates>
      </Point>
    </Placemark>
    <Placemark>
      <name>Thursday Night Solo</name>
      <description><![CDATA[<b>Thursday Night Solo</b><br><i>Music</i><br>Thu 11th Jun<br>Riverland Brisbane, Brisbane City<br>Check site<br><br>Live solo performance.<br><br><a href="https://surreal.live/en-au/events/brisbane">More info / tickets</a>]]></description>
      <styleUrl>#purple-dot.png</styleUrl>
      <Point>
        <coordinates>151.209421,-33.868633,0</coordinates>
      </Point>
    </Placemark>
    <Placemark>
      <name>Quiz Meisters Trivia</name>
      <description><![CDATA[<b>Quiz Meisters Trivia</b><br><i>Nightlife</i><br>Thu 11th Jun<br>Springlake Hotel, Springfield Lakes<br>Free<br><br>A trivia night where teams compete for the top score.<br><br><a href="https://surreal.live/en-au/events/brisbane">More info / tickets</a>]]></description>
      <styleUrl>#purple-dot.png</styleUrl>
      <Point>
        <coordinates>151.2056755,-33.8689862,0</coordinates>
      </Point>
    </Placemark>
    <Placemark>
      <name>Quizmeisters</name>
      <description><![CDATA[<b>Quizmeisters</b><br><i>Nightlife</i><br>Thu 11th Jun<br>Salt Bar Hamilton, Hamilton<br>Free<br><br>Quizmeisters. Quiz Meisters Trivia is hosting the night, so come ready with your best answers across all kinds of questions. It's free to get in, so grab your friends and see how you stack up. Whether you're a trivia regular or just looking for a fun night out, this one's worth checking out.<br><br><a href="https://surreal.live/en-au/events/brisbane">More info / tickets</a>]]></description>
      <styleUrl>#purple-dot.png</styleUrl>
      <Point>
        <coordinates>151.2073345,-33.8718524,0</coordinates>
      </Point>
    </Placemark>
    <Placemark>
      <name>Line Dancing Class</name>
      <description><![CDATA[<b>Line Dancing Class</b><br><i>Arts &amp; Social</i><br>Thu 11th Jun<br>Marquee Bar, Fortitude Valley<br>Check site<br><br>A class teaching line dancing moves for all skill levels.<br><br><a href="https://surreal.live/en-au/events/brisbane">More info / tickets</a>]]></description>
      <styleUrl>#yellow-dot.png</styleUrl>
      <Point>
        <coordinates>151.2073345,-33.8718524,0</coordinates>
      </Point>
    </Placemark>
    <Placemark>
      <name>Cherry Bar Soloist</name>
      <description><![CDATA[<b>Cherry Bar Soloist</b><br><i>Music</i><br>Thu 11th Jun<br>The Star Gold Coast, Broadbeach<br>Check site<br><br>Solo artist performs at a bar.<br><br><a href="https://surreal.live/en-au/events/brisbane">More info / tickets</a>]]></description>
      <styleUrl>#purple-dot.png</styleUrl>
      <Point>
        <coordinates>151.195462,-33.8670038,0</coordinates>
      </Point>
    </Placemark>
    <Placemark>
      <name>Solo Keys</name>
      <description><![CDATA[<b>Solo Keys</b><br><i>Music</i><br>Thu 11th Jun<br>SK Steak &amp; Oyster, Fortitude Valley<br>Check site<br><br>Live solo piano performance.<br><br><a href="https://surreal.live/en-au/events/brisbane">More info / tickets</a>]]></description>
      <styleUrl>#purple-dot.png</styleUrl>
      <Point>
        <coordinates>151.2073725,-33.8632174,0</coordinates>
      </Point>
    </Placemark>
    <Placemark>
      <name>Open Mic Night</name>
      <description><![CDATA[<b>Open Mic Night</b><br><i>Music</i><br>Thu 11th Jun<br>Beenleigh Tavern, Beenleigh<br>Check site<br><br>Local musicians perform live.<br><br><a href="https://surreal.live/en-au/events/brisbane">More info / tickets</a>]]></description>
      <styleUrl>#purple-dot.png</styleUrl>
      <Point>
        <coordinates>151.2074506,-33.8858282,0</coordinates>
      </Point>
    </Placemark>
    <Placemark>
      <name>Karaoke with Rockin Rollsys Crew</name>
      <description><![CDATA[<b>Karaoke with Rockin Rollsys Crew</b><br><i>Nightlife</i><br>Thu 11th Jun<br>Browns Plains Hotel, Browns Plains<br>Check site<br><br>Sing-along night with a live band.<br><br><a href="https://surreal.live/en-au/events/brisbane">More info / tickets</a>]]></description>
      <styleUrl>#purple-dot.png</styleUrl>
      <Point>
        <coordinates>151.204619,-33.835649,0</coordinates>
      </Point>
    </Placemark>
    <Placemark>
      <name>Upstairs DJ</name>
      <description><![CDATA[<b>Upstairs DJ</b><br><i>Nightlife</i><br>Thu 11th Jun<br>Ric's Bar + Backyard, Fortitude Valley<br>Check site<br><br>A DJ night with music and dancing.<br><br><a href="https://surreal.live/en-au/events/brisbane">More info / tickets</a>]]></description>
      <styleUrl>#purple-dot.png</styleUrl>
      <Point>
        <coordinates>151.204081,-33.871194,0</coordinates>
      </Point>
    </Placemark>
    <Placemark>
      <name>Karaoke</name>
      <description><![CDATA[<b>Karaoke</b><br><i>Nightlife</i><br>Thu 11th Jun – Fri 12th Jun<br>Morayfield Tavern, Caboolture South<br>Check site<br><br>Sing your favorite songs with friends.<br><br><a href="https://surreal.live/en-au/events/brisbane">More info / tickets</a>]]></description>
      <styleUrl>#purple-dot.png</styleUrl>
      <Point>
        <coordinates>151.2074506,-33.8858282,0</coordinates>
      </Point>
    </Placemark>
    <Placemark>
      <name>Trivia Night</name>
      <description><![CDATA[<b>Trivia Night</b><br><i>Nightlife</i><br>Thu 11th Jun<br>The Quarter Acre Hotel, Applecross<br>Check site<br><br>Test your knowledge in a fun quiz night.<br><br><a href="https://surreal.live/en-au/events/perth">More info / tickets</a>]]></description>
      <styleUrl>#purple-dot.png</styleUrl>
      <Point>
        <coordinates>151.209421,-33.868633,0</coordinates>
      </Point>
    </Placemark>
    <Placemark>
      <name>70's - 90's Live Music</name>
      <description><![CDATA[<b>70's - 90's Live Music</b><br><i>Music</i><br>Thu 11th Jun<br>Woodbridge Hotel, Guildford<br>Check site<br><br>Live performances of classic hits from the 70s and 90s.<br><br><a href="https://surreal.live/en-au/events/perth">More info / tickets</a>]]></description>
      <styleUrl>#purple-dot.png</styleUrl>
      <Point>
        <coordinates>151.2056755,-33.8689862,0</coordinates>
      </Point>
    </Placemark>
    <Placemark>
      <name>QuizzaMe</name>
      <description><![CDATA[<b>QuizzaMe</b><br><i>Comedy</i><br>Thu 11th Jun<br>Hampstead Hotel, Collinswood<br>Check site<br><br>A fun quiz night at a local hotel.<br><br><a href="https://surreal.live/en-au/events/adelaide">More info / tickets</a>]]></description>
      <styleUrl>#blue-dot.png</styleUrl>
      <Point>
        <coordinates>151.2056755,-33.8689862,0</coordinates>
      </Point>
    </Placemark>
    <Placemark>
      <name>Funny Quiz</name>
      <description><![CDATA[<b>Funny Quiz</b><br><i>Comedy</i><br>Thu 11th Jun<br>Payneham Tavern, Payneham<br>Check site<br><br>A comedy quiz night at a local tavern.<br><br><a href="https://surreal.live/en-au/events/adelaide">More info / tickets</a>]]></description>
      <styleUrl>#blue-dot.png</styleUrl>
      <Point>
        <coordinates>151.2074506,-33.8858282,0</coordinates>
      </Point>
    </Placemark>
    <Placemark>
      <name>Quiz Night</name>
      <description><![CDATA[<b>Quiz Night</b><br><i>Nightlife</i><br>Thu 11th Jun<br>Mick O'Shea's Hotel, Hackham<br>Check site<br><br>Trivia night with drinks and prizes.<br><br><a href="https://surreal.live/en-au/events/adelaide">More info / tickets</a>]]></description>
      <styleUrl>#purple-dot.png</styleUrl>
      <Point>
        <coordinates>150.9917426,-33.8988779,0</coordinates>
      </Point>
    </Placemark>
    <Placemark>
      <name>Listening Lounge DM26</name>
      <description><![CDATA[<b>Listening Lounge DM26</b><br><i>Music</i><br>Thu 11th Jun – Sun 14th Jun<br>The Still, Hobart<br>Check site<br><br>A curated listening session at The Still.<br><br><a href="https://surreal.live/en-au/events/hobart">More info / tickets</a>]]></description>
      <styleUrl>#purple-dot.png</styleUrl>
      <Point>
        <coordinates>151.209421,-33.868633,0</coordinates>
      </Point>
    </Placemark>
    <Placemark>
      <name>Ibis SAS</name>
      <description><![CDATA[<b>Ibis SAS</b><br><i>Community</i><br>Thu 11th Jun – Fri 12th Jun<br>ibis Styles Edinburgh St Andrew Square, St Andrew Square<br>Check site<br><br>Event at the Ibis Styles Edinburgh St Andrew Square.<br><br><a href="https://surreal.live/en-gb/events/edinburgh">More info / tickets</a>]]></description>
      <styleUrl>#yellow-dot.png</styleUrl>
      <Point>
        <coordinates>151.0790469,-33.8151234,0</coordinates>
      </Point>
    </Placemark>
    <Placemark>
      <name>BIG FAT QUIZ BOX</name>
      <description><![CDATA[<b>BIG FAT QUIZ BOX</b><br><i>Comedy</i><br>Thu 11th Jun<br>Boxpark Liverpool, Liverpool<br>Check site<br><br>A quiz night at Boxpark Liverpool.<br><br><a href="https://surreal.live/en-gb/events/manchester">More info / tickets</a>]]></description>
      <styleUrl>#blue-dot.png</styleUrl>
      <Point>
        <coordinates>150.9276398,-33.9245421,0</coordinates>
      </Point>
    </Placemark>
    <Placemark>
      <name>Live SOLO | Wilson's Social</name>
      <description><![CDATA[<b>Live SOLO | Wilson's Social</b><br><i>Music</i><br>Thu 11th Jun<br>Wilson's Social, Manchester<br>Check site<br><br>Solo live music performance at Wilson's Social.<br><br><a href="https://surreal.live/en-gb/events/manchester">More info / tickets</a>]]></description>
      <styleUrl>#purple-dot.png</styleUrl>
      <Point>
        <coordinates>151.1854993,-33.8852601,0</coordinates>
      </Point>
    </Placemark>
    <Placemark>
      <name>Live DUO | Wilson's Social</name>
      <description><![CDATA[<b>Live DUO | Wilson's Social</b><br><i>Music</i><br>Thu 11th Jun<br>Wilson's Social, Manchester<br>Check site<br><br>Live music performance by a duo at Wilson's Social.<br><br><a href="https://surreal.live/en-gb/events/manchester">More info / tickets</a>]]></description>
      <styleUrl>#purple-dot.png</styleUrl>
      <Point>
        <coordinates>151.1854993,-33.8852601,0</coordinates>
      </Point>
    </Placemark>
    <Placemark>
      <name>Steve Carlin</name>
      <description><![CDATA[<b>Steve Carlin</b><br><i>Comedy</i><br>Thu 11th Jun<br>Gibbons Hotel, Te Aro<br>Check site<br><br>Comedy show by Steve Carlin.<br><br><a href="https://surreal.live/en-nz/events/wellington">More info / tickets</a>]]></description>
      <styleUrl>#blue-dot.png</styleUrl>
      <Point>
        <coordinates>151.198702,-33.893003,0</coordinates>
      </Point>
    </Placemark>
    <Placemark>
      <name>Drag Bingo</name>
      <description><![CDATA[<b>Drag Bingo</b><br><i>Nightlife</i><br>Thu 11th Jun<br>Dirty Little Secret, Te Aro<br>Check site<br><br>Fun drag-themed bingo night.<br><br><a href="https://surreal.live/en-nz/events/wellington">More info / tickets</a>]]></description>
      <styleUrl>#purple-dot.png</styleUrl>
      <Point>
        <coordinates>151.209421,-33.868633,0</coordinates>
      </Point>
    </Placemark>
    <Placemark>
      <name>The Seoul Guardians</name>
      <description><![CDATA[<b>The Seoul Guardians</b><br><i>Arts &amp; Culture</i><br>Thu 11th Jun<br>State Theatre, Sydney CBD<br>Check site<br><br>Documentary about martial law in Seoul.<br><br><a href="https://www.sff.org.au/program">More info / tickets</a>]]></description>
      <styleUrl>#orange-dot.png</styleUrl>
      <Point>
        <coordinates>151.2075264,-33.8709129,0</coordinates>
      </Point>
    </Placemark>
    <Placemark>
      <name>Parallel Tales</name>
      <description><![CDATA[<b>Parallel Tales</b><br><i>Arts &amp; Culture</i><br>Thu 11th Jun<br>State Theatre, Sydney CBD<br>Check site<br><br>Complex drama about surveillance and inspiration.<br><br><a href="https://www.sff.org.au/program">More info / tickets</a>]]></description>
      <styleUrl>#orange-dot.png</styleUrl>
      <Point>
        <coordinates>151.2075264,-33.8709129,0</coordinates>
      </Point>
    </Placemark>
    <Placemark>
      <name>Sukundimi Walks Before Me</name>
      <description><![CDATA[<b>Sukundimi Walks Before Me</b><br><i>Arts &amp; Culture</i><br>Thu 11th Jun<br>Event Cinemas George Street, Sydney CBD<br>Check site<br><br>Doc about Indigenous PNG community fighting mining.<br><br><a href="https://www.sff.org.au/program">More info / tickets</a>]]></description>
      <styleUrl>#orange-dot.png</styleUrl>
      <Point>
        <coordinates>151.2071686,-33.8666807,0</coordinates>
      </Point>
    </Placemark>
    <Placemark>
      <name>Ripples in the Mist</name>
      <description><![CDATA[<b>Ripples in the Mist</b><br><i>Arts &amp; Culture</i><br>Thu 11th Jun<br>Palace Central Cinemas, Sydney CBD<br>Check site<br><br>Film about Hong Kong women in exile.<br><br><a href="https://www.sff.org.au/program">More info / tickets</a>]]></description>
      <styleUrl>#orange-dot.png</styleUrl>
      <Point>
        <coordinates>151.2008592,-33.8845794,0</coordinates>
      </Point>
    </Placemark>
    <Placemark>
      <name>Coward</name>
      <description><![CDATA[<b>Coward</b><br><i>Arts &amp; Culture</i><br>Thu 11th Jun<br>Ritz Cinemas Randwick, Eastern Suburbs<br>Free<br><br>A queer romance about two soldiers during World War I.<br><br><a href="https://www.sff.org.au/program">More info / tickets</a>]]></description>
      <styleUrl>#orange-dot.png</styleUrl>
      <Point>
        <coordinates>151.2432906,-33.9201716,0</coordinates>
      </Point>
    </Placemark>
    <Placemark>
      <name>The Good Boy</name>
      <description><![CDATA[<b>The Good Boy</b><br><i>Arts &amp; Culture</i><br>Thu 11th Jun<br>Dendy Newtown, Inner West<br>Check site<br><br>A couple kidnaps a delinquent to train him to be 'good'.<br><br><a href="https://www.sff.org.au/program">More info / tickets</a>]]></description>
      <styleUrl>#orange-dot.png</styleUrl>
      <Point>
        <coordinates>151.1804038,-33.8959356,0</coordinates>
      </Point>
    </Placemark>
    <Placemark>
      <name>Just Look Up</name>
      <description><![CDATA[<b>Just Look Up</b><br><i>Arts &amp; Culture</i><br>Thu 11th Jun<br>Event Cinemas George Street, Sydney CBD<br>Check site<br><br>A documentary about climate activist Michael Greenberg.<br><br><a href="https://www.sff.org.au/program">More info / tickets</a>]]></description>
      <styleUrl>#orange-dot.png</styleUrl>
      <Point>
        <coordinates>151.2071686,-33.8666807,0</coordinates>
      </Point>
    </Placemark>
    <Placemark>
      <name>Shame and Money</name>
      <description><![CDATA[<b>Shame and Money</b><br><i>Arts &amp; Culture</i><br>Thu 11th Jun<br>Palace Norton Street, Sydney CBD<br>Check site<br><br>A Kosovar family's life upended by betrayal and hard labour.<br><br><a href="https://www.sff.org.au/program">More info / tickets</a>]]></description>
      <styleUrl>#orange-dot.png</styleUrl>
      <Point>
        <coordinates>151.1204406,-33.8893106,0</coordinates>
      </Point>
    </Placemark>
    <Placemark>
      <name>Give Me the Ball!</name>
      <description><![CDATA[<b>Give Me the Ball!</b><br><i>Arts &amp; Culture</i><br>Thu 11th Jun<br>Dendy Newtown, Inner West<br>Check site<br><br>A documentary about Billie Jean King's life and tennis career.<br><br><a href="https://www.sff.org.au/program">More info / tickets</a>]]></description>
      <styleUrl>#orange-dot.png</styleUrl>
      <Point>
        <coordinates>151.1804038,-33.8959356,0</coordinates>
      </Point>
    </Placemark>
    <Placemark>
      <name>Archibald, Wynne and Sulman Prizes</name>
      <description><![CDATA[<b>Archibald, Wynne and Sulman Prizes</b><br><i>Arts &amp; Culture</i><br>Thu 11th Jun – Sun 16th Aug<br>Art Gallery of New South Wales, Sydney City<br>from $30<br><br>Prestigious Australian art prizes for portraiture and landscape painting.<br><br><a href="https://www.sydney.com">More info / tickets</a>]]></description>
      <styleUrl>#orange-dot.png</styleUrl>
      <Point>
        <coordinates>151.2174176,-33.8686067,0</coordinates>
      </Point>
    </Placemark>
    <Placemark>
      <name>Vivid Sydney Dinner</name>
      <description><![CDATA[<b>Vivid Sydney Dinner</b><br><i>Arts &amp; Culture</i><br>Thu 11th Jun – Sat 13th Jun<br>Shangri-La Sydney, Sydney City<br>from $35<br><br>Take a front-row seat high above Sydney Harbour as Vivid Sydney transforms the city into a spectacular display of light and colour. With sweeping panoramic views of the Sydney Opera House and Harbour Bridge, enjoy a memorable dining experience.<br><br><a href="https://www.sydney.com/destinations/sydney/sydney-city/the-rocks/events">More info / tickets</a>]]></description>
      <styleUrl>#orange-dot.png</styleUrl>
      <Point>
        <coordinates>151.2065925,-33.8612917,0</coordinates>
      </Point>
    </Placemark>
    <Placemark>
      <name>Vivid at Blu Bar on 36</name>
      <description><![CDATA[<b>Vivid at Blu Bar on 36</b><br><i>Arts &amp; Culture</i><br>Thu 11th Jun – Sat 13th Jun<br>Blu Bar on 36, Shangri-La Sydney, Sydney City<br>from $65<br><br>As Vivid Sydney lights up the city, Blu Bar on 36 offers a front-row seat to the spectacle. From 36 levels above the harbour, enjoy uninterrupted views of the Sydney Opera House and Harbour Bridge as you savour cocktails and canapés.<br><br><a href="https://www.sydney.com/destinations/sydney/sydney-city/the-rocks/events/echoes-piazzolla-the-experience">More info / tickets</a>]]></description>
      <styleUrl>#orange-dot.png</styleUrl>
      <Point>
        <coordinates>151.210548,-33.841003,0</coordinates>
      </Point>
    </Placemark>
    <Placemark>
      <name>Skeleten</name>
      <description><![CDATA[<b>Skeleten</b><br><i>Music</i><br>Thu 11th Jun<br>Tumbalong Park<br>FREE<br><br>A live music event featuring Skeleten and supporting acts.<br><br><a href="https://sydneymusic.net/gig-guide">More info / tickets</a>]]></description>
      <styleUrl>#purple-dot.png</styleUrl>
      <Point>
        <coordinates>151.201722,-33.8756779,0</coordinates>
      </Point>
    </Placemark>
    <Placemark>
      <name>Murmurations</name>
      <description><![CDATA[<b>Murmurations</b><br><i>Arts &amp; Culture</i><br>Thu 11th Jun<br>The Rocks Square, The Rocks<br>FREE<br><br>A performance or art installation featuring synchronized movement.<br><br><a href="https://sydneymusic.net/gig-guide">More info / tickets</a>]]></description>
      <styleUrl>#orange-dot.png</styleUrl>
      <Point>
        <coordinates>151.20407,-33.84895,0</coordinates>
      </Point>
    </Placemark>
    <Placemark>
      <name>rubychampionn</name>
      <description><![CDATA[<b>rubychampionn</b><br><i>Music</i><br>Thu 11th Jun<br>Lazy Thinking<br>Check site<br><br>Live music event with multiple electronic artists.<br><br><a href="https://sydneymusic.net/gig-guide">More info / tickets</a>]]></description>
      <styleUrl>#purple-dot.png</styleUrl>
      <Point>
        <coordinates>151.1436185,-33.9028662,0</coordinates>
      </Point>
    </Placemark>
    <Placemark>
      <name>The Dress</name>
      <description><![CDATA[<b>The Dress</b><br><i>Music</i><br>Thu 11th Jun<br>Goodspace @ The Lord Gladstone<br>Check site<br><br>Live music performance by Winter in Estonia and Pod.<br><br><a href="https://sydneymusic.net/gig-guide">More info / tickets</a>]]></description>
      <styleUrl>#purple-dot.png</styleUrl>
      <Point>
        <coordinates>151.178071,-33.876698,0</coordinates>
      </Point>
    </Placemark>
    <Placemark>
      <name>Descendents (USA)</name>
      <description><![CDATA[<b>Descendents (USA)</b><br><i>Music</i><br>Thu 11th Jun<br>UNSW Roundhouse, Sydney, NSW, Australia<br>Check site<br><br>Punk rock concert with support acts Pinch Points and The Lizards.<br><br><a href="https://www.arc.unsw.edu.au/roundhouse/events/descendents-18and">More info / tickets</a>]]></description>
      <styleUrl>#purple-dot.png</styleUrl>
      <Point>
        <coordinates>151.2082848,-33.8698439,0</coordinates>
      </Point>
    </Placemark>
    <Placemark>
      <name>Swapmeet</name>
      <description><![CDATA[<b>Swapmeet</b><br><i>Community</i><br>Thu 11th Jun<br>Phoenix Central Park<br>FREE<br><br>A market-style event for swapping items.<br><br><a href="https://sydneymusic.net/gig-guide">More info / tickets</a>]]></description>
      <styleUrl>#yellow-dot.png</styleUrl>
      <Point>
        <coordinates>151.1992895,-33.8862094,0</coordinates>
      </Point>
    </Placemark>
    <Placemark>
      <name>Godwin</name>
      <description><![CDATA[<b>Godwin</b><br><i>Music</i><br>Thu 11th Jun<br>Sappho Books, Cafe &amp; Bar<br>FREE<br><br>A performance or event featuring Godwin.<br><br><a href="https://sydneymusic.net/gig-guide">More info / tickets</a>]]></description>
      <styleUrl>#purple-dot.png</styleUrl>
      <Point>
        <coordinates>151.1914551,-33.8832148,0</coordinates>
      </Point>
    </Placemark>
    <Placemark>
      <name>Penny Red</name>
      <description><![CDATA[<b>Penny Red</b><br><i>Music</i><br>Thu 11th Jun<br>OAF Gallery @ Oxford Art Factory<br>Check site<br><br>Live music with Belrose and Annadine.<br><br><a href="https://sydneymusic.net/gig-guide">More info / tickets</a>]]></description>
      <styleUrl>#purple-dot.png</styleUrl>
      <Point>
        <coordinates>151.2137927,-33.8779851,0</coordinates>
      </Point>
    </Placemark>
    <Placemark>
      <name>Lost In The Woods</name>
      <description><![CDATA[<b>Lost In The Woods</b><br><i>Nightlife</i><br>Thu 11th Jun<br>Butchers Brew Bar<br>Check site<br><br>A themed event or performance.<br><br><a href="https://sydneymusic.net/gig-guide">More info / tickets</a>]]></description>
      <styleUrl>#purple-dot.png</styleUrl>
      <Point>
        <coordinates>151.2020336,-33.9116928,0</coordinates>
      </Point>
    </Placemark>
    <Placemark>
      <name>Twin Palace</name>
      <description><![CDATA[<b>Twin Palace</b><br><i>Music</i><br>Thu 11th Jun<br>Union Hotel<br>FREE<br><br>Live music with Textile Ranch and As Of Now.<br><br><a href="https://sydneymusic.net/gig-guide">More info / tickets</a>]]></description>
      <styleUrl>#purple-dot.png</styleUrl>
      <Point>
        <coordinates>151.2049917,-33.8334199,0</coordinates>
      </Point>
    </Placemark>
    <Placemark>
      <name>Electronic Music Open Mic</name>
      <description><![CDATA[<b>Electronic Music Open Mic</b><br><i>Music</i><br>Thu 11th Jun<br>Mothership Studios<br>PWYC<br><br>An open mic night for electronic music artists.<br><br><a href="https://sydneymusic.net/gig-guide">More info / tickets</a>]]></description>
      <styleUrl>#purple-dot.png</styleUrl>
      <Point>
        <coordinates>151.1635403,-33.9122465,0</coordinates>
      </Point>
    </Placemark>
    <Placemark>
      <name>Awa Mbaye</name>
      <description><![CDATA[<b>Awa Mbaye</b><br><i>Music</i><br>Thu 11th Jun<br>Razz Room<br>FREE<br><br>Live performance by Awa Mbaye with DJ sets.<br><br><a href="https://sydneymusic.net/gig-guide">More info / tickets</a>]]></description>
      <styleUrl>#purple-dot.png</styleUrl>
      <Point>
        <coordinates>151.2155075,-33.8574883,0</coordinates>
      </Point>
    </Placemark>
    <Placemark>
      <name>Mei Semones</name>
      <description><![CDATA[<b>Mei Semones</b><br><i>Music</i><br>Thu 11th Jun<br>The Lansdowne, 2-6 City Rd, Chippendale<br>Check site<br><br>Live performance by Mei Semones with Local Tough Guy.<br><br><a href="https://sydneymusic.net/gig-guide">More info / tickets</a>]]></description>
      <styleUrl>#purple-dot.png</styleUrl>
      <Point>
        <coordinates>151.1948689,-33.884762,0</coordinates>
      </Point>
    </Placemark>
    <Placemark>
      <name>Clara La San</name>
      <description><![CDATA[<b>Clara La San</b><br><i>Music</i><br>Thu 11th Jun<br>Metro Theatre, Sydney<br>Free<br><br>UK artist Clara La San performs live.<br><br><a href="https://www.metrotheatre.com.au/event/clara-la-san/">More info / tickets</a>]]></description>
      <styleUrl>#purple-dot.png</styleUrl>
      <Point>
        <coordinates>151.206749,-33.8757544,0</coordinates>
      </Point>
    </Placemark>
    <Placemark>
      <name>For Clift</name>
      <description><![CDATA[<b>For Clift</b><br><i>Music</i><br>Thu 11th Jun<br>MoshPit Bar<br>$6.61<br><br>Live music with Nick Winters and Cismic.<br><br><a href="https://www.eventbrite.com/e/for-clift-nick-winters-cismic-tickets-1990298851442">More info / tickets</a>]]></description>
      <styleUrl>#purple-dot.png</styleUrl>
      <Point>
        <coordinates>151.204081,-33.871194,0</coordinates>
      </Point>
    </Placemark>
    <Placemark>
      <name>Daniel Avery</name>
      <description><![CDATA[<b>Daniel Avery</b><br><i>Music</i><br>Thu 11th Jun<br>City Recital Hall, Sydney<br>$89.90<br><br>Daniel Avery returns with a new album Tremor, a bold and transportive body of work through euphoric shoegaze, submerged techno, ambient soundscape and industrial bliss.<br><br><a href="https://www.cityrecitalhall.com/whats-on/events/daniel-avery-live/">More info / tickets</a>]]></description>
      <styleUrl>#purple-dot.png</styleUrl>
      <Point>
        <coordinates>151.2078848,-33.8670193,0</coordinates>
      </Point>
    </Placemark>
    <Placemark>
      <name>Ev Jones</name>
      <description><![CDATA[<b>Ev Jones</b><br><i>Music</i><br>Thu 11th Jun<br>Palomino Lounge<br>FREE<br><br>Live music performance by Ev Jones.<br><br><a href="https://sydneymusic.net/gig-guide">More info / tickets</a>]]></description>
      <styleUrl>#purple-dot.png</styleUrl>
      <Point>
        <coordinates>151.2178865,-33.8690553,0</coordinates>
      </Point>
    </Placemark>
    <Placemark>
      <name>Darling Street</name>
      <description><![CDATA[<b>Darling Street</b><br><i>Music</i><br>Thu 11th Jun<br>Pleasure Club<br>FREE<br><br>Electronic music night with DJs Lunar Lagoon and Andy Lowe.<br><br><a href="https://sydneymusic.net/gig-guide">More info / tickets</a>]]></description>
      <styleUrl>#purple-dot.png</styleUrl>
      <Point>
        <coordinates>151.1880531,-33.8739578,0</coordinates>
      </Point>
    </Placemark>
    <Placemark>
      <name>Jacob Jean</name>
      <description><![CDATA[<b>Jacob Jean</b><br><i>Music</i><br>Thu 11th Jun<br>Gasoline Pony, Rozelle<br>Free<br><br>Jacob Thomas is playing a free show. He's got a pretty wide range—acoustic, alternative rock, folk, contemporary R&amp;B, top 40 stuff, and traditional pop. If you like a mix of different sounds, it's worth checking out. No cover charge to get in, so come through if you're around.<br><br><a href="https://surreal.live/en-au/events/sydney">More info / tickets</a>]]></description>
      <styleUrl>#purple-dot.png</styleUrl>
      <Point>
        <coordinates>151.1608303,-33.9124405,0</coordinates>
      </Point>
    </Placemark>
    <Placemark>
      <name>Stravinsky’s The Firebird</name>
      <description><![CDATA[<b>Stravinsky’s The Firebird</b><br><i>Music</i><br>Thu 11th Jun – Sat 13th Jun<br>Concert Hall, Sydney Opera House<br>Check site<br><br>A classical music performance of Stravinsky’s iconic ballet.<br><br><a href="https://www.sydneyoperahouse.com/whats-on">More info / tickets</a>]]></description>
      <styleUrl>#purple-dot.png</styleUrl>
      <Point>
        <coordinates>151.214847,-33.856629,0</coordinates>
      </Point>
    </Placemark>
    <Placemark>
      <name>Scary Piece of Work</name>
      <description><![CDATA[<b>Scary Piece of Work</b><br><i>Theatre</i><br>Thu 11th Jun – Sat 13th Jun<br>Studio, Sydney Opera House<br>Check site<br><br>A theatrical performance with a spooky theme.<br><br><a href="https://www.sydneyoperahouse.com/whats-on">More info / tickets</a>]]></description>
      <styleUrl>#blue-dot.png</styleUrl>
      <Point>
        <coordinates>151.214847,-33.856629,0</coordinates>
      </Point>
    </Placemark>
    <Placemark>
      <name>LightsUp Drama Festival 2026</name>
      <description><![CDATA[<b>LightsUp Drama Festival 2026</b><br><i>Theatre</i><br>Thu 11th Jun<br>The Joan, Theatre<br>Check site<br><br>A festival showcasing dramatic performances by The Arts Unit.<br><br><a href="https://www.thejoan.com.au/whats-on">More info / tickets</a>]]></description>
      <styleUrl>#blue-dot.png</styleUrl>
      <Point>
        <coordinates>151.215534,-33.856671,0</coordinates>
      </Point>
    </Placemark>
    <Placemark>
      <name>Skeleten + Ashkan Shafiei</name>
      <description><![CDATA[<b>Skeleten + Ashkan Shafiei</b><br><i>Music</i><br>Thu 11th Jun<br>Darling Harbour, Sydney<br>Free<br><br>Sydney's innovative underground takes Tumbalong Nights, with Skeleten's cerebral dance music and Ashkan Shafiei's jazz and funk-fused take on Persian folk.Skeleten...<br><br><a href="https://www.vividsydney.com/programs/free-events">More info / tickets</a>]]></description>
      <styleUrl>#purple-dot.png</styleUrl>
      <Point>
        <coordinates>151.1995619,-33.8675516,0</coordinates>
      </Point>
    </Placemark>
    <Placemark>
      <name>Surry Hills Probus Club outing</name>
      <description><![CDATA[<b>Surry Hills Probus Club outing</b><br><i>Community</i><br>Thu 11th Jun<br>Museum of Contemporary Art, The Rocks<br>Free<br><br>A group outing to the Museum of Contemporary Art.<br><br><a href="https://whatson.cityofsydney.nsw.gov.au/events/surry-hills-probus-club-outing">More info / tickets</a>]]></description>
      <styleUrl>#yellow-dot.png</styleUrl>
      <Point>
        <coordinates>151.2089549,-33.8599598,0</coordinates>
      </Point>
    </Placemark>
    <Placemark>
      <name>Designing What Matters: Creativity Talk</name>
      <description><![CDATA[<b>Designing What Matters: Creativity Talk</b><br><i>Arts &amp; Culture</i><br>Thu 11th Jun<br>State Library of NSW, Sydney<br>Free<br><br>American designer and author Debbie Millman unpacks the insights into creativity, success and connection.<br><br><a href="https://whatson.cityofsydney.nsw.gov.au/events/designing-what-matters-how-creativity-shapes-a-life">More info / tickets</a>]]></description>
      <styleUrl>#orange-dot.png</styleUrl>
      <Point>
        <coordinates>151.2036882,-33.8848313,0</coordinates>
      </Point>
    </Placemark>
    <Placemark>
      <name>Chunky Move's U&gt;N&gt;I&gt;T&gt;E&gt;D</name>
      <description><![CDATA[<b>Chunky Move's U&gt;N&gt;I&gt;T&gt;E&gt;D</b><br><i>Theatre</i><br>Thu 11th Jun – Mon 15th Jun<br>Carriageworks, Eveleigh<br>Free<br><br>An epic performance, fusing dance, sound and design in a powerful vision of machine mysticism.<br><br><a href="https://whatson.cityofsydney.nsw.gov.au/events/chunky-moves-u-greater-than-n-greater-than-i-greater-than-t-greater-than-e">More info / tickets</a>]]></description>
      <styleUrl>#blue-dot.png</styleUrl>
      <Point>
        <coordinates>151.1916021,-33.8941553,0</coordinates>
      </Point>
    </Placemark>
    <Placemark>
      <name>PERUTONAZO: Festival of Independence</name>
      <description><![CDATA[<b>PERUTONAZO: Festival of Independence</b><br><i>Cultural</i><br>Thu 11th Jun<br>Factory Theatre, Marrickville<br>Check site<br><br>Peruvian Independence celebration with music, food, and dance.<br><br><a href="https://www.factorytheatre.com.au/event/perutonazo-el-festival-de-la-independencia/">More info / tickets</a>]]></description>
      <styleUrl>#orange-dot.png</styleUrl>
      <Point>
        <coordinates>151.1652639,-33.9057026,0</coordinates>
      </Point>
    </Placemark>
    <Placemark>
      <name>Ultimo TAFE Music Showcase</name>
      <description><![CDATA[<b>Ultimo TAFE Music Showcase</b><br><i>Music</i><br>Thu 11th Jun<br>Lazybones Lounge Restaurant &amp; Bar, Marrickville<br>Check site<br><br>Mix of originals plus bangers from Stevie Nicks, Tame Impala, Guns and Roses, Blondie &amp; more<br><br><a href="https://lazyboneslounge.com.au/gigs/">More info / tickets</a>]]></description>
      <styleUrl>#purple-dot.png</styleUrl>
      <Point>
        <coordinates>151.1558,-33.9061564,0</coordinates>
      </Point>
    </Placemark>
    <Placemark>
      <name>Penny Red</name>
      <description><![CDATA[<b>Penny Red</b><br><i>Music</i><br>Thu 11th Jun<br>GALLERY BAR, Sydney<br>Check site<br><br>Live performance by Penny Red.<br><br><a href="https://oxfordartfactory.com/events/">More info / tickets</a>]]></description>
      <styleUrl>#purple-dot.png</styleUrl>
      <Point>
        <coordinates>151.1913429,-33.8890049,0</coordinates>
      </Point>
    </Placemark>
    <Placemark>
      <name>Obsession</name>
      <description><![CDATA[<b>Obsession</b><br><i>Theatre</i><br>Thu 11th Jun<br>Govindas, Darlinghurst<br>Check site<br><br>An immersive or performance event at Govindas.<br><br><a href="https://www.govindas.com.au/movies">More info / tickets</a>]]></description>
      <styleUrl>#blue-dot.png</styleUrl>
      <Point>
        <coordinates>151.2215905,-33.8764268,0</coordinates>
      </Point>
    </Placemark>
    <Placemark>
      <name>Backrooms</name>
      <description><![CDATA[<b>Backrooms</b><br><i>Theatre</i><br>Thu 11th Jun<br>Govindas, Darlinghurst<br>From $42<br><br>⭐ Give the gift of magic! Ballet of Lights has arrived, bringing a dazzling performance where classical dance meets glowing, illuminated costumes. Treat someone special to an unforgettable experience with Ballet of Lights: A Sparkling Show! Highlights 🩰 Talented dancers bring the stage to li<br><br><a href="https://feverup.com/en/sydney">More info / tickets</a>]]></description>
      <styleUrl>#blue-dot.png</styleUrl>
      <Point>
        <coordinates>151.2215905,-33.8764268,0</coordinates>
      </Point>
    </Placemark>
    <Placemark>
      <name>Chunky Move: U&gt;N&gt;I&gt;T&gt;E&gt;D</name>
      <description><![CDATA[<b>Chunky Move: U&gt;N&gt;I&gt;T&gt;E&gt;D</b><br><i>Theatre</i><br>Thu 11th Jun – Sun 14th Jun<br>Bay 20, Carriageworks, 245 Wilson Street, Eveleigh, Eveleigh<br>From $44 (booking fee applies)<br><br>Six dancers perform in animatronic exoskeletons, moving to a thunderous score by experimental Balinese artists Gabber Modus Operandi.<br><br><a href="https://sydneyexpert.com/sydney-in-june/">More info / tickets</a>]]></description>
      <styleUrl>#blue-dot.png</styleUrl>
      <Point>
        <coordinates>151.1916021,-33.8941553,0</coordinates>
      </Point>
    </Placemark>
    <Placemark>
      <name>Mackenzie</name>
      <description><![CDATA[<b>Mackenzie</b><br><i>Theatre</i><br>Thu 11th Jun – Thu 18th Jun<br>The Neilson Nutshell, Pier 2/3, Walsh Bay, Walsh Bay<br>From $78<br><br>A darkly comic reimagining of Macbeth set in early 2000s kids' TV.<br><br><a href="https://sydneyexpert.com/sydney-in-june/">More info / tickets</a>]]></description>
      <styleUrl>#blue-dot.png</styleUrl>
      <Point>
        <coordinates>151.209421,-33.868633,0</coordinates>
      </Point>
    </Placemark>
    <Placemark>
      <name>Mitch Cairns: Artist's Mouth</name>
      <description><![CDATA[<b>Mitch Cairns: Artist's Mouth</b><br><i>Arts &amp; Culture</i><br>Thu 11th Jun – Sat 11th Jul<br>The National Art School, Darlinghurst NSW 2010<br>Check site<br><br>Mitch Cairns: Artist's Mouth, a major survey exhibition of work by Sydney-based painter and Archibald Prize winner Mitch...<br><br><a href="https://www.experiencesydneyaustralia.com/whats-on/events/">More info / tickets</a>]]></description>
      <styleUrl>#orange-dot.png</styleUrl>
      <Point>
        <coordinates>151.2133703,-33.8749911,0</coordinates>
      </Point>
    </Placemark>
    <Placemark>
      <name>Beastwars</name>
      <description><![CDATA[<b>Beastwars</b><br><i>Music</i><br>Thu 11th Jun<br>Manning Bar, Camperdown, NSW, Australia<br>Check site<br><br>Live music event featuring the band Beastwars.<br><br><a href="https://www.songkick.com/metro-areas/26794-australia-sydney/2026">More info / tickets</a>]]></description>
      <styleUrl>#purple-dot.png</styleUrl>
      <Point>
        <coordinates>151.1877094,-33.8869318,0</coordinates>
      </Point>
    </Placemark>
    <Placemark>
      <name>The Spooky Men's Chorale</name>
      <description><![CDATA[<b>The Spooky Men's Chorale</b><br><i>Music</i><br>Thu 11th Jun<br>Enmore Theatre, Enmore<br>Check site<br><br>Live performance by the Spooky Men's Chorale.<br><br><a href="https://www.songkick.com/metro-areas/26794-australia-sydney/2026">More info / tickets</a>]]></description>
      <styleUrl>#purple-dot.png</styleUrl>
      <Point>
        <coordinates>151.1742479,-33.8990063,0</coordinates>
      </Point>
    </Placemark>
    <Placemark>
      <name>Aaron Blakey Quartet</name>
      <description><![CDATA[<b>Aaron Blakey Quartet</b><br><i>Music</i><br>Thu 11th Jun<br>Botany View Hotel, NEWTOWN<br>$20<br><br>Jazz performance by the Aaron Blakey Quartet.<br><br><a href="https://sydneyjazzclub.org.au/gig-guide/">More info / tickets</a>]]></description>
      <styleUrl>#purple-dot.png</styleUrl>
      <Point>
        <coordinates>151.1807446,-33.9058534,0</coordinates>
      </Point>
    </Placemark>
    <Placemark>
      <name>Blue Avenue Quintet</name>
      <description><![CDATA[<b>Blue Avenue Quintet</b><br><i>Music</i><br>Thu 11th Jun<br>Sean &amp; Dolly’s Bar, WOOLLOOMOOLOO<br>Check site<br><br>Live jazz by the Blue Avenue Quintet.<br><br><a href="https://sydneyjazzclub.org.au/gig-guide/">More info / tickets</a>]]></description>
      <styleUrl>#purple-dot.png</styleUrl>
      <Point>
        <coordinates>151.221059,-33.8749336,0</coordinates>
      </Point>
    </Placemark>
    <Placemark>
      <name>Darren Heinrich &amp; Sam Rollins</name>
      <description><![CDATA[<b>Darren Heinrich &amp; Sam Rollins</b><br><i>Music</i><br>Thu 11th Jun<br>Rossco’s Bar @ Noble Craft Distillers, BROOKVALE<br>FREE<br><br>Live music performance by Darren Heinrich and Sam Rollins.<br><br><a href="https://sydneyjazzclub.org.au/gig-guide/">More info / tickets</a>]]></description>
      <styleUrl>#purple-dot.png</styleUrl>
      <Point>
        <coordinates>151.273423,-33.762602,0</coordinates>
      </Point>
    </Placemark>
    <Placemark>
      <name>Live Jazz Session with Kevin Hunt Trio</name>
      <description><![CDATA[<b>Live Jazz Session with Kevin Hunt Trio</b><br><i>Music</i><br>Thu 11th Jun<br>Dulcie’s Bar Kings Cross Bar, KINGS CROSS<br>$40<br><br>Jazz session featuring the Kevin Hunt Trio.<br><br><a href="https://sydneyjazzclub.org.au/gig-guide/">More info / tickets</a>]]></description>
      <styleUrl>#purple-dot.png</styleUrl>
      <Point>
        <coordinates>151.223133,-33.875823,0</coordinates>
      </Point>
    </Placemark>
    <Placemark>
      <name>Sabine Tapia Trio</name>
      <description><![CDATA[<b>Sabine Tapia Trio</b><br><i>Music</i><br>Thu 11th Jun<br>The Rocks Square, The Rocks<br>Check site<br><br>Live jazz performance by the Sabine Tapia Trio.<br><br><a href="https://sydneyjazzclub.org.au/gig-guide/">More info / tickets</a>]]></description>
      <styleUrl>#purple-dot.png</styleUrl>
      <Point>
        <coordinates>151.20407,-33.84895,0</coordinates>
      </Point>
    </Placemark>
    <Placemark>
      <name>Dumplings with the Artist</name>
      <description><![CDATA[<b>Dumplings with the Artist</b><br><i>Arts &amp; Culture</i><br>Thu 11th Jun<br>102/8 Quay St, Haymarket NSW 2000, Australia, Haymarket<br>Free<br><br>Please join us on 11 June from 6:30 PM for an artist talk &amp; dinner at Passage Gallery with Jack Ball<br><br><a href="https://whatson.cityofsydney.nsw.gov.au/events/dumplings-with-the-artist-or-jack-ball">More info / tickets</a>]]></description>
      <styleUrl>#orange-dot.png</styleUrl>
      <Point>
        <coordinates>151.2034445,-33.8810777,0</coordinates>
      </Point>
    </Placemark>
    <Placemark>
      <name>Kraken: Nemo's Revenge</name>
      <description><![CDATA[<b>Kraken: Nemo's Revenge</b><br><i>Arts &amp; Social</i><br>Thu 11th Jun<br>Escape This - Sydney CBD<br>From $49<br><br>Escape room challenge based on Nemo's Revenge.<br><br><a href="https://feverup.com/m/601728">More info / tickets</a>]]></description>
      <styleUrl>#yellow-dot.png</styleUrl>
      <Point>
        <coordinates>151.2114787,-33.8637087,0</coordinates>
      </Point>
    </Placemark>
    <Placemark>
      <name>Salt &amp; Pepper Squiz</name>
      <description><![CDATA[<b>Salt &amp; Pepper Squiz</b><br><i>Comedy</i><br>Thu 11th Jun<br>Mary's Underground, Sydney<br>From $69<br><br>Comedy show during Vivid Sydney.<br><br><a href="https://www.eventsinsydney.com/events/category/comedy/">More info / tickets</a>]]></description>
      <styleUrl>#blue-dot.png</styleUrl>
      <Point>
        <coordinates>151.2094332,-33.872037,0</coordinates>
      </Point>
    </Placemark>
    <Placemark>
      <name>Wh*remoans</name>
      <description><![CDATA[<b>Wh*remoans</b><br><i>Nightlife</i><br>Thu 11th Jun<br>2 Oxford St, Darlinghurst NSW 2010, Darlinghurst<br>Free<br><br>A party celebrating monstrous femmes and queer culture.<br><br><a href="https://whatson.cityofsydney.nsw.gov.au/events/wh-remoans">More info / tickets</a>]]></description>
      <styleUrl>#purple-dot.png</styleUrl>
      <Point>
        <coordinates>151.2195796,-33.881603,0</coordinates>
      </Point>
    </Placemark>
    <Placemark>
      <name>Bingay Pride Anthems</name>
      <description><![CDATA[<b>Bingay Pride Anthems</b><br><i>Nightlife</i><br>Thu 11th Jun<br>The Beresford Hotel, Surry Hills<br>Free<br><br>It's Pride Month! June's BINGAY will celebrate with a night of pure joy and the most iconic Pride anthems.<br><br><a href="https://whatson.cityofsydney.nsw.gov.au/events/country-bingay">More info / tickets</a>]]></description>
      <styleUrl>#purple-dot.png</styleUrl>
      <Point>
        <coordinates>151.212781,-33.885877,0</coordinates>
      </Point>
    </Placemark>
    <Placemark>
      <name>Elsa Daddo's Farewell Comedy Tour</name>
      <description><![CDATA[<b>Elsa Daddo's Farewell Comedy Tour</b><br><i>Comedy</i><br>Thu 11th Jun<br>The Chippo Hotel, Chippendale<br>Free<br><br>A one-night-only comedy show by Elsa Daddo.<br><br><a href="https://whatson.cityofsydney.nsw.gov.au/events/elsa-daddos-farewell-comedy-tour-one-stop-only">More info / tickets</a>]]></description>
      <styleUrl>#blue-dot.png</styleUrl>
      <Point>
        <coordinates>151.1986847,-33.8874295,0</coordinates>
      </Point>
    </Placemark>
    <Placemark>
      <name>Archibald, Wynne and Sulman Prizes 2026</name>
      <description><![CDATA[<b>Archibald, Wynne and Sulman Prizes 2026</b><br><i>Arts &amp; Culture</i><br>Thu 11th Jun – Sun 16th Aug<br>Art Gallery of New South Wales, Sydney<br>From $30 for adults<br><br>Annual art prizes showcasing portraiture, landscape, and genre painting, including public awards.<br><br><a href="https://sitchu.com.au/sydney/arts-culture/best-art-exhibitions-sydney">More info / tickets</a>]]></description>
      <styleUrl>#orange-dot.png</styleUrl>
      <Point>
        <coordinates>151.2174176,-33.8686067,0</coordinates>
      </Point>
    </Placemark>
    <Placemark>
      <name>Mike Hewson: The Key’s Under the Mat</name>
      <description><![CDATA[<b>Mike Hewson: The Key’s Under the Mat</b><br><i>Arts &amp; Culture</i><br>Thu 11th Jun – Sun 23rd Aug<br>Art Gallery of New South Wales, Sydney<br>Check site<br><br>Interactive art installation blending everyday materials with playful, communal exploration.<br><br><a href="https://sitchu.com.au/sydney/arts-culture/best-art-exhibitions-sydney">More info / tickets</a>]]></description>
      <styleUrl>#orange-dot.png</styleUrl>
      <Point>
        <coordinates>151.2174176,-33.8686067,0</coordinates>
      </Point>
    </Placemark>
    <Placemark>
      <name>Kate Mitchell: In the Eye of the Giant</name>
      <description><![CDATA[<b>Kate Mitchell: In the Eye of the Giant</b><br><i>Arts &amp; Culture</i><br>Thu 11th Jun – Tue 30th Jun<br>Art Gallery of New South Wales, Sydney<br>Check site<br><br>Digital art installation visualising emotions through intricate drawings by Sydney artist Kate Mitchell.<br><br><a href="https://sitchu.com.au/sydney/arts-culture/best-art-exhibitions-sydney">More info / tickets</a>]]></description>
      <styleUrl>#orange-dot.png</styleUrl>
      <Point>
        <coordinates>151.2174176,-33.8686067,0</coordinates>
      </Point>
    </Placemark>
    <Placemark>
      <name>Pressure: Architecture, Process and the Print Studio Opening</name>
      <description><![CDATA[<b>Pressure: Architecture, Process and the Print Studio Opening</b><br><i>Arts &amp; Culture</i><br>Thu 11th Jun<br>Tin Sheds Gallery, Darlington<br>Free<br><br>Exhibition opening exploring architecture and printmaking techniques.<br><br><a href="https://whatson.cityofsydney.nsw.gov.au/events/pressure-architecture-process-and-the-print-studio-opening">More info / tickets</a>]]></description>
      <styleUrl>#orange-dot.png</styleUrl>
      <Point>
        <coordinates>151.1919009,-33.8886947,0</coordinates>
      </Point>
    </Placemark>
    <Placemark>
      <name>Shaunagh Ashby &amp; Tory Epworth Exhibition</name>
      <description><![CDATA[<b>Shaunagh Ashby &amp; Tory Epworth Exhibition</b><br><i>Arts &amp; Culture</i><br>Thu 11th Jun – Tue 16th Jun<br>112 Glebe Point Rd, Glebe NSW 2037, Australia, Glebe<br>Free<br><br>Resonance is an exhibition by emerging artists exploring the interaction of light on colour and form.<br><br><a href="https://whatson.cityofsydney.nsw.gov.au/events/shaunagh-ashby-and-tory-epworth-exhibition">More info / tickets</a>]]></description>
      <styleUrl>#orange-dot.png</styleUrl>
      <Point>
        <coordinates>151.1888905,-33.8817508,0</coordinates>
      </Point>
    </Placemark>
    <Placemark>
      <name>Marc by Sofia</name>
      <description><![CDATA[<b>Marc by Sofia</b><br><i>Arts &amp; Culture</i><br>Thu 11th Jun<br>Event Cinemas George Street, Sydney CBD<br>$27.50<br><br>A personal portrait of the iconic designer Marc Jacobs by renowned director Sofia Coppola.<br><br><a href="https://www.sydneytravelguide.com.au/sydney-film-festival-guide-dates-top-events-and-tickets/">More info / tickets</a>]]></description>
      <styleUrl>#orange-dot.png</styleUrl>
      <Point>
        <coordinates>151.2071686,-33.8666807,0</coordinates>
      </Point>
    </Placemark>
    <Placemark>
      <name>Filipinana</name>
      <description><![CDATA[<b>Filipinana</b><br><i>Theatre</i><br>Thu 11th Jun<br>Dendy Newtown, Newtown<br>$27.50<br><br>A film following Isabel, a teenage ‘tee girl’ working at an exclusive country club outside Manila.<br><br><a href="https://www.sydneytravelguide.com.au/sydney-film-festival-guide-dates-top-events-and-tickets/">More info / tickets</a>]]></description>
      <styleUrl>#blue-dot.png</styleUrl>
      <Point>
        <coordinates>151.1804038,-33.8959356,0</coordinates>
      </Point>
    </Placemark>
    <Placemark>
      <name>Black Rabbit, White Rabbit</name>
      <description><![CDATA[<b>Black Rabbit, White Rabbit</b><br><i>Arts &amp; Culture</i><br>Thu 11th Jun<br>Event Cinemas George Street, Sydney<br>Check site<br><br>Three dreamlike stories collide in this meta-narrative film.<br><br><a href="https://www.sff.org.au/program/event/black-rabbit-white-rabbit/">More info / tickets</a>]]></description>
      <styleUrl>#orange-dot.png</styleUrl>
      <Point>
        <coordinates>151.2071686,-33.8666807,0</coordinates>
      </Point>
    </Placemark>
    <Placemark>
      <name>Glow For Good Charity Event</name>
      <description><![CDATA[<b>Glow For Good Charity Event</b><br><i>Community</i><br>Thu 11th Jun<br>258-272 Illawarra Rd, Marrickville NSW 2204, Australia, Marrickville<br>Free<br><br>A charity event to raise funds for Feel Good Project.<br><br><a href="https://whatson.cityofsydney.nsw.gov.au/events/glow-for-good-by-feel-good-project">More info / tickets</a>]]></description>
      <styleUrl>#yellow-dot.png</styleUrl>
      <Point>
        <coordinates>151.1551445,-33.9113337,0</coordinates>
      </Point>
    </Placemark>
    <Placemark>
      <name>Newtown Open Mic Night</name>
      <description><![CDATA[<b>Newtown Open Mic Night</b><br><i>Nightlife</i><br>Thu 11th Jun<br>8:52 Newtown, Newtown<br>Free<br><br>A free evening of live music, poetry, and comedy performances.<br><br><a href="https://humanitix.com/au/events/au--nsw--sydney/free--thisweek">More info / tickets</a>]]></description>
      <styleUrl>#purple-dot.png</styleUrl>
      <Point>
        <coordinates>150.8916388,-33.9751661,0</coordinates>
      </Point>
    </Placemark>
    <Placemark>
      <name>Flourish &amp; Make</name>
      <description><![CDATA[<b>Flourish &amp; Make</b><br><i>Arts &amp; Culture</i><br>Thu 11th Jun<br>Mounties<br>Check site<br><br>A creative or craft workshop for all ages.<br><br><a href="https://humanitix.com/au/events/au--nsw--sydney/free--thisweek">More info / tickets</a>]]></description>
      <styleUrl>#orange-dot.png</styleUrl>
      <Point>
        <coordinates>150.9000823,-33.8971544,0</coordinates>
      </Point>
    </Placemark>
    <Placemark>
      <name>ek Run Club</name>
      <description><![CDATA[<b>ek Run Club</b><br><i>Sport &amp; Fitness</i><br>Thu 11th Jun<br>Salesforce Tower entrance<br>Check site<br><br>A running club meeting at Salesforce Tower.<br><br><a href="https://humanitix.com/au/events/au--nsw--sydney/free--thisweek">More info / tickets</a>]]></description>
      <styleUrl>#ltblue-dot.png</styleUrl>
      <Point>
        <coordinates>151.209022,-33.86237,0</coordinates>
      </Point>
    </Placemark>
    <Placemark>
      <name>NSW Socialists Bread and Roses Caucus Launch</name>
      <description><![CDATA[<b>NSW Socialists Bread and Roses Caucus Launch</b><br><i>Community</i><br>Thu 11th Jun<br>Marrickville, Marrickville<br>Check site<br><br>A political caucus launch event for NSW Socialists.<br><br><a href="https://humanitix.com/au/events/au--nsw--sydney/free--thisweek">More info / tickets</a>]]></description>
      <styleUrl>#yellow-dot.png</styleUrl>
      <Point>
        <coordinates>151.1705601,-33.9099511,0</coordinates>
      </Point>
    </Placemark>
    <Placemark>
      <name>BLANK CANVAS 001</name>
      <description><![CDATA[<b>BLANK CANVAS 001</b><br><i>Arts &amp; Culture</i><br>Thu 11th Jun<br>Surry Hills, Surry Hills<br>Check site<br><br>An art or creative event with a blank canvas theme.<br><br><a href="https://humanitix.com/au/events/au--nsw--sydney/free--thisweek">More info / tickets</a>]]></description>
      <styleUrl>#orange-dot.png</styleUrl>
      <Point>
        <coordinates>151.2078488,-33.8844161,0</coordinates>
      </Point>
    </Placemark>
    <Placemark>
      <name>Into the Wild Group Photography Exhibition</name>
      <description><![CDATA[<b>Into the Wild Group Photography Exhibition</b><br><i>Arts &amp; Culture</i><br>Fri 12th Jun – Tue 16th Jun<br>m2 gallery, Redfern, Surry Hills, Green Square<br>See the website for tickets to the opening night preview<br><br>A photography exhibition exploring wildness in landscapes, seascapes, and urban environments.<br><br><a href="https://www.art-almanac.com.au/whats-on/sydney">More info / tickets</a>]]></description>
      <styleUrl>#orange-dot.png</styleUrl>
      <Point>
        <coordinates>151.202436,-33.906199,0</coordinates>
      </Point>
    </Placemark>
    <Placemark>
      <name>Roxane Gay: In Conversation</name>
      <description><![CDATA[<b>Roxane Gay: In Conversation</b><br><i>Arts &amp; Culture</i><br>Fri 12th Jun<br>City Recital Hall, Sydney<br>$39<br><br>Author Roxane Gay discusses her work with a journalist.<br><br><a href="https://www.cityrecitalhall.com/whats-on/events/roxane-gay-in-conversation/">More info / tickets</a>]]></description>
      <styleUrl>#orange-dot.png</styleUrl>
      <Point>
        <coordinates>151.2078848,-33.8670193,0</coordinates>
      </Point>
    </Placemark>
    <Placemark>
      <name>For Your Safe Keeping: Skin on Skin</name>
      <description><![CDATA[<b>For Your Safe Keeping: Skin on Skin</b><br><i>Music</i><br>Fri 12th Jun<br>Carriageworks, Eveleigh NSW 2042<br>FROM $99<br><br>Skin On Skin and his very own Stay On Sight Recordings present the debut edition of FOR YOUR SAFE KEEPING<br><br><a href="https://carriageworks.com.au/events/skin-on-skin-presents-for-your-safe-keeping/">More info / tickets</a>]]></description>
      <styleUrl>#purple-dot.png</styleUrl>
      <Point>
        <coordinates>151.1916021,-33.8941553,0</coordinates>
      </Point>
    </Placemark>
    <Placemark>
      <name>Edgar Allan Poe Speakeasy</name>
      <description><![CDATA[<b>Edgar Allan Poe Speakeasy</b><br><i>Nightlife</i><br>Fri 12th Jun<br>Albert Palais Events, Leichhardt<br>From $65<br><br>Immersive cocktail night inspired by Edgar Allan Poe.<br><br><a href="https://feverup.com/m/651994">More info / tickets</a>]]></description>
      <styleUrl>#purple-dot.png</styleUrl>
      <Point>
        <coordinates>151.1612712,-33.8876314,0</coordinates>
      </Point>
    </Placemark>
    <Placemark>
      <name>PANSIE Drag Cabaret</name>
      <description><![CDATA[<b>PANSIE Drag Cabaret</b><br><i>Arts &amp; Culture</i><br>Fri 12th Jun<br>Factory Theatre, Marrickville, NSW<br>Check site<br><br>Drag cabaret showcasing Australia's top drag talent.<br><br><a href="https://www.factorytheatre.com.au/event/pansie-3/">More info / tickets</a>]]></description>
      <styleUrl>#orange-dot.png</styleUrl>
      <Point>
        <coordinates>151.2075264,-33.8709129,0</coordinates>
      </Point>
    </Placemark>
    <Placemark>
      <name>Pseudo Echo Live</name>
      <description><![CDATA[<b>Pseudo Echo Live</b><br><i>Music</i><br>Fri 12th Jun<br>Factory Theatre, Marrickville, NSW<br>Check site<br><br>A dynamic six-piece band performing funk hits on tour.<br><br><a href="https://www.factorytheatre.com.au/event/pseudo-echo-3/">More info / tickets</a>]]></description>
      <styleUrl>#purple-dot.png</styleUrl>
      <Point>
        <coordinates>151.2075264,-33.8709129,0</coordinates>
      </Point>
    </Placemark>
    <Placemark>
      <name>Bois Night Out</name>
      <description><![CDATA[<b>Bois Night Out</b><br><i>Nightlife</i><br>Fri 12th Jun<br>Factory Theatre, Marrickville, NSW<br>Free<br><br>A fun night out with friends.<br><br><a href="https://www.factorytheatre.com.au/event/bois-night-out-june/">More info / tickets</a>]]></description>
      <styleUrl>#purple-dot.png</styleUrl>
      <Point>
        <coordinates>151.2075264,-33.8709129,0</coordinates>
      </Point>
    </Placemark>
    <Placemark>
      <name>Food &amp; drink</name>
      <description><![CDATA[<b>Food &amp; drink</b><br><i>Food &amp; Drink</i><br>Fri 12th Jun<br>More<br>$20<br><br>Guide to Sydney's food and drink scene.<br><br><a href="https://www.cityofsydney.nsw.gov.au/talks-courses-workshops/events-guide">More info / tickets</a>]]></description>
      <styleUrl>#red-dot.png</styleUrl>
      <Point>
        <coordinates>151.2732099,-33.7629721,0</coordinates>
      </Point>
    </Placemark>
    <Placemark>
      <name>Dami Im</name>
      <description><![CDATA[<b>Dami Im</b><br><i>Music</i><br>Fri 12th Jun<br>The Vanguard, 42 King St<br>Check site<br><br>Live performance by Australian singer Dami Im.<br><br><a href="https://www.gig-guide.co.uk/au/sydney-nsw">More info / tickets</a>]]></description>
      <styleUrl>#purple-dot.png</styleUrl>
      <Point>
        <coordinates>151.186362,-33.8928011,0</coordinates>
      </Point>
    </Placemark>
    <Placemark>
      <name>FOXY SHAZAM</name>
      <description><![CDATA[<b>FOXY SHAZAM</b><br><i>Music</i><br>Fri 12th Jun<br>Manning Bar, Manning Rd<br>Check site<br><br>Live performance by the rock band FOXY SHAZAM.<br><br><a href="https://www.gig-guide.co.uk/au/sydney-nsw">More info / tickets</a>]]></description>
      <styleUrl>#purple-dot.png</styleUrl>
      <Point>
        <coordinates>151.2448262,-33.8816605,0</coordinates>
      </Point>
    </Placemark>
    <Placemark>
      <name>WAO Superclub</name>
      <description><![CDATA[<b>WAO Superclub</b><br><i>Nightlife</i><br>Fri 12th Jun<br>ivy Sydney, 330 George Street<br>Check site<br><br>A night of electronic music and dancing at Ivy Sydney.<br><br><a href="https://www.gig-guide.co.uk/au/sydney-nsw">More info / tickets</a>]]></description>
      <styleUrl>#purple-dot.png</styleUrl>
      <Point>
        <coordinates>151.2075761,-33.8666105,0</coordinates>
      </Point>
    </Placemark>
    <Placemark>
      <name>Winter Season</name>
      <description><![CDATA[<b>Winter Season</b><br><i>Theatre</i><br>Fri 12th Jun – Sat 13th Jun<br>Riverside Theatres, Parramatta<br>Check site<br><br>Young dancers perform classical and contemporary pieces.<br><br><a href="https://riversideparramatta.com.au/whats-on">More info / tickets</a>]]></description>
      <styleUrl>#blue-dot.png</styleUrl>
      <Point>
        <coordinates>151.0041951,-33.8102222,0</coordinates>
      </Point>
    </Placemark>
    <Placemark>
      <name>Simply West</name>
      <description><![CDATA[<b>Simply West</b><br><i>Music</i><br>Fri 12th Jun<br>Riverside Theatres, Parramatta<br>Check site<br><br>Country, rock, and soul music performance.<br><br><a href="https://riversideparramatta.com.au">More info / tickets</a>]]></description>
      <styleUrl>#purple-dot.png</styleUrl>
      <Point>
        <coordinates>151.0041951,-33.8102222,0</coordinates>
      </Point>
    </Placemark>
    <Placemark>
      <name>Friday DJ's (R&amp;B)</name>
      <description><![CDATA[<b>Friday DJ's (R&amp;B)</b><br><i>Nightlife</i><br>Fri 12th Jun<br>Barangaroo House, Barangaroo<br>Check site<br><br>R&amp;B DJ night at a stylish venue.<br><br><a href="https://surreal.live/en-au/events/sydney">More info / tickets</a>]]></description>
      <styleUrl>#purple-dot.png</styleUrl>
      <Point>
        <coordinates>151.2015096,-33.8656741,0</coordinates>
      </Point>
    </Placemark>
    <Placemark>
      <name>Drag Race Viewing Party</name>
      <description><![CDATA[<b>Drag Race Viewing Party</b><br><i>Nightlife</i><br>Fri 12th Jun<br>Universal Sydney, Darlinghurst<br>Check site<br><br>A social event to watch Drag Race together.<br><br><a href="https://surreal.live/en-au/events/sydney">More info / tickets</a>]]></description>
      <styleUrl>#purple-dot.png</styleUrl>
      <Point>
        <coordinates>151.2145189,-33.8789169,0</coordinates>
      </Point>
    </Placemark>
    <Placemark>
      <name>Friday Street Bar DJs</name>
      <description><![CDATA[<b>Friday Street Bar DJs</b><br><i>Nightlife</i><br>Fri 12th Jun<br>The Clock, Surry Hills<br>Check site<br><br>Live DJ sets at a local bar.<br><br><a href="https://surreal.live/en-au/events/sydney">More info / tickets</a>]]></description>
      <styleUrl>#purple-dot.png</styleUrl>
      <Point>
        <coordinates>151.2139079,-33.8864094,0</coordinates>
      </Point>
    </Placemark>
    <Placemark>
      <name>Oriana Live</name>
      <description><![CDATA[<b>Oriana Live</b><br><i>Music</i><br>Fri 12th Jun<br>The Squire's Landing, The Rocks<br>Check site<br><br>Live music performance at a local venue.<br><br><a href="https://surreal.live/en-au/events/sydney">More info / tickets</a>]]></description>
      <styleUrl>#purple-dot.png</styleUrl>
      <Point>
        <coordinates>151.209421,-33.868633,0</coordinates>
      </Point>
    </Placemark>
    <Placemark>
      <name>Friday Soloist</name>
      <description><![CDATA[<b>Friday Soloist</b><br><i>Music</i><br>Fri 12th Jun<br>Manly Boathouse, Manly<br>Check site<br><br>Live solo music performance.<br><br><a href="https://surreal.live/en-au/events/brisbane">More info / tickets</a>]]></description>
      <styleUrl>#purple-dot.png</styleUrl>
      <Point>
        <coordinates>151.221952,-33.863012,0</coordinates>
      </Point>
    </Placemark>
    <Placemark>
      <name>Poker</name>
      <description><![CDATA[<b>Poker</b><br><i>Nightlife</i><br>Fri 12th Jun<br>Morayfield Tavern, Caboolture South<br>Check site<br><br>A night of poker games and competition.<br><br><a href="https://surreal.live/en-au/events/brisbane">More info / tickets</a>]]></description>
      <styleUrl>#purple-dot.png</styleUrl>
      <Point>
        <coordinates>151.2074506,-33.8858282,0</coordinates>
      </Point>
    </Placemark>
    <Placemark>
      <name>Line Dancing</name>
      <description><![CDATA[<b>Line Dancing</b><br><i>Nightlife</i><br>Fri 12th Jun<br>Marquee Bar, Fortitude Valley<br>Check site<br><br>Join a fun line dancing session.<br><br><a href="https://surreal.live/en-au/events/brisbane">More info / tickets</a>]]></description>
      <styleUrl>#purple-dot.png</styleUrl>
      <Point>
        <coordinates>151.2073345,-33.8718524,0</coordinates>
      </Point>
    </Placemark>
    <Placemark>
      <name>Friday Kids Entertainment</name>
      <description><![CDATA[<b>Friday Kids Entertainment</b><br><i>Family</i><br>Fri 12th Jun<br>Paddington Ale House, Mount Hawthorn<br>Check site<br><br>Fun activities for children on Fridays.<br><br><a href="https://surreal.live/en-au/events/perth">More info / tickets</a>]]></description>
      <styleUrl>#green-dot.png</styleUrl>
      <Point>
        <coordinates>151.21083,-33.862403,0</coordinates>
      </Point>
    </Placemark>
    <Placemark>
      <name>Rooftop Friday</name>
      <description><![CDATA[<b>Rooftop Friday</b><br><i>Nightlife</i><br>Fri 12th Jun<br>437 Murray St, Perth<br>Check site<br><br>Rooftop event with drinks and views.<br><br><a href="https://surreal.live/en-au/events/perth">More info / tickets</a>]]></description>
      <styleUrl>#purple-dot.png</styleUrl>
      <Point>
        <coordinates>151.1080419,-33.8834789,0</coordinates>
      </Point>
    </Placemark>
    <Placemark>
      <name>Friday Music</name>
      <description><![CDATA[<b>Friday Music</b><br><i>Music</i><br>Fri 12th Jun<br>The Central, Butler<br>Check site<br><br>Live music performance on Fridays.<br><br><a href="https://surreal.live/en-au/events/perth">More info / tickets</a>]]></description>
      <styleUrl>#purple-dot.png</styleUrl>
      <Point>
        <coordinates>151.212363,-33.868862,0</coordinates>
      </Point>
    </Placemark>
    <Placemark>
      <name>Friday Afternoon Music</name>
      <description><![CDATA[<b>Friday Afternoon Music</b><br><i>Music</i><br>Fri 12th Jun<br>The Windsor Hotel, South Perth<br>Check site<br><br>Afternoon live music session.<br><br><a href="https://surreal.live/en-au/events/perth">More info / tickets</a>]]></description>
      <styleUrl>#purple-dot.png</styleUrl>
      <Point>
        <coordinates>151.207723,-33.867868,0</coordinates>
      </Point>
    </Placemark>
    <Placemark>
      <name>Arbour Friday Night DJs</name>
      <description><![CDATA[<b>Arbour Friday Night DJs</b><br><i>Nightlife</i><br>Fri 12th Jun<br>The Old Synagogue, Fremantle<br>Check site<br><br>DJ night with music and dancing.<br><br><a href="https://surreal.live/en-au/events/perth">More info / tickets</a>]]></description>
      <styleUrl>#purple-dot.png</styleUrl>
      <Point>
        <coordinates>151.212363,-33.868862,0</coordinates>
      </Point>
    </Placemark>
    <Placemark>
      <name>Pourhouse Acoustic</name>
      <description><![CDATA[<b>Pourhouse Acoustic</b><br><i>Music</i><br>Fri 12th Jun<br>Stories, Perth<br>Check site<br><br>Live acoustic music performance.<br><br><a href="https://surreal.live/en-au/events/perth">More info / tickets</a>]]></description>
      <styleUrl>#purple-dot.png</styleUrl>
      <Point>
        <coordinates>151.209421,-33.868633,0</coordinates>
      </Point>
    </Placemark>
    <Placemark>
      <name>Friday Night DJ</name>
      <description><![CDATA[<b>Friday Night DJ</b><br><i>Nightlife</i><br>Fri 12th Jun<br>Market Grounds, Perth<br>Check site<br><br>DJ spinning tracks for a night of dancing.<br><br><a href="https://surreal.live/en-au/events/perth">More info / tickets</a>]]></description>
      <styleUrl>#purple-dot.png</styleUrl>
      <Point>
        <coordinates>151.204395,-33.879634,0</coordinates>
      </Point>
    </Placemark>
    <Placemark>
      <name>Milly Acre Live</name>
      <description><![CDATA[<b>Milly Acre Live</b><br><i>Music</i><br>Fri 12th Jun<br>Baillie Hill, East Victoria Park<br>Check site<br><br>Live performance by Milly Acre.<br><br><a href="https://surreal.live/en-au/events/perth">More info / tickets</a>]]></description>
      <styleUrl>#purple-dot.png</styleUrl>
      <Point>
        <coordinates>151.200397,-33.888046,0</coordinates>
      </Point>
    </Placemark>
    <Placemark>
      <name>Friday Night with Damien Wicks</name>
      <description><![CDATA[<b>Friday Night with Damien Wicks</b><br><i>Music</i><br>Fri 12th Jun<br>Parkerville Tavern, Parkerville<br>Check site<br><br>Live performance by Damien Wicks.<br><br><a href="https://surreal.live/en-au/events/perth">More info / tickets</a>]]></description>
      <styleUrl>#purple-dot.png</styleUrl>
      <Point>
        <coordinates>151.2074506,-33.8858282,0</coordinates>
      </Point>
    </Placemark>
    <Placemark>
      <name>Disco Dinner Dancers</name>
      <description><![CDATA[<b>Disco Dinner Dancers</b><br><i>Nightlife</i><br>Fri 12th Jun<br>The Claremont Hotel, Claremont<br>Check site<br><br>Disco-themed dinner and dancing event.<br><br><a href="https://surreal.live/en-au/events/perth">More info / tickets</a>]]></description>
      <styleUrl>#purple-dot.png</styleUrl>
      <Point>
        <coordinates>151.207723,-33.867868,0</coordinates>
      </Point>
    </Placemark>
    <Placemark>
      <name>Live Acoustic</name>
      <description><![CDATA[<b>Live Acoustic</b><br><i>Music</i><br>Fri 12th Jun<br>The Marina Mindarie, Mindarie<br>Check site<br><br>Live acoustic music performance.<br><br><a href="https://surreal.live/en-au/events/perth">More info / tickets</a>]]></description>
      <styleUrl>#purple-dot.png</styleUrl>
      <Point>
        <coordinates>151.206749,-33.777784,0</coordinates>
      </Point>
    </Placemark>
    <Placemark>
      <name>Friday Acoustic</name>
      <description><![CDATA[<b>Friday Acoustic</b><br><i>Music</i><br>Fri 12th Jun<br>Parkside Hotel, Parkside<br>Check site<br><br>Live acoustic music performance.<br><br><a href="https://surreal.live/en-au/events/adelaide">More info / tickets</a>]]></description>
      <styleUrl>#purple-dot.png</styleUrl>
      <Point>
        <coordinates>151.2056755,-33.8689862,0</coordinates>
      </Point>
    </Placemark>
    <Placemark>
      <name>Friday Night Acoustic</name>
      <description><![CDATA[<b>Friday Night Acoustic</b><br><i>Music</i><br>Fri 12th Jun<br>Woolshed on Hindley, Adelaide<br>Check site<br><br>Live acoustic music in a relaxed setting.<br><br><a href="https://surreal.live/en-au/events/adelaide">More info / tickets</a>]]></description>
      <styleUrl>#purple-dot.png</styleUrl>
      <Point>
        <coordinates>151.210998,-33.886836,0</coordinates>
      </Point>
    </Placemark>
    <Placemark>
      <name>Horizons Bar Friday Night Acoustic</name>
      <description><![CDATA[<b>Horizons Bar Friday Night Acoustic</b><br><i>Music</i><br>Fri 12th Jun<br>Stamford Grand Adelaide Hotel, Glenelg<br>Check site<br><br>Live acoustic music at Horizons Bar.<br><br><a href="https://surreal.live/en-au/events/adelaide">More info / tickets</a>]]></description>
      <styleUrl>#purple-dot.png</styleUrl>
      <Point>
        <coordinates>151.209421,-33.868633,0</coordinates>
      </Point>
    </Placemark>
    <Placemark>
      <name>Friday Live Music</name>
      <description><![CDATA[<b>Friday Live Music</b><br><i>Music</i><br>Fri 12th Jun<br>The Duck, Coromandel Valley<br>Check site<br><br>Live music performances at a local venue.<br><br><a href="https://surreal.live/en-au/events/adelaide">More info / tickets</a>]]></description>
      <styleUrl>#purple-dot.png</styleUrl>
      <Point>
        <coordinates>151.20986,-33.8667102,0</coordinates>
      </Point>
    </Placemark>
    <Placemark>
      <name>Brett Gray</name>
      <description><![CDATA[<b>Brett Gray</b><br><i>Music</i><br>Fri 12th Jun<br>The Lodge Hotel, Brahma Lodge<br>Check site<br><br>A performance by Brett Gray.<br><br><a href="https://surreal.live/en-au/events/adelaide">More info / tickets</a>]]></description>
      <styleUrl>#purple-dot.png</styleUrl>
      <Point>
        <coordinates>151.184707,-33.884007,0</coordinates>
      </Point>
    </Placemark>
    <Placemark>
      <name>Friday Night Live Music</name>
      <description><![CDATA[<b>Friday Night Live Music</b><br><i>Music</i><br>Fri 12th Jun<br>Stamford Grand Adelaide Hotel, Glenelg<br>Check site<br><br>Live music performances at a hotel venue.<br><br><a href="https://surreal.live/en-au/events/adelaide">More info / tickets</a>]]></description>
      <styleUrl>#purple-dot.png</styleUrl>
      <Point>
        <coordinates>151.209421,-33.868633,0</coordinates>
      </Point>
    </Placemark>
    <Placemark>
      <name>Friday DJ</name>
      <description><![CDATA[<b>Friday DJ</b><br><i>Music</i><br>Fri 12th Jun<br>Cremorne Hotel, Unley<br>Check site<br><br>DJ sets at a local hotel.<br><br><a href="https://surreal.live/en-au/events/adelaide">More info / tickets</a>]]></description>
      <styleUrl>#purple-dot.png</styleUrl>
      <Point>
        <coordinates>151.22698,-33.84008,0</coordinates>
      </Point>
    </Placemark>
    <Placemark>
      <name>Karaoke Night</name>
      <description><![CDATA[<b>Karaoke Night</b><br><i>Nightlife</i><br>Fri 12th Jun<br>Waterloo Station Hotel, Paralowie<br>Check site<br><br>Sing your favorite songs with friends at this lively karaoke session.<br><br><a href="https://surreal.live/en-au/events/adelaide">More info / tickets</a>]]></description>
      <styleUrl>#purple-dot.png</styleUrl>
      <Point>
        <coordinates>151.2001304,-33.8971335,0</coordinates>
      </Point>
    </Placemark>
    <Placemark>
      <name>Latin Guitar</name>
      <description><![CDATA[<b>Latin Guitar</b><br><i>Music</i><br>Fri 12th Jun<br>Casa Publica, Christchurch Central City<br>Check site<br><br>Live Latin guitar performances.<br><br><a href="https://surreal.live/en-nz/events/christchurch">More info / tickets</a>]]></description>
      <styleUrl>#purple-dot.png</styleUrl>
      <Point>
        <coordinates>151.187371,-33.903967,0</coordinates>
      </Point>
    </Placemark>
    <Placemark>
      <name>Live Band</name>
      <description><![CDATA[<b>Live Band</b><br><i>Music</i><br>Fri 12th Jun – Sat 13th Jun<br>The Halswell, Halswell<br>Check site<br><br>A live music performance at The Halswell.<br><br><a href="https://surreal.live/en-nz/events/christchurch">More info / tickets</a>]]></description>
      <styleUrl>#purple-dot.png</styleUrl>
      <Point>
        <coordinates>151.212363,-33.868862,0</coordinates>
      </Point>
    </Placemark>
    <Placemark>
      <name>Friday Late Night DJs</name>
      <description><![CDATA[<b>Friday Late Night DJs</b><br><i>Nightlife</i><br>Fri 12th Jun<br>Original Sin, Christchurch Central City<br>Check site<br><br>Late-night DJs spinning tracks at Original Sin.<br><br><a href="https://surreal.live/en-nz/events/christchurch">More info / tickets</a>]]></description>
      <styleUrl>#purple-dot.png</styleUrl>
      <Point>
        <coordinates>151.2228739,-33.8725452,0</coordinates>
      </Point>
    </Placemark>
    <Placemark>
      <name>Live in the Beer Palace</name>
      <description><![CDATA[<b>Live in the Beer Palace</b><br><i>Music</i><br>Fri 12th Jun<br>Brewhemia, Edinburgh<br>Check site<br><br>Live music at Brewhemia.<br><br><a href="https://surreal.live/en-gb/events/edinburgh">More info / tickets</a>]]></description>
      <styleUrl>#purple-dot.png</styleUrl>
      <Point>
        <coordinates>151.208157,-33.87464,0</coordinates>
      </Point>
    </Placemark>
    <Placemark>
      <name>Boston Bar Friday</name>
      <description><![CDATA[<b>Boston Bar Friday</b><br><i>Nightlife</i><br>Fri 12th Jun – Sat 13th Jun<br>Boston Bar, Edinburgh<br>Check site<br><br>Live music or social event at Boston Bar.<br><br><a href="https://surreal.live/en-gb/events/edinburgh">More info / tickets</a>]]></description>
      <styleUrl>#purple-dot.png</styleUrl>
      <Point>
        <coordinates>151.204081,-33.871194,0</coordinates>
      </Point>
    </Placemark>
    <Placemark>
      <name>Ryan's FOLK</name>
      <description><![CDATA[<b>Ryan's FOLK</b><br><i>Music</i><br>Fri 12th Jun<br>Ryans of Edinburgh, Edinburgh<br>Check site<br><br>Folk music performance at Ryans of Edinburgh.<br><br><a href="https://surreal.live/en-gb/events/edinburgh">More info / tickets</a>]]></description>
      <styleUrl>#purple-dot.png</styleUrl>
      <Point>
        <coordinates>151.173504,-33.898932,0</coordinates>
      </Point>
    </Placemark>
    <Placemark>
      <name>Freddy's Edinburgh Lobby</name>
      <description><![CDATA[<b>Freddy's Edinburgh Lobby</b><br><i>Nightlife</i><br>Fri 12th Jun – Sat 13th Jun<br>Freddy's Edinburgh, Edinburgh<br>Check site<br><br>Social event or performance in the lobby of Freddy's Edinburgh.<br><br><a href="https://surreal.live/en-gb/events/edinburgh">More info / tickets</a>]]></description>
      <styleUrl>#purple-dot.png</styleUrl>
      <Point>
        <coordinates>151.208157,-33.87464,0</coordinates>
      </Point>
    </Placemark>
    <Placemark>
      <name>9-1</name>
      <description><![CDATA[<b>9-1</b><br><i>Music</i><br>Fri 12th Jun<br>The Newsroom Bar &amp; Eatery, Edinburgh<br>Check site<br><br>A music or performance event at The Newsroom Bar.<br><br><a href="https://surreal.live/en-gb/events/edinburgh">More info / tickets</a>]]></description>
      <styleUrl>#purple-dot.png</styleUrl>
      <Point>
        <coordinates>151.216964,-33.867791,0</coordinates>
      </Point>
    </Placemark>
    <Placemark>
      <name>Ryan's</name>
      <description><![CDATA[<b>Ryan's</b><br><i>Music</i><br>Fri 12th Jun<br>Ryans of Edinburgh, Edinburgh<br>Check site<br><br>A performance or event at Ryan's venue.<br><br><a href="https://surreal.live/en-gb/events/edinburgh">More info / tickets</a>]]></description>
      <styleUrl>#purple-dot.png</styleUrl>
      <Point>
        <coordinates>151.173504,-33.898932,0</coordinates>
      </Point>
    </Placemark>
    <Placemark>
      <name>Friday - Centre</name>
      <description><![CDATA[<b>Friday - Centre</b><br><i>Nightlife</i><br>Fri 12th Jun – Sat 13th Jun<br>Freddy's Edinburgh, Edinburgh<br>Check site<br><br>A Friday night event at Freddy's Edinburgh.<br><br><a href="https://surreal.live/en-gb/events/edinburgh">More info / tickets</a>]]></description>
      <styleUrl>#purple-dot.png</styleUrl>
      <Point>
        <coordinates>151.208157,-33.87464,0</coordinates>
      </Point>
    </Placemark>
    <Placemark>
      <name>Jackson 9:30-12</name>
      <description><![CDATA[<b>Jackson 9:30-12</b><br><i>Music</i><br>Fri 12th Jun<br>Jackson the Tailor, Edinburgh<br>Check site<br><br>Late-night music or performance at Jackson the Tailor.<br><br><a href="https://surreal.live/en-gb/events/edinburgh">More info / tickets</a>]]></description>
      <styleUrl>#purple-dot.png</styleUrl>
      <Point>
        <coordinates>151.1429954,-33.9267774,0</coordinates>
      </Point>
    </Placemark>
    <Placemark>
      <name>Greyfriars</name>
      <description><![CDATA[<b>Greyfriars</b><br><i>Cultural</i><br>Fri 12th Jun<br>Edinburgh<br>Check site<br><br>A historical or cultural event at Greyfriars.<br><br><a href="https://surreal.live/en-gb/events/edinburgh">More info / tickets</a>]]></description>
      <styleUrl>#orange-dot.png</styleUrl>
      <Point>
        <coordinates>151.208157,-33.87464,0</coordinates>
      </Point>
    </Placemark>
    <Placemark>
      <name>Haus DJ</name>
      <description><![CDATA[<b>Haus DJ</b><br><i>Nightlife</i><br>Fri 12th Jun – Sat 13th Jun<br>Brewhemia, Edinburgh<br>Check site<br><br>A DJ night with electronic music and dancing.<br><br><a href="https://surreal.live/en-gb/events/edinburgh">More info / tickets</a>]]></description>
      <styleUrl>#purple-dot.png</styleUrl>
      <Point>
        <coordinates>151.208157,-33.87464,0</coordinates>
      </Point>
    </Placemark>
    <Placemark>
      <name>Westside Friday</name>
      <description><![CDATA[<b>Westside Friday</b><br><i>Nightlife</i><br>Fri 12th Jun – Sat 13th Jun<br>Westside Rodeo, Edinburgh<br>Check site<br><br>A Friday night party with music and drinks.<br><br><a href="https://surreal.live/en-gb/events/edinburgh">More info / tickets</a>]]></description>
      <styleUrl>#purple-dot.png</styleUrl>
      <Point>
        <coordinates>151.208157,-33.87464,0</coordinates>
      </Point>
    </Placemark>
    <Placemark>
      <name>Bingo Before Canada Game</name>
      <description><![CDATA[<b>Bingo Before Canada Game</b><br><i>Community</i><br>Fri 12th Jun<br>Boxpark Liverpool, Liverpool<br>Check site<br><br>Themed bingo night with Drake and Celine Dion music before a Canada game.<br><br><a href="https://surreal.live/en-gb/events/manchester">More info / tickets</a>]]></description>
      <styleUrl>#yellow-dot.png</styleUrl>
      <Point>
        <coordinates>150.9276398,-33.9245421,0</coordinates>
      </Point>
    </Placemark>
    <Placemark>
      <name>DJ Set</name>
      <description><![CDATA[<b>DJ Set</b><br><i>Nightlife</i><br>Fri 12th Jun – Sat 13th Jun<br>Wilson's Social, Manchester<br>Check site<br><br>DJ set with classic party vibes at Wilson's Social.<br><br><a href="https://surreal.live/en-gb/events/manchester">More info / tickets</a>]]></description>
      <styleUrl>#purple-dot.png</styleUrl>
      <Point>
        <coordinates>151.1854993,-33.8852601,0</coordinates>
      </Point>
    </Placemark>
    <Placemark>
      <name>Pitch Live (Diplo)</name>
      <description><![CDATA[<b>Pitch Live (Diplo)</b><br><i>Music</i><br>Fri 12th Jun<br>Sound Dojo, Houston<br>Check site<br><br>A live music event featuring Diplo.<br><br><a href="https://surreal.live/en-us/events/houston">More info / tickets</a>]]></description>
      <styleUrl>#purple-dot.png</styleUrl>
      <Point>
        <coordinates>151.201957,-33.8760067,0</coordinates>
      </Point>
    </Placemark>
    <Placemark>
      <name>Abercrombie ROOFTOP</name>
      <description><![CDATA[<b>Abercrombie ROOFTOP</b><br><i>Nightlife</i><br>Fri 12th Jun – Sat 13th Jun<br>The Abercrombie Hotel, Chippendale<br>Check site<br><br>A rooftop event at The Abercrombie Hotel.<br><br><a href="https://surreal.live/en-au/event/the-abercrombie-hotel_abercrombie-rooftop-xxzaww">More info / tickets</a>]]></description>
      <styleUrl>#purple-dot.png</styleUrl>
      <Point>
        <coordinates>151.1987369,-33.8844932,0</coordinates>
      </Point>
    </Placemark>
    <Placemark>
      <name>Frenzy</name>
      <description><![CDATA[<b>Frenzy</b><br><i>Music</i><br>Fri 12th Jun<br>Gibbons Hotel, Te Aro<br>Check site<br><br>A night of high-energy music and entertainment.<br><br><a href="https://surreal.live/en-nz/events/wellington">More info / tickets</a>]]></description>
      <styleUrl>#purple-dot.png</styleUrl>
      <Point>
        <coordinates>151.198702,-33.893003,0</coordinates>
      </Point>
    </Placemark>
    <Placemark>
      <name>Loosies Superette DJ Sessions</name>
      <description><![CDATA[<b>Loosies Superette DJ Sessions</b><br><i>Nightlife</i><br>Fri 12th Jun<br>Loosies Superette, Te Aro<br>Check site<br><br>Friday night DJ sessions with a special leaving party.<br><br><a href="https://surreal.live/en-nz/events/wellington">More info / tickets</a>]]></description>
      <styleUrl>#purple-dot.png</styleUrl>
      <Point>
        <coordinates>151.209421,-33.868633,0</coordinates>
      </Point>
    </Placemark>
    <Placemark>
      <name>Dakota DJ Sessions</name>
      <description><![CDATA[<b>Dakota DJ Sessions</b><br><i>Nightlife</i><br>Fri 12th Jun<br>Dakota Bar, Te Aro<br>Check site<br><br>Friday night DJ sessions at Dakota Bar.<br><br><a href="https://surreal.live/en-nz/events/wellington">More info / tickets</a>]]></description>
      <styleUrl>#purple-dot.png</styleUrl>
      <Point>
        <coordinates>151.204081,-33.871194,0</coordinates>
      </Point>
    </Placemark>
    <Placemark>
      <name>Gibbons DJ Sessions</name>
      <description><![CDATA[<b>Gibbons DJ Sessions</b><br><i>Nightlife</i><br>Fri 12th Jun<br>Gibbons Hotel, Te Aro<br>Check site<br><br>Friday night DJ sessions at Gibbons Hotel.<br><br><a href="https://surreal.live/en-nz/events/wellington">More info / tickets</a>]]></description>
      <styleUrl>#purple-dot.png</styleUrl>
      <Point>
        <coordinates>151.198702,-33.893003,0</coordinates>
      </Point>
    </Placemark>
    <Placemark>
      <name>Will Messiha</name>
      <description><![CDATA[<b>Will Messiha</b><br><i>Music</i><br>Fri 12th Jun<br>The Abercrombie Hotel, Chippendale<br>Check site<br><br>Live performance by musician Will Messiha.<br><br><a href="https://surreal.live/en-au/venue/the-abercrombie-hotel">More info / tickets</a>]]></description>
      <styleUrl>#purple-dot.png</styleUrl>
      <Point>
        <coordinates>151.1987369,-33.8844932,0</coordinates>
      </Point>
    </Placemark>
    <Placemark>
      <name>CINTA</name>
      <description><![CDATA[<b>CINTA</b><br><i>Music</i><br>Fri 12th Jun<br>The Abercrombie Hotel, Chippendale<br>Check site<br><br>Live performance by artist CINTA.<br><br><a href="https://surreal.live/en-au/venue/the-abercrombie-hotel">More info / tickets</a>]]></description>
      <styleUrl>#purple-dot.png</styleUrl>
      <Point>
        <coordinates>151.1987369,-33.8844932,0</coordinates>
      </Point>
    </Placemark>
    <Placemark>
      <name>National 4x4 Outdoors Show</name>
      <description><![CDATA[<b>National 4x4 Outdoors Show</b><br><i>Arts &amp; Culture</i><br>Fri 12th Jun – Sun 14th Jun<br>Sydney Olympic Park, Sydney Olympic Park<br>Check site<br><br>An event for outdoor adventure enthusiasts with gear and activities.<br><br><a href="https://www.sydneyolympicpark.com.au/things-to-see-and-do">More info / tickets</a>]]></description>
      <styleUrl>#orange-dot.png</styleUrl>
      <Point>
        <coordinates>151.0676444,-33.8431422,0</coordinates>
      </Point>
    </Placemark>
    <Placemark>
      <name>Skin on Skin (SSD)</name>
      <description><![CDATA[<b>Skin on Skin (SSD)</b><br><i>Music</i><br>Fri 12th Jun<br>Carriageworks, Sydney, NSW, Australia<br>Free<br><br>Live electronic music event featuring international artists.<br><br><a href="https://allevents.in/sydney/live-music">More info / tickets</a>]]></description>
      <styleUrl>#purple-dot.png</styleUrl>
      <Point>
        <coordinates>151.1916021,-33.8941553,0</coordinates>
      </Point>
    </Placemark>
    <Placemark>
      <name>Ratchasima</name>
      <description><![CDATA[<b>Ratchasima</b><br><i>Music</i><br>Fri 12th Jun<br>Dead Set<br>FREE<br><br>Live music event with supporting acts Violet Harbour and Casual Affair.<br><br><a href="https://sydneymusic.net/gig-guide">More info / tickets</a>]]></description>
      <styleUrl>#purple-dot.png</styleUrl>
      <Point>
        <coordinates>151.0668745,-33.8470229,0</coordinates>
      </Point>
    </Placemark>
    <Placemark>
      <name>Last Light</name>
      <description><![CDATA[<b>Last Light</b><br><i>Music</i><br>Fri 12th Jun<br>White Bay Power Station<br>Check site<br><br>W/ Mei Semones (JPN), RONA., Acopia, Way Dynamic, New York (USA), Mastane (CAN), The Nikodimos Orchestra, Kidskin<br><br><a href="https://sydneymusic.net/gig-guide">More info / tickets</a>]]></description>
      <styleUrl>#purple-dot.png</styleUrl>
      <Point>
        <coordinates>151.1763669,-33.8669462,0</coordinates>
      </Point>
    </Placemark>
    <Placemark>
      <name>Lunar Lagoon</name>
      <description><![CDATA[<b>Lunar Lagoon</b><br><i>Music</i><br>Fri 12th Jun<br>Lazy Thinking<br>Free<br><br>Live music event featuring Thom Bastick and Louisa.<br><br><a href="https://sydneymusic.net/gig-guide">More info / tickets</a>]]></description>
      <styleUrl>#purple-dot.png</styleUrl>
      <Point>
        <coordinates>151.1436185,-33.9028662,0</coordinates>
      </Point>
    </Placemark>
    <Placemark>
      <name>The Fungas</name>
      <description><![CDATA[<b>The Fungas</b><br><i>Music</i><br>Fri 12th Jun<br>Gifts of Mercy Emporium<br>$17.19<br><br>Live music performance with Headfirst and Apocrypha.<br><br><a href="https://www.eventbrite.com/e/the-fungas-headfirst-apocrypha-gifts-of-mercy-emporium-tickets-1990570439770?aff=oddtdtcreator&amp;fbclid=PAVERFWASGKLNleHRuA2FlbQIxMABzcnRjBmFwcF9pZA8xMjQwMjQ1NzQyODc0MTQAAaeWhCbIm-j76V6xUWuTiMdP9VFLE45YHh91yt-PrdT-HeocAQ6rUPceVzS6pg_aem_lutVYoEa35oiDdpe1BMJww#location">More info / tickets</a>]]></description>
      <styleUrl>#purple-dot.png</styleUrl>
      <Point>
        <coordinates>151.002348,-33.807789,0</coordinates>
      </Point>
    </Placemark>
    <Placemark>
      <name>Poison the Well</name>
      <description><![CDATA[<b>Poison the Well</b><br><i>Music</i><br>Fri 12th Jun<br>Metro Theatre, Sydney<br>Free<br><br>Metal concert featuring Poison the Well and supporting acts.<br><br><a href="https://www.metrotheatre.com.au/event/poison-the-well/">More info / tickets</a>]]></description>
      <styleUrl>#purple-dot.png</styleUrl>
      <Point>
        <coordinates>151.206749,-33.8757544,0</coordinates>
      </Point>
    </Placemark>
    <Placemark>
      <name>The Jungle Giants</name>
      <description><![CDATA[<b>The Jungle Giants</b><br><i>Music</i><br>Fri 12th Jun<br>Enmore Theatre<br>Check site<br><br>Live music event with The Jungle Giants and supporting acts.<br><br><a href="https://sydneymusic.net/gig-guide">More info / tickets</a>]]></description>
      <styleUrl>#purple-dot.png</styleUrl>
      <Point>
        <coordinates>151.1742479,-33.8990063,0</coordinates>
      </Point>
    </Placemark>
    <Placemark>
      <name>Rachana Dahal</name>
      <description><![CDATA[<b>Rachana Dahal</b><br><i>Music</i><br>Fri 12th Jun<br>UNSW Roundhouse, Kensington<br>Free<br><br>Live music performance with supporting acts.<br><br><a href="https://whatson.cityofsydney.nsw.gov.au/events/rachana">More info / tickets</a>]]></description>
      <styleUrl>#purple-dot.png</styleUrl>
      <Point>
        <coordinates>151.233531,-33.917139,0</coordinates>
      </Point>
    </Placemark>
    <Placemark>
      <name>The Stewart Nestel Experience</name>
      <description><![CDATA[<b>The Stewart Nestel Experience</b><br><i>Music</i><br>Fri 12th Jun<br>Sappho Books, Cafe &amp; Bar<br>FREE<br><br>Live performance by Stewart Nestel.<br><br><a href="https://sydneymusic.net/gig-guide">More info / tickets</a>]]></description>
      <styleUrl>#purple-dot.png</styleUrl>
      <Point>
        <coordinates>151.1914551,-33.8832148,0</coordinates>
      </Point>
    </Placemark>
    <Placemark>
      <name>Perusalem</name>
      <description><![CDATA[<b>Perusalem</b><br><i>Music</i><br>Fri 12th Jun<br>OAF Gallery @ Oxford Art Factory<br>Check site<br><br>Live music with Luciana Santa Maria.<br><br><a href="https://sydneymusic.net/gig-guide">More info / tickets</a>]]></description>
      <styleUrl>#purple-dot.png</styleUrl>
      <Point>
        <coordinates>151.2137927,-33.8779851,0</coordinates>
      </Point>
    </Placemark>
    <Placemark>
      <name>Angel V Animal</name>
      <description><![CDATA[<b>Angel V Animal</b><br><i>Music</i><br>Fri 12th Jun<br>Sneaky Possum<br>Check site<br><br>Live music with supporting acts.<br><br><a href="https://sydneymusic.net/gig-guide">More info / tickets</a>]]></description>
      <styleUrl>#purple-dot.png</styleUrl>
      <Point>
        <coordinates>151.1989078,-33.8871632,0</coordinates>
      </Point>
    </Placemark>
    <Placemark>
      <name>Telopia</name>
      <description><![CDATA[<b>Telopia</b><br><i>Music</i><br>Fri 12th Jun<br>Low 302<br>Check site<br><br>Live music with supporting acts.<br><br><a href="https://sydneymusic.net/gig-guide">More info / tickets</a>]]></description>
      <styleUrl>#purple-dot.png</styleUrl>
      <Point>
        <coordinates>151.2151199,-33.880388,0</coordinates>
      </Point>
    </Placemark>
    <Placemark>
      <name>Supahoney</name>
      <description><![CDATA[<b>Supahoney</b><br><i>Music</i><br>Fri 12th Jun<br>The Burdekin<br>Check site<br><br>Live music performance with supporting acts.<br><br><a href="https://sydneymusic.net/gig-guide">More info / tickets</a>]]></description>
      <styleUrl>#purple-dot.png</styleUrl>
      <Point>
        <coordinates>151.212363,-33.868862,0</coordinates>
      </Point>
    </Placemark>
    <Placemark>
      <name>Faking Clever</name>
      <description><![CDATA[<b>Faking Clever</b><br><i>Comedy</i><br>Fri 12th Jun<br>Trocadero Room<br>FREE<br><br>Comedy show with supporting acts.<br><br><a href="https://sydneymusic.net/gig-guide">More info / tickets</a>]]></description>
      <styleUrl>#blue-dot.png</styleUrl>
      <Point>
        <coordinates>151.2155075,-33.8574883,0</coordinates>
      </Point>
    </Placemark>
    <Placemark>
      <name>Maisy</name>
      <description><![CDATA[<b>Maisy</b><br><i>Music</i><br>Fri 12th Jun<br>Rossco's Bar<br>FREE<br><br>Live music performance by Maisy.<br><br><a href="https://sydneymusic.net/gig-guide">More info / tickets</a>]]></description>
      <styleUrl>#purple-dot.png</styleUrl>
      <Point>
        <coordinates>151.204081,-33.871194,0</coordinates>
      </Point>
    </Placemark>
    <Placemark>
      <name>Freyja Garbett</name>
      <description><![CDATA[<b>Freyja Garbett</b><br><i>Music</i><br>Fri 12th Jun<br>Bondi Pavilion, Bondi<br>$45<br><br>Live performance by Freyja Garbett with Lisathe.<br><br><a href="https://sydneymusic.net/gig-guide">More info / tickets</a>]]></description>
      <styleUrl>#purple-dot.png</styleUrl>
      <Point>
        <coordinates>151.2775798,-33.8901046,0</coordinates>
      </Point>
    </Placemark>
    <Placemark>
      <name>Whateva</name>
      <description><![CDATA[<b>Whateva</b><br><i>Music</i><br>Fri 12th Jun<br>MoshPit Bar<br>Check site<br><br>Live music with The Cunning Linguists and Rosemary Sisters.<br><br><a href="https://sydneymusic.net/gig-guide">More info / tickets</a>]]></description>
      <styleUrl>#purple-dot.png</styleUrl>
      <Point>
        <coordinates>151.204081,-33.871194,0</coordinates>
      </Point>
    </Placemark>
    <Placemark>
      <name>ALT GAY POP QUEENS</name>
      <description><![CDATA[<b>ALT GAY POP QUEENS</b><br><i>Music</i><br>Fri 12th Jun<br>The Lord Gladstone<br>Check site<br><br>W/ Calliobel, Freddy, Flowwt, Miss Sunshine, Fairyxara, MINI SKIRT MIDI, justagirl<br><br><a href="https://sydneymusic.net/gig-guide">More info / tickets</a>]]></description>
      <styleUrl>#purple-dot.png</styleUrl>
      <Point>
        <coordinates>151.2013555,-33.8877872,0</coordinates>
      </Point>
    </Placemark>
    <Placemark>
      <name>The Loud Hailers</name>
      <description><![CDATA[<b>The Loud Hailers</b><br><i>Music</i><br>Fri 12th Jun<br>Butchers Brew Bar<br>Check site<br><br>Live music performance by The Loud Hailers.<br><br><a href="https://sydneymusic.net/gig-guide">More info / tickets</a>]]></description>
      <styleUrl>#purple-dot.png</styleUrl>
      <Point>
        <coordinates>151.2020336,-33.9116928,0</coordinates>
      </Point>
    </Placemark>
    <Placemark>
      <name>my dog, satellite live</name>
      <description><![CDATA[<b>my dog, satellite live</b><br><i>Music</i><br>Fri 12th Jun<br>Botany View Hotel<br>Check site<br><br>Live music performance with supporting acts.<br><br><a href="https://sydneymusic.net/gig-guide">More info / tickets</a>]]></description>
      <styleUrl>#purple-dot.png</styleUrl>
      <Point>
        <coordinates>151.1807446,-33.9058534,0</coordinates>
      </Point>
    </Placemark>
    <Placemark>
      <name>The On and Ons live</name>
      <description><![CDATA[<b>The On and Ons live</b><br><i>Music</i><br>Fri 12th Jun<br>Golden Barley Hotel<br>Check site<br><br>Live music performance with supporting act.<br><br><a href="https://sydneymusic.net/gig-guide">More info / tickets</a>]]></description>
      <styleUrl>#purple-dot.png</styleUrl>
      <Point>
        <coordinates>151.173027,-33.9047663,0</coordinates>
      </Point>
    </Placemark>
    <Placemark>
      <name>Trillion live</name>
      <description><![CDATA[<b>Trillion live</b><br><i>Music</i><br>Fri 12th Jun<br>185 Bar<br>Check site<br><br>Live music performance with supporting acts.<br><br><a href="https://sydneymusic.net/gig-guide">More info / tickets</a>]]></description>
      <styleUrl>#purple-dot.png</styleUrl>
      <Point>
        <coordinates>151.2131978,-33.8472656,0</coordinates>
      </Point>
    </Placemark>
    <Placemark>
      <name>Benny Elder live</name>
      <description><![CDATA[<b>Benny Elder live</b><br><i>Music</i><br>Fri 12th Jun<br>Palomino Lounge<br>FREE<br><br>Live music performance with supporting act.<br><br><a href="https://sydneymusic.net/gig-guide">More info / tickets</a>]]></description>
      <styleUrl>#purple-dot.png</styleUrl>
      <Point>
        <coordinates>151.2178865,-33.8690553,0</coordinates>
      </Point>
    </Placemark>
    <Placemark>
      <name>Gilroy live</name>
      <description><![CDATA[<b>Gilroy live</b><br><i>Music</i><br>Fri 12th Jun<br>Bombies @ Harbord Hotel<br>FREE<br><br>Live music performance with supporting acts.<br><br><a href="https://sydneymusic.net/gig-guide">More info / tickets</a>]]></description>
      <styleUrl>#purple-dot.png</styleUrl>
      <Point>
        <coordinates>151.284118,-33.768185,0</coordinates>
      </Point>
    </Placemark>
    <Placemark>
      <name>Hot Glue</name>
      <description><![CDATA[<b>Hot Glue</b><br><i>Music</i><br>Fri 12th Jun<br>Vic on the Park<br>FREE<br><br>Live music performance featuring Stagger.<br><br><a href="https://sydneymusic.net/gig-guide">More info / tickets</a>]]></description>
      <styleUrl>#purple-dot.png</styleUrl>
      <Point>
        <coordinates>151.1682,-33.904172,0</coordinates>
      </Point>
    </Placemark>
    <Placemark>
      <name>Oliver Dollar (DEU)</name>
      <description><![CDATA[<b>Oliver Dollar (DEU)</b><br><i>Music</i><br>Fri 12th Jun<br>Chinese Laundry<br>Check site<br><br>Live music performance featuring Lunar Disco and Tokyo Sexwale.<br><br><a href="https://sydneymusic.net/gig-guide">More info / tickets</a>]]></description>
      <styleUrl>#purple-dot.png</styleUrl>
      <Point>
        <coordinates>151.20246,-33.876398,0</coordinates>
      </Point>
    </Placemark>
    <Placemark>
      <name>Avalanche</name>
      <description><![CDATA[<b>Avalanche</b><br><i>Music</i><br>Fri 12th Jun<br>The Duke of Enmore<br>FREE<br><br>Live music performance featuring The Hush.<br><br><a href="https://sydneymusic.net/gig-guide">More info / tickets</a>]]></description>
      <styleUrl>#purple-dot.png</styleUrl>
      <Point>
        <coordinates>151.2057496,-33.8697092,0</coordinates>
      </Point>
    </Placemark>
    <Placemark>
      <name>Refuge</name>
      <description><![CDATA[<b>Refuge</b><br><i>Music</i><br>Fri 12th Jun<br>The Abercrombie<br>Check site<br><br>W/ Interfonic, No Rulz, A.Well, JJOSKA, Raquel Miliard, Chris Stevo, Milla, Harry Jensen, Ben Hope<br><br><a href="https://sydneymusic.net/gig-guide">More info / tickets</a>]]></description>
      <styleUrl>#purple-dot.png</styleUrl>
      <Point>
        <coordinates>151.1985255,-33.8859692,0</coordinates>
      </Point>
    </Placemark>
    <Placemark>
      <name>Cult Shotta</name>
      <description><![CDATA[<b>Cult Shotta</b><br><i>Music</i><br>Fri 12th Jun<br>Oxford Art Factory<br>Check site<br><br>Live music event featuring hip-hop artists.<br><br><a href="https://sydneymusic.net/gig-guide">More info / tickets</a>]]></description>
      <styleUrl>#purple-dot.png</styleUrl>
      <Point>
        <coordinates>151.2137927,-33.8779851,0</coordinates>
      </Point>
    </Placemark>
    <Placemark>
      <name>Innerwest Hop</name>
      <description><![CDATA[<b>Innerwest Hop</b><br><i>Music</i><br>Fri 12th Jun<br>Trocadero Room<br>FREE<br><br>Music event in the Inner West.<br><br><a href="https://sydneymusic.net/gig-guide">More info / tickets</a>]]></description>
      <styleUrl>#purple-dot.png</styleUrl>
      <Point>
        <coordinates>151.2155075,-33.8574883,0</coordinates>
      </Point>
    </Placemark>
    <Placemark>
      <name>RuPaul's Drag Race All Stars Viewing Party</name>
      <description><![CDATA[<b>RuPaul's Drag Race All Stars Viewing Party</b><br><i>Nightlife</i><br>Fri 12th Jun<br>AUNTY'S, Darlinghurst, NSW<br>Check site<br><br>A screening party for RuPaul's Drag Race All Stars Season 11.<br><br><a href="https://www.universal.sydney/universal-calendar">More info / tickets</a>]]></description>
      <styleUrl>#purple-dot.png</styleUrl>
      <Point>
        <coordinates>151.219439,-33.878132,0</coordinates>
      </Point>
    </Placemark>
    <Placemark>
      <name>Pussycat Dolls 20th Anniversary Party</name>
      <description><![CDATA[<b>Pussycat Dolls 20th Anniversary Party</b><br><i>Nightlife</i><br>Fri 12th Jun – Sat 13th Jun<br>AUNTY'S, Darlinghurst, NSW<br>Check site<br><br>A celebration of the Pussycat Dolls' 20th anniversary.<br><br><a href="https://www.universal.sydney/universal-calendar">More info / tickets</a>]]></description>
      <styleUrl>#purple-dot.png</styleUrl>
      <Point>
        <coordinates>151.219439,-33.878132,0</coordinates>
      </Point>
    </Placemark>
    <Placemark>
      <name>ELOUERA • MORE</name>
      <description><![CDATA[<b>ELOUERA • MORE</b><br><i>Music</i><br>Fri 12th Jun<br>The Lansdowne Hotel, Sydney<br>FREE<br><br>Live music performance at The Lansdowne Hotel.<br><br><a href="https://whatslively.com/venues/7f88181b5fccffb4cbfba22673168d81">More info / tickets</a>]]></description>
      <styleUrl>#purple-dot.png</styleUrl>
      <Point>
        <coordinates>151.1948689,-33.884762,0</coordinates>
      </Point>
    </Placemark>
    <Placemark>
      <name>Eddy Current Suppression Ring + Chikchika</name>
      <description><![CDATA[<b>Eddy Current Suppression Ring + Chikchika</b><br><i>Music</i><br>Fri 12th Jun<br>Darling Harbour, Darling Harbour<br>Free<br><br>Melbourne garage rock band performs live in Sydney.<br><br><a href="https://www.vividsydney.com/event/music/eddy-current-suppression-ring-chikchika-tumbalong-nights">More info / tickets</a>]]></description>
      <styleUrl>#purple-dot.png</styleUrl>
      <Point>
        <coordinates>151.199,-33.8723,0</coordinates>
      </Point>
    </Placemark>
    <Placemark>
      <name>Beyond Borders: Mashup night</name>
      <description><![CDATA[<b>Beyond Borders: Mashup night</b><br><i>Music</i><br>Fri 12th Jun<br>Oxford Art Factory, Darlinghurst<br>Free<br><br>A live music experience where global rock cultures collide. Different cultures. One stage. One night.<br><br><a href="https://whatson.cityofsydney.nsw.gov.au/events/beyond-borders-mashup-night">More info / tickets</a>]]></description>
      <styleUrl>#purple-dot.png</styleUrl>
      <Point>
        <coordinates>151.2137927,-33.8779851,0</coordinates>
      </Point>
    </Placemark>
    <Placemark>
      <name>Jungle Boogie - 9-piece funk band</name>
      <description><![CDATA[<b>Jungle Boogie - 9-piece funk band</b><br><i>Music</i><br>Fri 12th Jun<br>Camelot Lounge, Marrickville<br>Free<br><br>A high-energy 70s funk celebration with a 9-piece band.<br><br><a href="https://whatson.cityofsydney.nsw.gov.au/events/jungle-boogie-the-9-piece-funk-powerhouse">More info / tickets</a>]]></description>
      <styleUrl>#purple-dot.png</styleUrl>
      <Point>
        <coordinates>151.1644402,-33.9148356,0</coordinates>
      </Point>
    </Placemark>
    <Placemark>
      <name>RITUALS: A Tribute to Ancient Traditions</name>
      <description><![CDATA[<b>RITUALS: A Tribute to Ancient Traditions</b><br><i>Music</i><br>Fri 12th Jun<br>Lazybones Lounge Restaurant &amp; Bar, Marrickville<br>Check site<br><br>3 powerful live acts, each bringing a distinct fusion of world music, traditional rhythms and storytelling performance<br><br><a href="https://lazyboneslounge.com.au/gigs/">More info / tickets</a>]]></description>
      <styleUrl>#purple-dot.png</styleUrl>
      <Point>
        <coordinates>151.1558,-33.9061564,0</coordinates>
      </Point>
    </Placemark>
    <Placemark>
      <name>Tipsey &amp; the Tonics</name>
      <description><![CDATA[<b>Tipsey &amp; the Tonics</b><br><i>Music</i><br>Fri 12th Jun<br>Lazybones Lounge Restaurant &amp; Bar, Marrickville<br>$35<br><br>1920s jazz band playing lively, champagne-fueled tunes.<br><br><a href="https://lazyboneslounge.com.au/gigs/">More info / tickets</a>]]></description>
      <styleUrl>#purple-dot.png</styleUrl>
      <Point>
        <coordinates>151.1558,-33.9061564,0</coordinates>
      </Point>
    </Placemark>
    <Placemark>
      <name>The Road to Patagonia</name>
      <description><![CDATA[<b>The Road to Patagonia</b><br><i>Arts &amp; Culture</i><br>Fri 12th Jun<br>Govindas, Darlinghurst<br>Check site<br><br>Five Stars.. The most popular film ever screened at Govindas EVERYONE LOVES THIS FILM - A MUST SEE<br><br><a href="https://www.govindas.com.au/movies">More info / tickets</a>]]></description>
      <styleUrl>#orange-dot.png</styleUrl>
      <Point>
        <coordinates>151.2215905,-33.8764268,0</coordinates>
      </Point>
    </Placemark>
    <Placemark>
      <name>Undercurrent</name>
      <description><![CDATA[<b>Undercurrent</b><br><i>Music</i><br>Fri 12th Jun<br>Riverside Live at PHIVE, Parramatta<br>null<br><br>Undercurrent, is back with two high energy live music nights showcasing bold Western Sydney artists, alongside a special international act. For the second night on June 12, country group Simply West are blending their Pacific Islander, African and Portuguese roots into warm soul-filled sounds.<br><br><a href="https://www.timeout.com/sydney/things-to-do/things-to-do-in-sydney-this-week">More info / tickets</a>]]></description>
      <styleUrl>#purple-dot.png</styleUrl>
      <Point>
        <coordinates>151.0041951,-33.8102222,0</coordinates>
      </Point>
    </Placemark>
    <Placemark>
      <name>Mould x Pinot Palooza</name>
      <description><![CDATA[<b>Mould x Pinot Palooza</b><br><i>Food &amp; Drink</i><br>Fri 12th Jun – Sun 14th Jun<br>Hordern Pavilion, Moore Park<br>null<br><br>Mould x Pinot Palooza is heading to the Hordern Pavilion in Moore Park from June 12-14 for one gloriously gouda weekend. Bringing together two previously separate events: Mould (est. 2017) and Pinot Palooza (est. 2012) makes for the perfect pairing, don’t you think?<br><br><a href="https://humanitix.com/au/events/australia/sydney">More info / tickets</a>]]></description>
      <styleUrl>#red-dot.png</styleUrl>
      <Point>
        <coordinates>151.2242431,-33.8940576,0</coordinates>
      </Point>
    </Placemark>
    <Placemark>
      <name>Pitch Black at Climb Fit</name>
      <description><![CDATA[<b>Pitch Black at Climb Fit</b><br><i>Sport &amp; Fitness</i><br>Fri 12th Jun<br>Climb Fit, St Leonards<br>Child $28 | Adult $32<br><br>Family-friendly climbing event with headlamps, DJ, and food truck.<br><br><a href="https://www.northsydney.nsw.gov.au/events/event/1496/pitch-black-climb-fit-st-leonards">More info / tickets</a>]]></description>
      <styleUrl>#ltblue-dot.png</styleUrl>
      <Point>
        <coordinates>151.1896832,-33.818605,0</coordinates>
      </Point>
    </Placemark>
    <Placemark>
      <name>The Tullamarines and Tear Drive</name>
      <description><![CDATA[<b>The Tullamarines and Tear Drive</b><br><i>Music</i><br>Fri 12th Jun<br>Enmore Theatre, Newtown, NSW, Australia<br>Check site<br><br>Live music performance by The Tullamarines and Tear Drive.<br><br><a href="https://www.songkick.com/metro-areas/26794-australia-sydney/2026">More info / tickets</a>]]></description>
      <styleUrl>#purple-dot.png</styleUrl>
      <Point>
        <coordinates>151.1742479,-33.8990063,0</coordinates>
      </Point>
    </Placemark>
    <Placemark>
      <name>The Everly Brothers</name>
      <description><![CDATA[<b>The Everly Brothers</b><br><i>Music</i><br>Fri 12th Jun<br>EVAN Theatre, Panthers, Penrith, NSW, Australia<br>Check site<br><br>A tribute or performance inspired by The Everly Brothers.<br><br><a href="https://www.songkick.com/metro-areas/26794-australia-sydney/2026">More info / tickets</a>]]></description>
      <styleUrl>#purple-dot.png</styleUrl>
      <Point>
        <coordinates>151.2223352,-33.8765123,0</coordinates>
      </Point>
    </Placemark>
    <Placemark>
      <name>Loukeman</name>
      <description><![CDATA[<b>Loukeman</b><br><i>Music</i><br>Fri 12th Jun<br>Carriageworks, Sydney, NSW, Australia<br>Check site<br><br>A performance or event featuring Loukeman.<br><br><a href="https://www.songkick.com/metro-areas/26794-australia-sydney/2026">More info / tickets</a>]]></description>
      <styleUrl>#purple-dot.png</styleUrl>
      <Point>
        <coordinates>151.1916021,-33.8941553,0</coordinates>
      </Point>
    </Placemark>
    <Placemark>
      <name>Chikchika</name>
      <description><![CDATA[<b>Chikchika</b><br><i>Music</i><br>Fri 12th Jun<br>Tumbalong Park, Sydney, NSW, Australia<br>Check site<br><br>A live performance or event at Tumbalong Park.<br><br><a href="https://www.songkick.com/metro-areas/26794-australia-sydney/2026">More info / tickets</a>]]></description>
      <styleUrl>#purple-dot.png</styleUrl>
      <Point>
        <coordinates>151.201722,-33.8756779,0</coordinates>
      </Point>
    </Placemark>
    <Placemark>
      <name>Royale with Cheese</name>
      <description><![CDATA[<b>Royale with Cheese</b><br><i>Nightlife</i><br>Fri 12th Jun<br>Brass Monkey Cronulla, Cronulla<br>Check site<br><br>A themed event or performance at Brass Monkey Cronulla.<br><br><a href="https://www.songkick.com/metro-areas/26794-australia-sydney/2026">More info / tickets</a>]]></description>
      <styleUrl>#purple-dot.png</styleUrl>
      <Point>
        <coordinates>151.1516979,-34.0549838,0</coordinates>
      </Point>
    </Placemark>
    <Placemark>
      <name>Liia</name>
      <description><![CDATA[<b>Liia</b><br><i>Music</i><br>Fri 12th Jun<br>Cult, Potts Point, NSW, Australia<br>Check site<br><br>A live performance or event featuring Liia.<br><br><a href="https://www.songkick.com/metro-areas/26794-australia-sydney/2026">More info / tickets</a>]]></description>
      <styleUrl>#purple-dot.png</styleUrl>
      <Point>
        <coordinates>151.197606,-33.8867851,0</coordinates>
      </Point>
    </Placemark>
    <Placemark>
      <name>Karla and Arabesque</name>
      <description><![CDATA[<b>Karla and Arabesque</b><br><i>Music</i><br>Fri 12th Jun<br>Cult, Potts Point, NSW, Australia<br>Check site<br><br>A performance by Karla and Arabesque.<br><br><a href="https://www.songkick.com/metro-areas/26794-australia-sydney/2026">More info / tickets</a>]]></description>
      <styleUrl>#purple-dot.png</styleUrl>
      <Point>
        <coordinates>151.197606,-33.8867851,0</coordinates>
      </Point>
    </Placemark>
    <Placemark>
      <name>Boohle</name>
      <description><![CDATA[<b>Boohle</b><br><i>Music</i><br>Fri 12th Jun<br>Room 22 Potts Point, Potts Point<br>Check site<br><br>A live performance by Boohle.<br><br><a href="https://www.songkick.com/metro-areas/26794-australia-sydney/2026">More info / tickets</a>]]></description>
      <styleUrl>#purple-dot.png</styleUrl>
      <Point>
        <coordinates>151.2232292,-33.8732861,0</coordinates>
      </Point>
    </Placemark>
    <Placemark>
      <name>hauler (AU)</name>
      <description><![CDATA[<b>hauler (AU)</b><br><i>Music</i><br>Fri 12th Jun<br>The Lansdowne, Sydney, NSW, Australia<br>Check site<br><br>A live performance by hauler.<br><br><a href="https://www.songkick.com/metro-areas/26794-australia-sydney/2026">More info / tickets</a>]]></description>
      <styleUrl>#purple-dot.png</styleUrl>
      <Point>
        <coordinates>151.212363,-33.868862,0</coordinates>
      </Point>
    </Placemark>
    <Placemark>
      <name>Halfzip</name>
      <description><![CDATA[<b>Halfzip</b><br><i>Music</i><br>Fri 12th Jun<br>Sussudio, Sydney, NSW, Australia<br>Check site<br><br>A live performance by Halfzip.<br><br><a href="https://www.songkick.com/metro-areas/26794-australia-sydney/2026">More info / tickets</a>]]></description>
      <styleUrl>#purple-dot.png</styleUrl>
      <Point>
        <coordinates>151.209421,-33.868633,0</coordinates>
      </Point>
    </Placemark>
    <Placemark>
      <name>FYSK</name>
      <description><![CDATA[<b>FYSK</b><br><i>Arts &amp; Culture</i><br>Fri 12th Jun<br>Carriageworks, Sydney, NSW<br>Check site<br><br>Performance or event at Carriageworks.<br><br><a href="https://livemusic.au/gig-calendar/">More info / tickets</a>]]></description>
      <styleUrl>#orange-dot.png</styleUrl>
      <Point>
        <coordinates>151.1916021,-33.8941553,0</coordinates>
      </Point>
    </Placemark>
    <Placemark>
      <name>Aaron Blakey (solo)</name>
      <description><![CDATA[<b>Aaron Blakey (solo)</b><br><i>Music</i><br>Fri 12th Jun<br>Jazushi Japanese Restaurant, SURRY HILLS<br>$45<br><br>Solo jazz performance by Aaron Blakey.<br><br><a href="https://sydneyjazzclub.org.au/gig-guide/">More info / tickets</a>]]></description>
      <styleUrl>#purple-dot.png</styleUrl>
      <Point>
        <coordinates>151.212781,-33.885877,0</coordinates>
      </Point>
    </Placemark>
    <Placemark>
      <name>Bridge City Jazz Band with Special Guests</name>
      <description><![CDATA[<b>Bridge City Jazz Band with Special Guests</b><br><i>Music</i><br>Fri 12th Jun<br>Club Ashfield, Ashfield<br>$45<br><br>Live jazz performance featuring the Bridge City Jazz Band and guests.<br><br><a href="https://sydneyjazzclub.org.au/gig-guide/">More info / tickets</a>]]></description>
      <styleUrl>#purple-dot.png</styleUrl>
      <Point>
        <coordinates>151.1259237,-33.887067,0</coordinates>
      </Point>
    </Placemark>
    <Placemark>
      <name>Chapel Row Jazz</name>
      <description><![CDATA[<b>Chapel Row Jazz</b><br><i>Music</i><br>Fri 12th Jun<br>Castlereagh Boutique Hotel, SYDNEY<br>$45<br><br>Live jazz performance hosted by Alex Putra.<br><br><a href="https://sydneyjazzclub.org.au/gig-guide/">More info / tickets</a>]]></description>
      <styleUrl>#purple-dot.png</styleUrl>
      <Point>
        <coordinates>151.2091176,-33.8725877,0</coordinates>
      </Point>
    </Placemark>
    <Placemark>
      <name>Dianne Cripps &amp; Friends</name>
      <description><![CDATA[<b>Dianne Cripps &amp; Friends</b><br><i>Music</i><br>Fri 12th Jun<br>The Riverview Hotel, BALMAIN<br>$45<br><br>Live music performance by Dianne Cripps and guests.<br><br><a href="https://sydneyjazzclub.org.au/gig-guide/">More info / tickets</a>]]></description>
      <styleUrl>#purple-dot.png</styleUrl>
      <Point>
        <coordinates>151.1753608,-33.8549217,0</coordinates>
      </Point>
    </Placemark>
    <Placemark>
      <name>Her Night</name>
      <description><![CDATA[<b>Her Night</b><br><i>Nightlife</i><br>Fri 12th Jun – Sat 13th Jun<br>The Maya Lounge, Sydney<br>$11.88<br><br>Her Night is Sugar Club Syd's most iconic evening yet — and it starts before midnight.<br><br><a href="https://allevents.in/sydney/her-night/100001991030101631">More info / tickets</a>]]></description>
      <styleUrl>#purple-dot.png</styleUrl>
      <Point>
        <coordinates>151.172668,-33.887218,0</coordinates>
      </Point>
    </Placemark>
    <Placemark>
      <name>Indonesian Night Market</name>
      <description><![CDATA[<b>Indonesian Night Market</b><br><i>Food &amp; Drink</i><br>Fri 12th Jun<br>University of New South Wales, Kensington<br>Free<br><br>Food and culture festival celebrating Indonesian heritage.<br><br><a href="https://whatson.cityofsydney.nsw.gov.au/events/indonesian-night-market-2026">More info / tickets</a>]]></description>
      <styleUrl>#red-dot.png</styleUrl>
      <Point>
        <coordinates>151.2312369,-33.9175994,0</coordinates>
      </Point>
    </Placemark>
    <Placemark>
      <name>Jazz &amp; Blues with Dianne Cripps</name>
      <description><![CDATA[<b>Jazz &amp; Blues with Dianne Cripps</b><br><i>Music</i><br>Fri 12th Jun<br>BALMAIN, FOOD &amp; DRINK<br>Free<br><br>Live jazz and blues performance by US singer Dianne Cripps.<br><br><a href="https://whatson.cityofsydney.nsw.gov.au/tags/live-music">More info / tickets</a>]]></description>
      <styleUrl>#purple-dot.png</styleUrl>
      <Point>
        <coordinates>151.210898,-33.867331,0</coordinates>
      </Point>
    </Placemark>
    <Placemark>
      <name>Live Music at St Leonards Tavern</name>
      <description><![CDATA[<b>Live Music at St Leonards Tavern</b><br><i>Music</i><br>Fri 12th Jun<br>ST LEONARDS, MUSIC<br>Free<br><br>Friday night live music at a local tavern.<br><br><a href="https://whatson.cityofsydney.nsw.gov.au/events/live-music-at-st-leonards-tavern">More info / tickets</a>]]></description>
      <styleUrl>#purple-dot.png</styleUrl>
      <Point>
        <coordinates>151.210579,-33.831429,0</coordinates>
      </Point>
    </Placemark>
    <Placemark>
      <name>Moxy Play Live</name>
      <description><![CDATA[<b>Moxy Play Live</b><br><i>Music</i><br>Fri 12th Jun<br>MASCOT, FOOD &amp; DRINK<br>Free<br><br>Live music sessions on Friday nights.<br><br><a href="https://whatson.cityofsydney.nsw.gov.au/events/la-ronde-at-the-grand-electric-sydney">More info / tickets</a>]]></description>
      <styleUrl>#purple-dot.png</styleUrl>
      <Point>
        <coordinates>151.210898,-33.867331,0</coordinates>
      </Point>
    </Placemark>
    <Placemark>
      <name>Social drinks &amp; karaoke meetup</name>
      <description><![CDATA[<b>Social drinks &amp; karaoke meetup</b><br><i>Nightlife</i><br>Fri 12th Jun<br>24 Bayswater Rd, Potts Point NSW 2011, Australia, Potts Point<br>Free<br><br>A free event for anyone 18-35 to meet new people in Sydney! Karaoke + DJs + 200 attendees!<br><br><a href="https://whatson.cityofsydney.nsw.gov.au/events/social-drinks-and-karaoke-meet-up-ages-18-35">More info / tickets</a>]]></description>
      <styleUrl>#purple-dot.png</styleUrl>
      <Point>
        <coordinates>151.2237462,-33.8748089,0</coordinates>
      </Point>
    </Placemark>
    <Placemark>
      <name>Leave Only Footprints by Tamara Dean</name>
      <description><![CDATA[<b>Leave Only Footprints by Tamara Dean</b><br><i>Arts &amp; Culture</i><br>Fri 12th Jun – Sun 2nd Aug<br>Manly Art Gallery &amp; Museum, Nth Sydney, Northern Beaches<br>Free<br><br>A photography exhibition exploring nature, motherhood, and life transitions.<br><br><a href="https://www.art-almanac.com.au/whats-on/sydney/">More info / tickets</a>]]></description>
      <styleUrl>#orange-dot.png</styleUrl>
      <Point>
        <coordinates>151.2813039,-33.7984816,0</coordinates>
      </Point>
    </Placemark>
    <Placemark>
      <name>You Shall Definitely Pass by Min Wong</name>
      <description><![CDATA[<b>You Shall Definitely Pass by Min Wong</b><br><i>Arts &amp; Culture</i><br>Fri 12th Jun<br>Manly Art Gallery &amp; Museum, Nth Sydney, Northern Beaches<br>Free<br><br>An immersive sculpture exploring ritual and magical technologies.<br><br><a href="https://www.art-almanac.com.au/whats-on/sydney/">More info / tickets</a>]]></description>
      <styleUrl>#orange-dot.png</styleUrl>
      <Point>
        <coordinates>151.2813039,-33.7984816,0</coordinates>
      </Point>
    </Placemark>
    <Placemark>
      <name>CEAD Collection Stories: Night Sky</name>
      <description><![CDATA[<b>CEAD Collection Stories: Night Sky</b><br><i>Arts &amp; Culture</i><br>Fri 12th Jun<br>Manly Art Gallery &amp; Museum, Nth Sydney, Northern Beaches<br>Free<br><br>An art exhibition celebrating the night sky and its significance.<br><br><a href="https://www.art-almanac.com.au/whats-on/sydney/">More info / tickets</a>]]></description>
      <styleUrl>#orange-dot.png</styleUrl>
      <Point>
        <coordinates>151.2813039,-33.7984816,0</coordinates>
      </Point>
    </Placemark>
    <Placemark>
      <name>re:formation</name>
      <description><![CDATA[<b>re:formation</b><br><i>Arts &amp; Culture</i><br>Fri 12th Jun<br>BALMAIN, EXHIBITIONS<br>Free<br><br>Join us for an exhibition where stories are reshaped and retold through abstract works and upcycled forms.<br><br><a href="https://whatson.cityofsydney.nsw.gov.au/events/treasures-of-the-viking-age-the-galloway-hoard">More info / tickets</a>]]></description>
      <styleUrl>#orange-dot.png</styleUrl>
      <Point>
        <coordinates>151.1863011,-33.8545307,0</coordinates>
      </Point>
    </Placemark>
    <Placemark>
      <name>Moon Jar; An Axis</name>
      <description><![CDATA[<b>Moon Jar; An Axis</b><br><i>Arts &amp; Culture</i><br>Fri 12th Jun<br>SYDNEY, TALKS, COURSES &amp; WORKSHOPS<br>Check site<br><br>Art exhibition featuring 30 Korean and Australian artists.<br><br><a href="https://whatson.cityofsydney.nsw.gov.au/categories/exhibitions">More info / tickets</a>]]></description>
      <styleUrl>#orange-dot.png</styleUrl>
      <Point>
        <coordinates>150.9922067,-33.8986631,0</coordinates>
      </Point>
    </Placemark>
    <Placemark>
      <name>French Girls</name>
      <description><![CDATA[<b>French Girls</b><br><i>Arts &amp; Culture</i><br>Fri 12th Jun<br>Event Cinemas George Street, Sydney<br>$27.50<br><br>A film about a new model Mia's entry into the fashion world, capturing her observations of the industry, her complicated relationship with her boyfriend, her encounters with other models, and a sudden brush with the law.<br><br><a href="https://www.sydneytravelguide.com.au/sydney-film-festival-guide-dates-top-events-and-tickets/">More info / tickets</a>]]></description>
      <styleUrl>#orange-dot.png</styleUrl>
      <Point>
        <coordinates>151.2071686,-33.8666807,0</coordinates>
      </Point>
    </Placemark>
    <Placemark>
      <name>Rodeo Dreams</name>
      <description><![CDATA[<b>Rodeo Dreams</b><br><i>Arts &amp; Culture</i><br>Fri 12th Jun<br>Dendy Newtown, Sydney<br>$27.50<br><br>A documentary following four young Aussie bull riders and one of the most dangerous sports on earth as they follow their dreams across Queensland’s Gulf Country to win the prestigious yet cash-strapped Mount Isa Rodeo.<br><br><a href="https://www.sydneytravelguide.com.au/sydney-film-festival-guide-dates-top-events-and-tickets/">More info / tickets</a>]]></description>
      <styleUrl>#orange-dot.png</styleUrl>
      <Point>
        <coordinates>151.1804038,-33.8959356,0</coordinates>
      </Point>
    </Placemark>
    <Placemark>
      <name>Minotaur</name>
      <description><![CDATA[<b>Minotaur</b><br><i>Theatre</i><br>Fri 12th Jun<br>State Theatre, Sydney<br>$27.50<br><br>A thriller about personal and political conflicts in Russian society.<br><br><a href="https://www.sydneytravelguide.com.au/sydney-film-festival-guide-dates-top-events-and-tickets/">More info / tickets</a>]]></description>
      <styleUrl>#blue-dot.png</styleUrl>
      <Point>
        <coordinates>151.2075264,-33.8709129,0</coordinates>
      </Point>
    </Placemark>
    <Placemark>
      <name>Dead Man’s Wire</name>
      <description><![CDATA[<b>Dead Man’s Wire</b><br><i>Theatre</i><br>Fri 12th Jun<br>State Theatre, Sydney<br>$27.50<br><br>A true story of a 1977 US hostage standoff starring Bill Skarsgård and Al Pacino.<br><br><a href="https://www.sydneytravelguide.com.au/sydney-film-festival-guide-dates-top-events-and-tickets/">More info / tickets</a>]]></description>
      <styleUrl>#blue-dot.png</styleUrl>
      <Point>
        <coordinates>151.2075264,-33.8709129,0</coordinates>
      </Point>
    </Placemark>
    <Placemark>
      <name>Mile End Kicks</name>
      <description><![CDATA[<b>Mile End Kicks</b><br><i>Theatre</i><br>Fri 12th Jun<br>Event Cinemas George Street, George Street<br>$27.50<br><br>A black romantic comedy about a music journalist self-sabotaging her dream assignment for a new fling.<br><br><a href="https://www.sydneytravelguide.com.au/sydney-film-festival-guide-dates-top-events-and-tickets/">More info / tickets</a>]]></description>
      <styleUrl>#blue-dot.png</styleUrl>
      <Point>
        <coordinates>151.2071686,-33.8666807,0</coordinates>
      </Point>
    </Placemark>
    <Placemark>
      <name>French Girls Premiere Party</name>
      <description><![CDATA[<b>French Girls Premiere Party</b><br><i>Arts &amp; Culture</i><br>Fri 12th Jun<br>Sydney Film Festival Hub, Sydney<br>Free<br><br>Following the premiere screening of French Girls, join members of the film team for a très chic celebration in honour of the film and the Sartorial: Fashion on Film program.<br><br><a href="https://www.sydneytravelguide.com.au/sydney-film-festival-guide-dates-top-events-and-tickets/">More info / tickets</a>]]></description>
      <styleUrl>#orange-dot.png</styleUrl>
      <Point>
        <coordinates>151.2061792,-33.8731968,0</coordinates>
      </Point>
    </Placemark>
    <Placemark>
      <name>Cabaret Dinner Show</name>
      <description><![CDATA[<b>Cabaret Dinner Show</b><br><i>Nightlife</i><br>Fri 12th Jun<br>Honeycomb Club, Potts Point<br>Check site<br><br>Tongue-in-cheek burlesque, phenomenal singing and dancing, outrageous comedy,show-stopping acrobatics, magic and more...<br><br><a href="https://whatson.cityofsydney.nsw.gov.au/categories/theatre-dance-and-film">More info / tickets</a>]]></description>
      <styleUrl>#purple-dot.png</styleUrl>
      <Point>
        <coordinates>151.22586,-33.86701,0</coordinates>
      </Point>
    </Placemark>
    <Placemark>
      <name>Freak Out!</name>
      <description><![CDATA[<b>Freak Out!</b><br><i>Music</i><br>Fri 12th Jun<br>ETERNITY PLAYHOUSE, THEATRE, DANCE &amp; FILM<br>Free<br><br>A highly rated festival event with a mind-blowing experience.<br><br><a href="https://whatson.cityofsydney.nsw.gov.au/events/freak-out">More info / tickets</a>]]></description>
      <styleUrl>#purple-dot.png</styleUrl>
      <Point>
        <coordinates>151.2160461,-33.878745,0</coordinates>
      </Point>
    </Placemark>
    <Placemark>
      <name>Gone with the Script</name>
      <description><![CDATA[<b>Gone with the Script</b><br><i>Comedy</i><br>Fri 12th Jun<br>ALEXANDRIA, THEATRE, DANCE &amp; FILM<br>Free<br><br>An improvised horse girl movie created on the spot.<br><br><a href="https://whatson.cityofsydney.nsw.gov.au/events/gone-with-the-script-an-improvised-movie">More info / tickets</a>]]></description>
      <styleUrl>#blue-dot.png</styleUrl>
      <Point>
        <coordinates>151.2285354,-33.8944802,0</coordinates>
      </Point>
    </Placemark>
    <Placemark>
      <name>Race Around the World</name>
      <description><![CDATA[<b>Race Around the World</b><br><i>Arts &amp; Culture</i><br>Fri 12th Jun<br>ULTIMO, THEATRE, DANCE &amp; FILM<br>Free<br><br>Six filmmakers race across 10 countries in 100 days, crafting bold films – only one will rise above the rest.<br><br><a href="https://whatson.cityofsydney.nsw.gov.au/events/race-around-the-world-studio-audience-ep-3">More info / tickets</a>]]></description>
      <styleUrl>#orange-dot.png</styleUrl>
      <Point>
        <coordinates>151.2285354,-33.8944802,0</coordinates>
      </Point>
    </Placemark>
    <Placemark>
      <name>Sydney Harbour Retro Boat Party</name>
      <description><![CDATA[<b>Sydney Harbour Retro Boat Party</b><br><i>Nightlife</i><br>Fri 12th Jun<br>SYDNEY, THEATRE, DANCE &amp; FILM<br>Check site<br><br>Get dressed in your best 80's or 90's outfit and join Sydney's hottest retro party cruise!<br><br><a href="https://whatson.cityofsydney.nsw.gov.au/categories/theatre-dance-and-film">More info / tickets</a>]]></description>
      <styleUrl>#purple-dot.png</styleUrl>
      <Point>
        <coordinates>151.2285354,-33.8944802,0</coordinates>
      </Point>
    </Placemark>
    <Placemark>
      <name>The Gentleman Magician’s Magical Soirée</name>
      <description><![CDATA[<b>The Gentleman Magician’s Magical Soirée</b><br><i>Theatre</i><br>Fri 12th Jun<br>SYDNEY, THEATRE, DANCE &amp; FILM<br>Check site<br><br>See a world class magic show intertwined with intriguing stories about early Sydney town.<br><br><a href="https://whatson.cityofsydney.nsw.gov.au/categories/theatre-dance-and-film">More info / tickets</a>]]></description>
      <styleUrl>#blue-dot.png</styleUrl>
      <Point>
        <coordinates>151.2285354,-33.8944802,0</coordinates>
      </Point>
    </Placemark>
    <Placemark>
      <name>Unscripted Comedy Show</name>
      <description><![CDATA[<b>Unscripted Comedy Show</b><br><i>Comedy</i><br>Fri 12th Jun<br>ALEXANDRIA, THEATRE, DANCE &amp; FILM<br>Free<br><br>House teams improvise an hour-long comedy show 'Big House' based off your suggestions.<br><br><a href="https://whatson.cityofsydney.nsw.gov.au/events/faga-the-trump-cabaret">More info / tickets</a>]]></description>
      <styleUrl>#blue-dot.png</styleUrl>
      <Point>
        <coordinates>151.2285354,-33.8944802,0</coordinates>
      </Point>
    </Placemark>
    <Placemark>
      <name>Fashion Frenzy Sydney</name>
      <description><![CDATA[<b>Fashion Frenzy Sydney</b><br><i>Arts &amp; Social</i><br>Fri 12th Jun<br>Petersham, Petersham<br>$5<br><br>Second-hand fashion sale with all items at $5.<br><br><a href="https://whatson.cityofsydney.nsw.gov.au/events/fashion-frenzy-sydney-or-second-hand-fashion-sale">More info / tickets</a>]]></description>
      <styleUrl>#yellow-dot.png</styleUrl>
      <Point>
        <coordinates>151.1505697,-33.891553,0</coordinates>
      </Point>
    </Placemark>
    <Placemark>
      <name>Night Picnic at Vivid Sydney</name>
      <description><![CDATA[<b>Night Picnic at Vivid Sydney</b><br><i>Festival</i><br>Fri 12th Jun<br>Dawes Point, FOOD &amp; DRINK<br>Free<br><br>Step into a world of enchantment under the starry skies of Vivid Sydney with Night Picnic Under the Bridge!<br><br><a href="https://whatson.cityofsydney.nsw.gov.au/events/night-picnic-at-vivid-sydney">More info / tickets</a>]]></description>
      <styleUrl>#orange-dot.png</styleUrl>
      <Point>
        <coordinates>151.20767,-33.85607,0</coordinates>
      </Point>
    </Placemark>
    <Placemark>
      <name>Rozelle Vinyl Records Fair</name>
      <description><![CDATA[<b>Rozelle Vinyl Records Fair</b><br><i>Music</i><br>Fri 12th Jun – Sat 13th Jun<br>663 Darling St, Rozelle NSW 2039, Australia, Rozelle<br>Free<br><br>A one-day celebration of vinyl records and music.<br><br><a href="https://whatson.cityofsydney.nsw.gov.au/events/rozelles-vinyl-records-fair">More info / tickets</a>]]></description>
      <styleUrl>#purple-dot.png</styleUrl>
      <Point>
        <coordinates>151.1696665,-33.8625538,0</coordinates>
      </Point>
    </Placemark>
    <Placemark>
      <name>Claypool Ceramics Market</name>
      <description><![CDATA[<b>Claypool Ceramics Market</b><br><i>Arts &amp; Culture</i><br>Fri 12th Jun – Sat 13th Jun<br>1605 Botany Rd, Botany NSW 2019, Australia, Botany<br>Free<br><br>A market selling handmade ceramics.<br><br><a href="https://whatson.cityofsydney.nsw.gov.au/events/claypool-ceramics-market">More info / tickets</a>]]></description>
      <styleUrl>#orange-dot.png</styleUrl>
      <Point>
        <coordinates>151.2028925,-33.953455,0</coordinates>
      </Point>
    </Placemark>
    <Placemark>
      <name>Sonja By Night</name>
      <description><![CDATA[<b>Sonja By Night</b><br><i>Music</i><br>Fri 12th Jun<br>Home The Venue<br>Check site<br><br>Live performance by Sonja By Night.<br><br><a href="https://humanitix.com/au/events/australia/sydney">More info / tickets</a>]]></description>
      <styleUrl>#purple-dot.png</styleUrl>
      <Point>
        <coordinates>151.0892719,-33.963257,0</coordinates>
      </Point>
    </Placemark>
    <Placemark>
      <name>NSW Socialists Bread and Roses Caucus Launch</name>
      <description><![CDATA[<b>NSW Socialists Bread and Roses Caucus Launch</b><br><i>Community</i><br>Fri 12th Jun<br>6 Faversham St<br>Check site<br><br>A political event launching a new socialist caucus.<br><br><a href="https://humanitix.com/au/events/au--nsw--sydney/free--thisweek">More info / tickets</a>]]></description>
      <styleUrl>#yellow-dot.png</styleUrl>
      <Point>
        <coordinates>151.163661,-33.909945,0</coordinates>
      </Point>
    </Placemark>
    <Placemark>
      <name>Safe Space Summer Hill</name>
      <description><![CDATA[<b>Safe Space Summer Hill</b><br><i>Community</i><br>Fri 12th Jun<br>Little BIG House, Summer Hill<br>Free<br><br>A free drop-in sanctuary for community support.<br><br><a href="https://humanitix.com/au/events/au--nsw--sydney/free--thisweek">More info / tickets</a>]]></description>
      <styleUrl>#yellow-dot.png</styleUrl>
      <Point>
        <coordinates>151.1422595,-33.8936869,0</coordinates>
      </Point>
    </Placemark>
    <Placemark>
      <name>BLANK CANVAS 001</name>
      <description><![CDATA[<b>BLANK CANVAS 001</b><br><i>Arts &amp; Culture</i><br>Fri 12th Jun<br>Golden age cinema<br>FREE<br><br>An art or film event at a cinema.<br><br><a href="https://humanitix.com/au/events/au--nsw--sydney/free--thisweek">More info / tickets</a>]]></description>
      <styleUrl>#orange-dot.png</styleUrl>
      <Point>
        <coordinates>151.2111071,-33.8794635,0</coordinates>
      </Point>
    </Placemark>
    <Placemark>
      <name>Farra de Dancehall</name>
      <description><![CDATA[<b>Farra de Dancehall</b><br><i>Music</i><br>Fri 12th Jun<br>The Soda Factory<br>Check site<br><br>A dancehall music event at The Soda Factory.<br><br><a href="https://humanitix.com/au/events/au--nsw--sydney/free--thisweek">More info / tickets</a>]]></description>
      <styleUrl>#purple-dot.png</styleUrl>
      <Point>
        <coordinates>151.2119491,-33.8776482,0</coordinates>
      </Point>
    </Placemark>
    <Placemark>
      <name>She Can Pilates</name>
      <description><![CDATA[<b>She Can Pilates</b><br><i>Wellness</i><br>Fri 12th Jun<br>Sam Cracknell Pavilion (H8)<br>Check site<br><br>A pilates class for women at Sam Cracknell Pavilion.<br><br><a href="https://humanitix.com/au/events/au--nsw--sydney/free--thisweek">More info / tickets</a>]]></description>
      <styleUrl>#ltblue-dot.png</styleUrl>
      <Point>
        <coordinates>151.2274327,-33.9177007,0</coordinates>
      </Point>
    </Placemark>
    <Placemark>
      <name>Book Launch: Andrew Fisher</name>
      <description><![CDATA[<b>Book Launch: Andrew Fisher</b><br><i>Arts &amp; Culture</i><br>Fri 12th Jun<br>Whitlam Institute, West Wing Conference Room, Marrickville<br>Check site<br><br>A book launch event featuring Professor David Headon AM.<br><br><a href="https://humanitix.com/au/events/au--nsw--sydney/free--thisweek">More info / tickets</a>]]></description>
      <styleUrl>#orange-dot.png</styleUrl>
      <Point>
        <coordinates>151.1788062,-33.89634,0</coordinates>
      </Point>
    </Placemark>
    <Placemark>
      <name>Leader Con Oceania</name>
      <description><![CDATA[<b>Leader Con Oceania</b><br><i>Community</i><br>Fri 12th Jun<br>Brookvale, Sydney<br>Check site<br><br>A conference for leaders in Oceania.<br><br><a href="https://humanitix.com/au/events/au--nsw--sydney/free--thisweek">More info / tickets</a>]]></description>
      <styleUrl>#yellow-dot.png</styleUrl>
      <Point>
        <coordinates>151.2666727,-33.761902,0</coordinates>
      </Point>
    </Placemark>
    <Placemark>
      <name>Porter Robinson DJ Set</name>
      <description><![CDATA[<b>Porter Robinson DJ Set</b><br><i>Music</i><br>Sat 13th Jun<br>Carriageworks, Sydney, NSW, Australia<br>TICKETS FROM $99<br><br>American genre-defying, electronic visionary Porter Robinson makes his Carriageworks debut<br><br><a href="https://whatson.cityofsydney.nsw.gov.au/events/porter-robinson-dj-set-with-golden-features-dj-set">More info / tickets</a>]]></description>
      <styleUrl>#purple-dot.png</styleUrl>
      <Point>
        <coordinates>151.1916021,-33.8941553,0</coordinates>
      </Point>
    </Placemark>
    <Placemark>
      <name>All-You-Can-Eat Wings</name>
      <description><![CDATA[<b>All-You-Can-Eat Wings</b><br><i>Food &amp; Drink</i><br>Sat 13th Jun<br>Daniel San, Manly<br>$19<br><br>The buckets will keep coming until you can't stomach them, all for $19 per person.<br><br><a href="https://concreteplayground.com/sydney/event/all-you-can-eat-wings">More info / tickets</a>]]></description>
      <styleUrl>#red-dot.png</styleUrl>
      <Point>
        <coordinates>150.951643,-33.825138,0</coordinates>
      </Point>
    </Placemark>
    <Placemark>
      <name>Sydney-Inic with Chimers, Arse, Where’s Jimmy</name>
      <description><![CDATA[<b>Sydney-Inic with Chimers, Arse, Where’s Jimmy</b><br><i>Music</i><br>Sat 13th Jun<br>Factory Theatre, Marrickville, NSW<br>Check site<br><br>A showcase of folk and blues music from the Binic Festival.<br><br><a href="https://www.factorytheatre.com.au/event/sydney-inic-w-chimers-arse-wheres-jimmy/">More info / tickets</a>]]></description>
      <styleUrl>#purple-dot.png</styleUrl>
      <Point>
        <coordinates>151.2075264,-33.8709129,0</coordinates>
      </Point>
    </Placemark>
    <Placemark>
      <name>Music</name>
      <description><![CDATA[<b>Music</b><br><i>Music</i><br>Sat 13th Jun<br>More<br>Free<br><br>Guide to Sydney's music events.<br><br><a href="https://www.cityofsydney.nsw.gov.au/talks-courses-workshops/events-guide">More info / tickets</a>]]></description>
      <styleUrl>#purple-dot.png</styleUrl>
      <Point>
        <coordinates>151.2732099,-33.7629721,0</coordinates>
      </Point>
    </Placemark>
    <Placemark>
      <name>Letters to Lions</name>
      <description><![CDATA[<b>Letters to Lions</b><br><i>Music</i><br>Sat 13th Jun<br>Oxford Art Factory, 38-46 Oxford St<br>Check site<br><br>Live performance by Letters to Lions on their Breaking Bread Tour.<br><br><a href="https://www.gig-guide.co.uk/au/sydney-nsw">More info / tickets</a>]]></description>
      <styleUrl>#purple-dot.png</styleUrl>
      <Point>
        <coordinates>151.2139689,-33.8779117,0</coordinates>
      </Point>
    </Placemark>
    <Placemark>
      <name>Donny Benét – Il Basso Tour</name>
      <description><![CDATA[<b>Donny Benét – Il Basso Tour</b><br><i>Music</i><br>Sat 13th Jun<br>The Factory Theatre, 105 Victoria Road<br>Check site<br><br>Live performance by Donny Benét on his Il Basso tour.<br><br><a href="https://www.factorytheatre.com.au/event/donny-benet-2/">More info / tickets</a>]]></description>
      <styleUrl>#purple-dot.png</styleUrl>
      <Point>
        <coordinates>151.1652639,-33.9057026,0</coordinates>
      </Point>
    </Placemark>
    <Placemark>
      <name>ABOVE ft. KLP</name>
      <description><![CDATA[<b>ABOVE ft. KLP</b><br><i>Music</i><br>Sat 13th Jun<br>ivy Sydney, 330 George Street<br>Check site<br><br>Music event featuring KLP at ivy Sydney.<br><br><a href="https://www.gig-guide.co.uk/au/sydney-nsw">More info / tickets</a>]]></description>
      <styleUrl>#purple-dot.png</styleUrl>
      <Point>
        <coordinates>151.2075761,-33.8666105,0</coordinates>
      </Point>
    </Placemark>
    <Placemark>
      <name>APL Poker Night</name>
      <description><![CDATA[<b>APL Poker Night</b><br><i>Nightlife</i><br>Sat 13th Jun<br>Grand Junction Tavern, Pennington<br>Check site<br><br>Join a poker game with fellow enthusiasts at this casual event.<br><br><a href="https://surreal.live/en-au/events/adelaide">More info / tickets</a>]]></description>
      <styleUrl>#purple-dot.png</styleUrl>
      <Point>
        <coordinates>150.991812,-33.911045,0</coordinates>
      </Point>
    </Placemark>
    <Placemark>
      <name>Acoustic Music Session</name>
      <description><![CDATA[<b>Acoustic Music Session</b><br><i>Music</i><br>Sat 13th Jun<br>Stamford Grand Adelaide Hotel, Glenelg<br>Check site<br><br>Enjoy live acoustic performances in a relaxed setting.<br><br><a href="https://surreal.live/en-au/events/adelaide">More info / tickets</a>]]></description>
      <styleUrl>#purple-dot.png</styleUrl>
      <Point>
        <coordinates>151.209421,-33.868633,0</coordinates>
      </Point>
    </Placemark>
    <Placemark>
      <name>Acoustic Music Session</name>
      <description><![CDATA[<b>Acoustic Music Session</b><br><i>Music</i><br>Sat 13th Jun<br>Mick O'Shea's Hotel, Hackham<br>Check site<br><br>Relax with live acoustic music in a cozy pub atmosphere.<br><br><a href="https://surreal.live/en-au/events/adelaide">More info / tickets</a>]]></description>
      <styleUrl>#purple-dot.png</styleUrl>
      <Point>
        <coordinates>150.9917426,-33.8988779,0</coordinates>
      </Point>
    </Placemark>
    <Placemark>
      <name>Acoustic Music Session</name>
      <description><![CDATA[<b>Acoustic Music Session</b><br><i>Music</i><br>Sat 13th Jun<br>Woolshed on Hindley, Adelaide<br>Check site<br><br>Unwind with live acoustic performances in a welcoming venue.<br><br><a href="https://surreal.live/en-au/events/adelaide">More info / tickets</a>]]></description>
      <styleUrl>#purple-dot.png</styleUrl>
      <Point>
        <coordinates>151.210998,-33.886836,0</coordinates>
      </Point>
    </Placemark>
    <Placemark>
      <name>Musical Bingo</name>
      <description><![CDATA[<b>Musical Bingo</b><br><i>Music</i><br>Sat 13th Jun<br>Mile End Hotel, Mile End<br>Check site<br><br>A fun twist on bingo with musical themes.<br><br><a href="https://surreal.live/en-au/events/adelaide">More info / tickets</a>]]></description>
      <styleUrl>#purple-dot.png</styleUrl>
      <Point>
        <coordinates>150.917352,-33.683838,0</coordinates>
      </Point>
    </Placemark>
    <Placemark>
      <name>Horizons Bar Acoustic Night</name>
      <description><![CDATA[<b>Horizons Bar Acoustic Night</b><br><i>Music</i><br>Sat 13th Jun<br>Stamford Grand Adelaide Hotel, Glenelg<br>Check site<br><br>Live acoustic music at Horizons Bar.<br><br><a href="https://surreal.live/en-au/events/adelaide">More info / tickets</a>]]></description>
      <styleUrl>#purple-dot.png</styleUrl>
      <Point>
        <coordinates>151.209421,-33.868633,0</coordinates>
      </Point>
    </Placemark>
    <Placemark>
      <name>Saturday Night DJ</name>
      <description><![CDATA[<b>Saturday Night DJ</b><br><i>Nightlife</i><br>Sat 13th Jun<br>Mile End Hotel, Mile End<br>Check site<br><br>Dance to DJ sets at Mile End Hotel.<br><br><a href="https://surreal.live/en-au/events/adelaide">More info / tickets</a>]]></description>
      <styleUrl>#purple-dot.png</styleUrl>
      <Point>
        <coordinates>150.917352,-33.683838,0</coordinates>
      </Point>
    </Placemark>
    <Placemark>
      <name>Saturday DJ</name>
      <description><![CDATA[<b>Saturday DJ</b><br><i>Nightlife</i><br>Sat 13th Jun<br>Cremorne Hotel, Unley<br>Check site<br><br>DJ sets at Cremorne Hotel on Saturdays.<br><br><a href="https://surreal.live/en-au/events/adelaide">More info / tickets</a>]]></description>
      <styleUrl>#purple-dot.png</styleUrl>
      <Point>
        <coordinates>151.22698,-33.84008,0</coordinates>
      </Point>
    </Placemark>
    <Placemark>
      <name>Grand Bar Saturday Night DJ</name>
      <description><![CDATA[<b>Grand Bar Saturday Night DJ</b><br><i>Nightlife</i><br>Sat 13th Jun<br>Stamford Grand Adelaide Hotel, Glenelg<br>Check site<br><br>Weekend DJ night with music and dancing.<br><br><a href="https://surreal.live/en-au/events/adelaide">More info / tickets</a>]]></description>
      <styleUrl>#purple-dot.png</styleUrl>
      <Point>
        <coordinates>151.209421,-33.868633,0</coordinates>
      </Point>
    </Placemark>
    <Placemark>
      <name>Saturday Band Night</name>
      <description><![CDATA[<b>Saturday Band Night</b><br><i>Music</i><br>Sat 13th Jun<br>Royal Oak, North Adelaide<br>Check site<br><br>Live music performance by a band.<br><br><a href="https://surreal.live/en-au/events/adelaide">More info / tickets</a>]]></description>
      <styleUrl>#purple-dot.png</styleUrl>
      <Point>
        <coordinates>151.1809784,-33.8555843,0</coordinates>
      </Point>
    </Placemark>
    <Placemark>
      <name>Karaoke with Bristles</name>
      <description><![CDATA[<b>Karaoke with Bristles</b><br><i>Nightlife</i><br>Sat 13th Jun<br>Swanport Hotel, Murray Bridge<br>Check site<br><br>Sing-along karaoke session with a host.<br><br><a href="https://surreal.live/en-au/events/adelaide">More info / tickets</a>]]></description>
      <styleUrl>#purple-dot.png</styleUrl>
      <Point>
        <coordinates>151.2056755,-33.8689862,0</coordinates>
      </Point>
    </Placemark>
    <Placemark>
      <name>Listening Lounge</name>
      <description><![CDATA[<b>Listening Lounge</b><br><i>Music</i><br>Sat 13th Jun<br>The Still, Hobart<br>Check site<br><br>A relaxed evening of curated music and listening.<br><br><a href="https://surreal.live/en-au/events/hobart">More info / tickets</a>]]></description>
      <styleUrl>#purple-dot.png</styleUrl>
      <Point>
        <coordinates>151.209421,-33.868633,0</coordinates>
      </Point>
    </Placemark>
    <Placemark>
      <name>Sunset Sessions</name>
      <description><![CDATA[<b>Sunset Sessions</b><br><i>Music</i><br>Sat 13th Jun<br>Restaurant Maria, Hobart<br>Check site<br><br>Evening music performances with sunset views.<br><br><a href="https://surreal.live/en-au/events/hobart">More info / tickets</a>]]></description>
      <styleUrl>#purple-dot.png</styleUrl>
      <Point>
        <coordinates>151.216785,-33.867863,0</coordinates>
      </Point>
    </Placemark>
    <Placemark>
      <name>Hobart Town Hotel Musician</name>
      <description><![CDATA[<b>Hobart Town Hotel Musician</b><br><i>Music</i><br>Sat 13th Jun<br>Hobart Town Hotel, Hobart<br>Check site<br><br>Live music at a historic pub.<br><br><a href="https://surreal.live/en-au/events/hobart">More info / tickets</a>]]></description>
      <styleUrl>#purple-dot.png</styleUrl>
      <Point>
        <coordinates>151.205105,-33.874366,0</coordinates>
      </Point>
    </Placemark>
    <Placemark>
      <name>Botanica Saturday DJ</name>
      <description><![CDATA[<b>Botanica Saturday DJ</b><br><i>Nightlife</i><br>Sat 13th Jun<br>Botanica Bar Salamanca, Battery Point<br>Check site<br><br>Saturday DJ night at Botanica Bar.<br><br><a href="https://surreal.live/en-au/events/hobart">More info / tickets</a>]]></description>
      <styleUrl>#purple-dot.png</styleUrl>
      <Point>
        <coordinates>151.265733,-33.825859,0</coordinates>
      </Point>
    </Placemark>
    <Placemark>
      <name>Wild West Family Day</name>
      <description><![CDATA[<b>Wild West Family Day</b><br><i>Family</i><br>Sat 13th Jun<br>Morningside Tavern, Sandringham<br>Check site<br><br>A family-friendly event with Wild West themes and activities.<br><br><a href="https://surreal.live/en-nz/events/auckland">More info / tickets</a>]]></description>
      <styleUrl>#green-dot.png</styleUrl>
      <Point>
        <coordinates>151.2074506,-33.8858282,0</coordinates>
      </Point>
    </Placemark>
    <Placemark>
      <name>Saturday Entertainment</name>
      <description><![CDATA[<b>Saturday Entertainment</b><br><i>Arts &amp; Social</i><br>Sat 13th Jun<br>Fat Eddie's, Christchurch Central City<br>Check site<br><br>A variety of entertainment options at Fat Eddie's.<br><br><a href="https://surreal.live/en-nz/events/christchurch">More info / tickets</a>]]></description>
      <styleUrl>#yellow-dot.png</styleUrl>
      <Point>
        <coordinates>151.221634,-33.876754,0</coordinates>
      </Point>
    </Placemark>
    <Placemark>
      <name>Live Music</name>
      <description><![CDATA[<b>Live Music</b><br><i>Music</i><br>Sat 13th Jun<br>The Bog, Christchurch Central City<br>Check site<br><br>Live music performance at The Bog.<br><br><a href="https://surreal.live/en-nz/events/christchurch">More info / tickets</a>]]></description>
      <styleUrl>#purple-dot.png</styleUrl>
      <Point>
        <coordinates>151.2081,-33.85923,0</coordinates>
      </Point>
    </Placemark>
    <Placemark>
      <name>Saturday Shindigs</name>
      <description><![CDATA[<b>Saturday Shindigs</b><br><i>Nightlife</i><br>Sat 13th Jun<br>Brewhemia, Edinburgh<br>Check site<br><br>A lively Saturday event with music and socializing.<br><br><a href="https://surreal.live/en-gb/events/edinburgh">More info / tickets</a>]]></description>
      <styleUrl>#purple-dot.png</styleUrl>
      <Point>
        <coordinates>151.208157,-33.87464,0</coordinates>
      </Point>
    </Placemark>
    <Placemark>
      <name>Old Town Saturdays</name>
      <description><![CDATA[<b>Old Town Saturdays</b><br><i>Nightlife</i><br>Sat 13th Jun<br>The Globe Bar, Edinburgh<br>Check site<br><br>A Saturday event with a vintage or themed atmosphere.<br><br><a href="https://surreal.live/en-gb/events/edinburgh">More info / tickets</a>]]></description>
      <styleUrl>#purple-dot.png</styleUrl>
      <Point>
        <coordinates>151.21351,-33.866561,0</coordinates>
      </Point>
    </Placemark>
    <Placemark>
      <name>Lobby</name>
      <description><![CDATA[<b>Lobby</b><br><i>Nightlife</i><br>Sat 13th Jun<br>Freddy's Edinburgh, Edinburgh<br>Check site<br><br>A Saturday event at Freddy's Edinburgh.<br><br><a href="https://surreal.live/en-gb/events/edinburgh">More info / tickets</a>]]></description>
      <styleUrl>#purple-dot.png</styleUrl>
      <Point>
        <coordinates>151.208157,-33.87464,0</coordinates>
      </Point>
    </Placemark>
    <Placemark>
      <name>Boston Bar Saturday</name>
      <description><![CDATA[<b>Boston Bar Saturday</b><br><i>Nightlife</i><br>Sat 13th Jun<br>Boston Bar, Edinburgh<br>Check site<br><br>A Saturday event at Boston Bar.<br><br><a href="https://surreal.live/en-gb/events/edinburgh">More info / tickets</a>]]></description>
      <styleUrl>#purple-dot.png</styleUrl>
      <Point>
        <coordinates>151.204081,-33.871194,0</coordinates>
      </Point>
    </Placemark>
    <Placemark>
      <name>Westside Rodeo Saturday</name>
      <description><![CDATA[<b>Westside Rodeo Saturday</b><br><i>Nightlife</i><br>Sat 13th Jun<br>Westside Rodeo, Edinburgh<br>Check site<br><br>A Saturday event at Westside Rodeo.<br><br><a href="https://surreal.live/en-gb/events/edinburgh">More info / tickets</a>]]></description>
      <styleUrl>#purple-dot.png</styleUrl>
      <Point>
        <coordinates>151.208157,-33.87464,0</coordinates>
      </Point>
    </Placemark>
    <Placemark>
      <name>Caffe Bar Sessions</name>
      <description><![CDATA[<b>Caffe Bar Sessions</b><br><i>Music</i><br>Sat 13th Jun<br>Brewhemia, Edinburgh<br>Check site<br><br>Live music sessions at Brewhemia.<br><br><a href="https://surreal.live/en-gb/events/edinburgh">More info / tickets</a>]]></description>
      <styleUrl>#purple-dot.png</styleUrl>
      <Point>
        <coordinates>151.208157,-33.87464,0</coordinates>
      </Point>
    </Placemark>
    <Placemark>
      <name>DJ Set @ Wilson's Social</name>
      <description><![CDATA[<b>DJ Set @ Wilson's Social</b><br><i>Music</i><br>Sat 13th Jun – Sun 14th Jun<br>Wilson's Social, Manchester<br>Check site<br><br>DJ Set @ Wilson's Social (No Scrubs, Classic Hip Hop &amp; R&amp;B). B2B classics for the dancefloor. Bring appropriate footwear!<br><br><a href="https://surreal.live/en-gb/events/manchester">More info / tickets</a>]]></description>
      <styleUrl>#purple-dot.png</styleUrl>
      <Point>
        <coordinates>151.1854993,-33.8852601,0</coordinates>
      </Point>
    </Placemark>
    <Placemark>
      <name>Manchester Got Soul</name>
      <description><![CDATA[<b>Manchester Got Soul</b><br><i>Music</i><br>Sat 13th Jun – Sun 14th Jun<br>The Blues Kitchen Manchester, Manchester<br>Check site<br><br>Getting lost on the dancefloor and being found at the bar. This energy on loop all night because the band is playing everything from Childish Gambino to The Supremes and the bartender makes a banging negroni. Live music &amp; DJs ‘til 3am. Soul, Motown, R&amp;B, neo-soul. We also have private areas and VIP tables available...<br><br><a href="https://surreal.live/en-gb/events/manchester">More info / tickets</a>]]></description>
      <styleUrl>#purple-dot.png</styleUrl>
      <Point>
        <coordinates>151.2562878,-33.9238451,0</coordinates>
      </Point>
    </Placemark>
    <Placemark>
      <name>Hurricanes Semi Final Pre Party</name>
      <description><![CDATA[<b>Hurricanes Semi Final Pre Party</b><br><i>Nightlife</i><br>Sat 13th Jun<br>Flamingo Joe's Bar &amp; Eatery, Pipitea<br>Check site<br><br>Celebrate the Hurricanes' semi-final match with drinks and music.<br><br><a href="https://surreal.live/en-nz/events/wellington">More info / tickets</a>]]></description>
      <styleUrl>#purple-dot.png</styleUrl>
      <Point>
        <coordinates>151.216964,-33.867791,0</coordinates>
      </Point>
    </Placemark>
    <Placemark>
      <name>Hurricanes Home Semi Final Party</name>
      <description><![CDATA[<b>Hurricanes Home Semi Final Party</b><br><i>Nightlife</i><br>Sat 13th Jun<br>Foxglove Bar &amp; Kitchen, Wellington Central<br>Check site<br><br>Pre- and post-game party for the Hurricanes' semi-final match.<br><br><a href="https://surreal.live/en-nz/events/wellington">More info / tickets</a>]]></description>
      <styleUrl>#purple-dot.png</styleUrl>
      <Point>
        <coordinates>150.841548,-33.937026,0</coordinates>
      </Point>
    </Placemark>
    <Placemark>
      <name>Zephyr</name>
      <description><![CDATA[<b>Zephyr</b><br><i>Music</i><br>Sat 13th Jun<br>Gibbons Hotel, Te Aro<br>Check site<br><br>Live music or performance at Gibbons Hotel.<br><br><a href="https://surreal.live/en-nz/events/wellington">More info / tickets</a>]]></description>
      <styleUrl>#purple-dot.png</styleUrl>
      <Point>
        <coordinates>151.198702,-33.893003,0</coordinates>
      </Point>
    </Placemark>
    <Placemark>
      <name>Hurricanes Home Semi Final</name>
      <description><![CDATA[<b>Hurricanes Home Semi Final</b><br><i>Sport &amp; Fitness</i><br>Sat 13th Jun<br>The Green Man Pub, Wellington Central<br>Check site<br><br>Watch the Hurricanes play in a crucial semi-final match.<br><br><a href="https://surreal.live/en-nz/events/wellington">More info / tickets</a>]]></description>
      <styleUrl>#ltblue-dot.png</styleUrl>
      <Point>
        <coordinates>151.209421,-33.868633,0</coordinates>
      </Point>
    </Placemark>
    <Placemark>
      <name>House DJ</name>
      <description><![CDATA[<b>House DJ</b><br><i>Nightlife</i><br>Sat 13th Jun<br>The Tote, Trentham<br>Check site<br><br>Enjoy a night of house music with local DJs.<br><br><a href="https://surreal.live/en-nz/events/wellington">More info / tickets</a>]]></description>
      <styleUrl>#purple-dot.png</styleUrl>
      <Point>
        <coordinates>151.2081,-33.85923,0</coordinates>
      </Point>
    </Placemark>
    <Placemark>
      <name>LUSTII</name>
      <description><![CDATA[<b>LUSTII</b><br><i>Music</i><br>Sat 13th Jun<br>The Abercrombie Hotel, Chippendale<br>Check site<br><br>Live performance by artist LUSTII.<br><br><a href="https://surreal.live/en-au/venue/the-abercrombie-hotel">More info / tickets</a>]]></description>
      <styleUrl>#purple-dot.png</styleUrl>
      <Point>
        <coordinates>151.1987369,-33.8844932,0</coordinates>
      </Point>
    </Placemark>
    <Placemark>
      <name>Echoes of Piazzolla</name>
      <description><![CDATA[<b>Echoes of Piazzolla</b><br><i>Music</i><br>Sat 13th Jun<br>Sydney City, Sydney City<br>from $50<br><br>Echoes of Piazzolla: The Experience' - an immersive audio-visual experience of the legendary musician's music and life. 'Echoes of Piazzolla: The Experience' combines live performance with stunning visuals.<br><br><a href="https://www.sydney.com/destinations/sydney/sydney-city/the-rocks/events/echoes-piazzolla-the-experience">More info / tickets</a>]]></description>
      <styleUrl>#purple-dot.png</styleUrl>
      <Point>
        <coordinates>151.2053644,-33.8747234,0</coordinates>
      </Point>
    </Placemark>
    <Placemark>
      <name>Thundamentals</name>
      <description><![CDATA[<b>Thundamentals</b><br><i>Music</i><br>Sat 13th Jun<br>Miranda Hotel, Bathurst, NSW, Australia<br>Check site<br><br>Live music performance featuring Omar Musa.<br><br><a href="https://sydneymusic.net/gig-guide">More info / tickets</a>]]></description>
      <styleUrl>#purple-dot.png</styleUrl>
      <Point>
        <coordinates>151.1012469,-34.0344207,0</coordinates>
      </Point>
    </Placemark>
    <Placemark>
      <name>King Machete</name>
      <description><![CDATA[<b>King Machete</b><br><i>Music</i><br>Sat 13th Jun<br>Lazy Thinking<br>Check site<br><br>Live performance with supporting acts.<br><br><a href="https://sydneymusic.net/gig-guide">More info / tickets</a>]]></description>
      <styleUrl>#purple-dot.png</styleUrl>
      <Point>
        <coordinates>151.1436185,-33.9028662,0</coordinates>
      </Point>
    </Placemark>
    <Placemark>
      <name>Song Brother</name>
      <description><![CDATA[<b>Song Brother</b><br><i>Music</i><br>Sat 13th Jun<br>Humph Hall<br>Check site<br><br>Live music event with supporting artist.<br><br><a href="https://sydneymusic.net/gig-guide">More info / tickets</a>]]></description>
      <styleUrl>#purple-dot.png</styleUrl>
      <Point>
        <coordinates>151.2068498,-33.873567,0</coordinates>
      </Point>
    </Placemark>
    <Placemark>
      <name>Dark Order</name>
      <description><![CDATA[<b>Dark Order</b><br><i>Music</i><br>Sat 13th Jun<br>Dead Set<br>FREE<br><br>Live music event featuring Dark Order and supporting acts.<br><br><a href="https://sydneymusic.net/gig-guide">More info / tickets</a>]]></description>
      <styleUrl>#purple-dot.png</styleUrl>
      <Point>
        <coordinates>151.0668745,-33.8470229,0</coordinates>
      </Point>
    </Placemark>
    <Placemark>
      <name>Divebar Bloodsports</name>
      <description><![CDATA[<b>Divebar Bloodsports</b><br><i>Music</i><br>Sat 13th Jun<br>Crowbar<br>Check site<br><br>Live music event with multiple bands performing.<br><br><a href="https://sydneymusic.net/gig-guide">More info / tickets</a>]]></description>
      <styleUrl>#purple-dot.png</styleUrl>
      <Point>
        <coordinates>151.159341,-33.8877179,0</coordinates>
      </Point>
    </Placemark>
    <Placemark>
      <name>Alex Lloyd</name>
      <description><![CDATA[<b>Alex Lloyd</b><br><i>Music</i><br>Sat 13th Jun<br>Bondi Pavilion, Bondi<br>Check site<br><br>Live music performance featuring Miya Zawa.<br><br><a href="https://sydneymusic.net/gig-guide">More info / tickets</a>]]></description>
      <styleUrl>#purple-dot.png</styleUrl>
      <Point>
        <coordinates>151.2775798,-33.8901046,0</coordinates>
      </Point>
    </Placemark>
    <Placemark>
      <name>watson</name>
      <description><![CDATA[<b>watson</b><br><i>Music</i><br>Sat 13th Jun<br>The Eveleigh Hotel, Redfern, NSW, Australia<br>Check site<br><br>Live music performance featuring Big Heck.<br><br><a href="https://sydneymusic.net/gig-guide">More info / tickets</a>]]></description>
      <styleUrl>#purple-dot.png</styleUrl>
      <Point>
        <coordinates>151.1983046,-33.8894517,0</coordinates>
      </Point>
    </Placemark>
    <Placemark>
      <name>Sora-Jackson Duo</name>
      <description><![CDATA[<b>Sora-Jackson Duo</b><br><i>Music</i><br>Sat 13th Jun<br>Sappho Books, Cafe &amp; Bar<br>FREE<br><br>Live music performance by the Sora-Jackson Duo.<br><br><a href="https://sydneymusic.net/gig-guide">More info / tickets</a>]]></description>
      <styleUrl>#purple-dot.png</styleUrl>
      <Point>
        <coordinates>151.1914551,-33.8832148,0</coordinates>
      </Point>
    </Placemark>
    <Placemark>
      <name>Blood of a Pomegranate</name>
      <description><![CDATA[<b>Blood of a Pomegranate</b><br><i>Music</i><br>Sat 13th Jun<br>Secret Alexandria Location<br>Check site<br><br>Live music performance with supporting acts.<br><br><a href="https://sydneymusic.net/gig-guide">More info / tickets</a>]]></description>
      <styleUrl>#purple-dot.png</styleUrl>
      <Point>
        <coordinates>151.2181056,-33.8416649,0</coordinates>
      </Point>
    </Placemark>
    <Placemark>
      <name>Halcyon Reign</name>
      <description><![CDATA[<b>Halcyon Reign</b><br><i>Music</i><br>Sat 13th Jun<br>Sneaky Possum<br>Check site<br><br>Live music performance with supporting acts.<br><br><a href="https://sydneymusic.net/gig-guide">More info / tickets</a>]]></description>
      <styleUrl>#purple-dot.png</styleUrl>
      <Point>
        <coordinates>151.1989078,-33.8871632,0</coordinates>
      </Point>
    </Placemark>
    <Placemark>
      <name>Voyage Into Sound</name>
      <description><![CDATA[<b>Voyage Into Sound</b><br><i>Theatre</i><br>Sat 13th Jun<br>The Living Room Theatre<br>Check site<br><br>Theatrical or immersive sound experience.<br><br><a href="https://sydneymusic.net/gig-guide">More info / tickets</a>]]></description>
      <styleUrl>#blue-dot.png</styleUrl>
      <Point>
        <coordinates>151.1587151,-33.7294784,0</coordinates>
      </Point>
    </Placemark>
    <Placemark>
      <name>Lake Crook Mouth</name>
      <description><![CDATA[<b>Lake Crook Mouth</b><br><i>Music</i><br>Sat 13th Jun<br>The Burdekin<br>Check site<br><br>Live music performance with supporting acts.<br><br><a href="https://sydneymusic.net/gig-guide">More info / tickets</a>]]></description>
      <styleUrl>#purple-dot.png</styleUrl>
      <Point>
        <coordinates>151.212363,-33.868862,0</coordinates>
      </Point>
    </Placemark>
    <Placemark>
      <name>Bec Taylor &amp; the Lyrebirds</name>
      <description><![CDATA[<b>Bec Taylor &amp; the Lyrebirds</b><br><i>Music</i><br>Sat 13th Jun<br>Gasoline Pony<br>Check site<br><br>Live music performance with supporting act.<br><br><a href="https://sydneymusic.net/gig-guide">More info / tickets</a>]]></description>
      <styleUrl>#purple-dot.png</styleUrl>
      <Point>
        <coordinates>151.1608303,-33.9124405,0</coordinates>
      </Point>
    </Placemark>
    <Placemark>
      <name>Sodium Tail</name>
      <description><![CDATA[<b>Sodium Tail</b><br><i>Music</i><br>Sat 13th Jun<br>Stadium Rockdale<br>Check site<br><br>Live performance with Cottage Hag.<br><br><a href="https://sydneymusic.net/gig-guide">More info / tickets</a>]]></description>
      <styleUrl>#purple-dot.png</styleUrl>
      <Point>
        <coordinates>151.1371317,-33.9527299,0</coordinates>
      </Point>
    </Placemark>
    <Placemark>
      <name>my dog, satellite</name>
      <description><![CDATA[<b>my dog, satellite</b><br><i>Music</i><br>Sat 13th Jun<br>The Lansdowne<br>Check site<br><br>Live music with Zephyr and Should Be Sweet.<br><br><a href="https://sydneymusic.net/gig-guide">More info / tickets</a>]]></description>
      <styleUrl>#purple-dot.png</styleUrl>
      <Point>
        <coordinates>151.1948689,-33.884762,0</coordinates>
      </Point>
    </Placemark>
    <Placemark>
      <name>Lucienne</name>
      <description><![CDATA[<b>Lucienne</b><br><i>Music</i><br>Sat 13th Jun<br>Razz Room<br>FREE<br><br>Live performance with SUÉ and Tunnel Signs.<br><br><a href="https://sydneymusic.net/gig-guide">More info / tickets</a>]]></description>
      <styleUrl>#purple-dot.png</styleUrl>
      <Point>
        <coordinates>151.2155075,-33.8574883,0</coordinates>
      </Point>
    </Placemark>
    <Placemark>
      <name>Baby's Alright</name>
      <description><![CDATA[<b>Baby's Alright</b><br><i>Music</i><br>Sat 13th Jun<br>The Chippo Hotel<br>Check site<br><br>Live music night with supporting acts.<br><br><a href="https://sydneymusic.net/gig-guide">More info / tickets</a>]]></description>
      <styleUrl>#purple-dot.png</styleUrl>
      <Point>
        <coordinates>151.1986847,-33.8874295,0</coordinates>
      </Point>
    </Placemark>
    <Placemark>
      <name>OUTLAW</name>
      <description><![CDATA[<b>OUTLAW</b><br><i>Music</i><br>Sat 13th Jun<br>Liberty Hall (Entertainment Quarter)<br>Check site<br><br>Live performance by OUTLAW.<br><br><a href="https://sydneymusic.net/gig-guide">More info / tickets</a>]]></description>
      <styleUrl>#purple-dot.png</styleUrl>
      <Point>
        <coordinates>151.2251014,-33.8939059,0</coordinates>
      </Point>
    </Placemark>
    <Placemark>
      <name>Lobsterman</name>
      <description><![CDATA[<b>Lobsterman</b><br><i>Music</i><br>Sat 13th Jun<br>Union Hotel<br>FREE<br><br>Live music with supporting acts.<br><br><a href="https://sydneymusic.net/gig-guide">More info / tickets</a>]]></description>
      <styleUrl>#purple-dot.png</styleUrl>
      <Point>
        <coordinates>151.2049917,-33.8334199,0</coordinates>
      </Point>
    </Placemark>
    <Placemark>
      <name>Necko</name>
      <description><![CDATA[<b>Necko</b><br><i>Music</i><br>Sat 13th Jun<br>Marrickville Bowling Club<br>Check site<br><br>Live music with supporting acts.<br><br><a href="https://sydneymusic.net/gig-guide">More info / tickets</a>]]></description>
      <styleUrl>#purple-dot.png</styleUrl>
      <Point>
        <coordinates>151.1639707,-33.9103876,0</coordinates>
      </Point>
    </Placemark>
    <Placemark>
      <name>The Trouble w/ Violet</name>
      <description><![CDATA[<b>The Trouble w/ Violet</b><br><i>Music</i><br>Sat 13th Jun<br>Rossco's Bar<br>FREE<br><br>A live music performance by The Trouble w/ Violet.<br><br><a href="https://sydneymusic.net/gig-guide">More info / tickets</a>]]></description>
      <styleUrl>#purple-dot.png</styleUrl>
      <Point>
        <coordinates>151.204081,-33.871194,0</coordinates>
      </Point>
    </Placemark>
    <Placemark>
      <name>IVE (KOR)</name>
      <description><![CDATA[<b>IVE (KOR)</b><br><i>Music</i><br>Sat 13th Jun<br>Sydney SuperDome, Sydney Olympic Park<br>Free<br><br>A concert by the popular K-pop group IVE.<br><br><a href="https://sydneymusic.net/gig-guide">More info / tickets</a>]]></description>
      <styleUrl>#purple-dot.png</styleUrl>
      <Point>
        <coordinates>151.0671641,-33.8502953,0</coordinates>
      </Point>
    </Placemark>
    <Placemark>
      <name>Off Chops</name>
      <description><![CDATA[<b>Off Chops</b><br><i>Music</i><br>Sat 13th Jun<br>Petersham Bowling Club<br>Check site<br><br>Live music event featuring Off Chops and Nutmilk.<br><br><a href="https://sydneymusic.net/gig-guide">More info / tickets</a>]]></description>
      <styleUrl>#purple-dot.png</styleUrl>
      <Point>
        <coordinates>151.1524886,-33.8929336,0</coordinates>
      </Point>
    </Placemark>
    <Placemark>
      <name>The Hastings</name>
      <description><![CDATA[<b>The Hastings</b><br><i>Music</i><br>Sat 13th Jun<br>Botany View Hotel<br>Check site<br><br>Live music performance by The Hastings with supporting acts.<br><br><a href="https://sydneymusic.net/gig-guide">More info / tickets</a>]]></description>
      <styleUrl>#purple-dot.png</styleUrl>
      <Point>
        <coordinates>151.1807446,-33.9058534,0</coordinates>
      </Point>
    </Placemark>
    <Placemark>
      <name>Zane Banks Trio</name>
      <description><![CDATA[<b>Zane Banks Trio</b><br><i>Music</i><br>Sat 13th Jun<br>The MiTCH<br>FREE<br><br>Live jazz or instrumental performance.<br><br><a href="https://sydneymusic.net/gig-guide">More info / tickets</a>]]></description>
      <styleUrl>#purple-dot.png</styleUrl>
      <Point>
        <coordinates>151.212363,-33.868862,0</coordinates>
      </Point>
    </Placemark>
    <Placemark>
      <name>Ms. Thandi</name>
      <description><![CDATA[<b>Ms. Thandi</b><br><i>Music</i><br>Sat 13th Jun<br>Red Rattler<br>Check site<br><br>DJ performance with supporting acts.<br><br><a href="https://sydneymusic.net/gig-guide">More info / tickets</a>]]></description>
      <styleUrl>#purple-dot.png</styleUrl>
      <Point>
        <coordinates>151.1640633,-33.9098292,0</coordinates>
      </Point>
    </Placemark>
    <Placemark>
      <name>Karla</name>
      <description><![CDATA[<b>Karla</b><br><i>Music</i><br>Sat 13th Jun<br>Bombies @ Harbord Hotel<br>FREE<br><br>Live music performance with supporting act.<br><br><a href="https://sydneymusic.net/gig-guide">More info / tickets</a>]]></description>
      <styleUrl>#purple-dot.png</styleUrl>
      <Point>
        <coordinates>151.284118,-33.768185,0</coordinates>
      </Point>
    </Placemark>
    <Placemark>
      <name>FIELDS</name>
      <description><![CDATA[<b>FIELDS</b><br><i>Music</i><br>Sat 13th Jun<br>Butchers Brew Bar<br>Check site<br><br>Live music event at Butchers Brew Bar.<br><br><a href="https://sydneymusic.net/gig-guide">More info / tickets</a>]]></description>
      <styleUrl>#purple-dot.png</styleUrl>
      <Point>
        <coordinates>151.2020336,-33.9116928,0</coordinates>
      </Point>
    </Placemark>
    <Placemark>
      <name>BMANZ</name>
      <description><![CDATA[<b>BMANZ</b><br><i>Music</i><br>Sat 13th Jun<br>Mansions<br>Check site<br><br>Live music with Wint3r and Sky Parka.<br><br><a href="https://sydneymusic.net/gig-guide">More info / tickets</a>]]></description>
      <styleUrl>#purple-dot.png</styleUrl>
      <Point>
        <coordinates>151.2113599,-33.8788258,0</coordinates>
      </Point>
    </Placemark>
    <Placemark>
      <name>Punk vs Hip Hop</name>
      <description><![CDATA[<b>Punk vs Hip Hop</b><br><i>Music</i><br>Sat 13th Jun<br>MoshPit Bar<br>$14.01<br><br>W/ Matt Xander, Imagine The Rapper, Beyond Dope, Old Mate Hamb [ft. Meeto The Drummer], The Cunning Linguists, Garv, Jimmy The Hand [DJ]<br><br><a href="https://www.eventbrite.com/e/daisys-child-birdcage-woeful-gifts-of-mercy-emporium-tickets-1990376554855">More info / tickets</a>]]></description>
      <styleUrl>#purple-dot.png</styleUrl>
      <Point>
        <coordinates>151.204081,-33.871194,0</coordinates>
      </Point>
    </Placemark>
    <Placemark>
      <name>New Sun II</name>
      <description><![CDATA[<b>New Sun II</b><br><i>Arts &amp; Culture</i><br>Sat 13th Jun<br>Golden Age Cinema &amp; Bar<br>FREE<br><br>Film screening at Golden Age Cinema.<br><br><a href="https://sydneymusic.net/gig-guide">More info / tickets</a>]]></description>
      <styleUrl>#orange-dot.png</styleUrl>
      <Point>
        <coordinates>151.2111071,-33.8794635,0</coordinates>
      </Point>
    </Placemark>
    <Placemark>
      <name>Organs</name>
      <description><![CDATA[<b>Organs</b><br><i>Music</i><br>Sat 13th Jun<br>185 Bar<br>Check site<br><br>Live music with Physical Copy and Fringe.<br><br><a href="https://sydneymusic.net/gig-guide">More info / tickets</a>]]></description>
      <styleUrl>#purple-dot.png</styleUrl>
      <Point>
        <coordinates>151.2131978,-33.8472656,0</coordinates>
      </Point>
    </Placemark>
    <Placemark>
      <name>Gaba Wright &amp; The High Tides</name>
      <description><![CDATA[<b>Gaba Wright &amp; The High Tides</b><br><i>Music</i><br>Sat 13th Jun<br>Vic on the Park<br>FREE<br><br>Live music performance by Gaba Wright and supporting act Xingfu.<br><br><a href="https://sydneymusic.net/gig-guide">More info / tickets</a>]]></description>
      <styleUrl>#purple-dot.png</styleUrl>
      <Point>
        <coordinates>151.1682,-33.904172,0</coordinates>
      </Point>
    </Placemark>
    <Placemark>
      <name>Womp Krew</name>
      <description><![CDATA[<b>Womp Krew</b><br><i>Music</i><br>Sat 13th Jun<br>Chinese Laundry<br>Check site<br><br>Live electronic music performance featuring Womp Krew and UK artist INJA.<br><br><a href="https://sydneymusic.net/gig-guide">More info / tickets</a>]]></description>
      <styleUrl>#purple-dot.png</styleUrl>
      <Point>
        <coordinates>151.20246,-33.876398,0</coordinates>
      </Point>
    </Placemark>
    <Placemark>
      <name>Willie J's 6v6s</name>
      <description><![CDATA[<b>Willie J's 6v6s</b><br><i>Music</i><br>Sat 13th Jun<br>The Duke of Enmore<br>FREE<br><br>Live music event with Willie J and supporting act Die Rat Die.<br><br><a href="https://sydneymusic.net/gig-guide">More info / tickets</a>]]></description>
      <styleUrl>#purple-dot.png</styleUrl>
      <Point>
        <coordinates>151.2057496,-33.8697092,0</coordinates>
      </Point>
    </Placemark>
    <Placemark>
      <name>Uone &amp; Western</name>
      <description><![CDATA[<b>Uone &amp; Western</b><br><i>Music</i><br>Sat 13th Jun<br>Civic Underground<br>Check site<br><br>Live music event featuring Uone &amp; Western and DJs Charles &amp; Lucca, Oliiv, and Lili Joy.<br><br><a href="https://sydneymusic.net/gig-guide">More info / tickets</a>]]></description>
      <styleUrl>#purple-dot.png</styleUrl>
      <Point>
        <coordinates>151.207289,-33.833969,0</coordinates>
      </Point>
    </Placemark>
    <Placemark>
      <name>Cel$</name>
      <description><![CDATA[<b>Cel$</b><br><i>Music</i><br>Sat 13th Jun<br>OAF Gallery @ Oxford Art Factory<br>Check site<br><br>Live music performance by Cel$ with supporting acts Deens and Fuschia Fuschia.<br><br><a href="https://sydneymusic.net/gig-guide">More info / tickets</a>]]></description>
      <styleUrl>#purple-dot.png</styleUrl>
      <Point>
        <coordinates>151.2137927,-33.8779851,0</coordinates>
      </Point>
    </Placemark>
    <Placemark>
      <name>Tubular Bells</name>
      <description><![CDATA[<b>Tubular Bells</b><br><i>Music</i><br>Sat 13th Jun<br>Concert Hall, Sydney Opera House<br>Check site<br><br>A contemporary music performance inspired by Mike Oldfield’s classic.<br><br><a href="https://www.sydneyoperahouse.com/whats-on">More info / tickets</a>]]></description>
      <styleUrl>#purple-dot.png</styleUrl>
      <Point>
        <coordinates>151.214847,-33.856629,0</coordinates>
      </Point>
    </Placemark>
    <Placemark>
      <name>A Midsummer Night's Dream</name>
      <description><![CDATA[<b>A Midsummer Night's Dream</b><br><i>Theatre</i><br>Sat 13th Jun<br>The Joan, Kids &amp; Family, Music<br>Check site<br><br>A youth performance of Shakespeare's classic comedy.<br><br><a href="https://www.thejoan.com.au/whats-on">More info / tickets</a>]]></description>
      <styleUrl>#blue-dot.png</styleUrl>
      <Point>
        <coordinates>151.2304442,-33.8271144,0</coordinates>
      </Point>
    </Placemark>
    <Placemark>
      <name>Dance Therapy Y2Gay Pride Party</name>
      <description><![CDATA[<b>Dance Therapy Y2Gay Pride Party</b><br><i>Music</i><br>Sat 13th Jun<br>AUNTY’S, Darlinghurst, NSW<br>Check site<br><br>A queer dance party celebrating Pride.<br><br><a href="https://www.universal.sydney/universal-calendar">More info / tickets</a>]]></description>
      <styleUrl>#purple-dot.png</styleUrl>
      <Point>
        <coordinates>151.219439,-33.878132,0</coordinates>
      </Point>
    </Placemark>
    <Placemark>
      <name>Kitty Glitter's Farewell Party</name>
      <description><![CDATA[<b>Kitty Glitter's Farewell Party</b><br><i>Nightlife</i><br>Sat 13th Jun – Sun 14th Jun<br>AUNTY’S, Darlinghurst, NSW<br>Check site<br><br>A farewell party featuring Kitty Glitter.<br><br><a href="https://www.universal.sydney/universal-calendar">More info / tickets</a>]]></description>
      <styleUrl>#purple-dot.png</styleUrl>
      <Point>
        <coordinates>151.219439,-33.878132,0</coordinates>
      </Point>
    </Placemark>
    <Placemark>
      <name>Matt Corby + Gretta Ray</name>
      <description><![CDATA[<b>Matt Corby + Gretta Ray</b><br><i>Music</i><br>Sat 13th Jun<br>Darling Harbour, Sydney<br>Free<br><br>Two-time ARIA Award-winner and multi-platinum national treasure Matt Corby will take to the Tumbalong Nights stage to send off Vivid Sydney with a special...<br><br><a href="https://www.vividsydney.com/programs/free-events">More info / tickets</a>]]></description>
      <styleUrl>#purple-dot.png</styleUrl>
      <Point>
        <coordinates>151.1995619,-33.8675516,0</coordinates>
      </Point>
    </Placemark>
    <Placemark>
      <name>Angie Who</name>
      <description><![CDATA[<b>Angie Who</b><br><i>Music</i><br>Sat 13th Jun<br>Darling Harbour, Darling Harbour<br>Free<br><br>Angie Who gets the whole family dancing, with whimsical folk, roots and bluegrass for all ages. Energetic, engaging and unique, she adds...<br><br><a href="https://www.vividsydney.com/event/music/angie-who-tumbalong-kids">More info / tickets</a>]]></description>
      <styleUrl>#purple-dot.png</styleUrl>
      <Point>
        <coordinates>151.199,-33.8723,0</coordinates>
      </Point>
    </Placemark>
    <Placemark>
      <name>Dan Muggleton - Encore</name>
      <description><![CDATA[<b>Dan Muggleton - Encore</b><br><i>Comedy</i><br>Sat 13th Jun<br>The Comedy Store, Moore Park<br>Free<br><br>Daniel Muggleton continues to be one of Australia’s most in-demand comedians despite no media attention of any kind.<br><br><a href="https://whatson.cityofsydney.nsw.gov.au/events/dan-muggleton-encore">More info / tickets</a>]]></description>
      <styleUrl>#blue-dot.png</styleUrl>
      <Point>
        <coordinates>151.2265906,-33.8947104,0</coordinates>
      </Point>
    </Placemark>
    <Placemark>
      <name>Jackie Loeb - Encore</name>
      <description><![CDATA[<b>Jackie Loeb - Encore</b><br><i>Comedy</i><br>Sat 13th Jun<br>The Comedy Store, Moore Park<br>Free<br><br>Comedy show featuring seven stand-up performers.<br><br><a href="https://whatson.cityofsydney.nsw.gov.au/events/sydney-comedy-festival-encore-friday-showcase">More info / tickets</a>]]></description>
      <styleUrl>#blue-dot.png</styleUrl>
      <Point>
        <coordinates>151.2265906,-33.8947104,0</coordinates>
      </Point>
    </Placemark>
    <Placemark>
      <name>Y2Gay Pride Party</name>
      <description><![CDATA[<b>Y2Gay Pride Party</b><br><i>Nightlife</i><br>Sat 13th Jun<br>Universal Sydney, Darlinghurst<br>Free<br><br>Queer dance event with music, surprises, and prizes.<br><br><a href="https://whatson.cityofsydney.nsw.gov.au/events/dance-therapy-2nd-birthday-pride-celebration-dance-class">More info / tickets</a>]]></description>
      <styleUrl>#purple-dot.png</styleUrl>
      <Point>
        <coordinates>151.2145189,-33.8789169,0</coordinates>
      </Point>
    </Placemark>
    <Placemark>
      <name>Winter Violet</name>
      <description><![CDATA[<b>Winter Violet</b><br><i>Music</i><br>Sat 13th Jun – Fri 12th Jun<br>City Recital Hall, Sydney<br>Free<br><br>A special winter edition of the popular Ultra Violet performance.<br><br><a href="https://whatson.cityofsydney.nsw.gov.au/events/winter-violet">More info / tickets</a>]]></description>
      <styleUrl>#purple-dot.png</styleUrl>
      <Point>
        <coordinates>151.2078848,-33.8670193,0</coordinates>
      </Point>
    </Placemark>
    <Placemark>
      <name>Makers and Shakers Market</name>
      <description><![CDATA[<b>Makers and Shakers Market</b><br><i>Arts &amp; Social</i><br>Sat 13th Jun – Sun 14th Jun<br>2041 James Craig Rd, Rozelle NSW 2039, Australia, Rozelle<br>Free<br><br>A curated market featuring handmade goods, fashion, and food.<br><br><a href="https://whatson.cityofsydney.nsw.gov.au/events/the-makers-and-shakers-market">More info / tickets</a>]]></description>
      <styleUrl>#yellow-dot.png</styleUrl>
      <Point>
        <coordinates>151.1790682,-33.8685422,0</coordinates>
      </Point>
    </Placemark>
    <Placemark>
      <name>Zoe K: A Night of Jazz &amp; Soul</name>
      <description><![CDATA[<b>Zoe K: A Night of Jazz &amp; Soul</b><br><i>Music</i><br>Sat 13th Jun<br>Lazybones Lounge Restaurant &amp; Bar, Marrickville<br>$35<br><br>Jazz, funk, and soul music with great outfits and vibes.<br><br><a href="https://lazyboneslounge.com.au/gigs/">More info / tickets</a>]]></description>
      <styleUrl>#purple-dot.png</styleUrl>
      <Point>
        <coordinates>151.1558,-33.9061564,0</coordinates>
      </Point>
    </Placemark>
    <Placemark>
      <name>CURTCHELLA</name>
      <description><![CDATA[<b>CURTCHELLA</b><br><i>Music</i><br>Sat 13th Jun<br>GALLERY BAR, Sydney<br>Check site<br><br>Live music performance.<br><br><a href="https://oxfordartfactory.com/events/">More info / tickets</a>]]></description>
      <styleUrl>#purple-dot.png</styleUrl>
      <Point>
        <coordinates>151.1913429,-33.8890049,0</coordinates>
      </Point>
    </Placemark>
    <Placemark>
      <name>Beyond.</name>
      <description><![CDATA[<b>Beyond.</b><br><i>Music</i><br>Sat 13th Jun<br>GALLERY BAR, Sydney<br>Check site<br><br>Live music event.<br><br><a href="https://oxfordartfactory.com/events/">More info / tickets</a>]]></description>
      <styleUrl>#purple-dot.png</styleUrl>
      <Point>
        <coordinates>151.1913429,-33.8890049,0</coordinates>
      </Point>
    </Placemark>
    <Placemark>
      <name>PURITY RING</name>
      <description><![CDATA[<b>PURITY RING</b><br><i>Music</i><br>Sat 13th Jun<br>Metro Theatre, Sydney<br>Free<br><br>Purity Ring return to Australia in 2026 with the ‘Place Of My Own’ tour, their first Australian shows in over a decade and a long‑awaited follow‑up to their last visit. The Canadian duo of Megan James and Corin Roddick arrive in support of their self‑titled fourth album, a bold new chapter that plays like the soundtrac<br><br><a href="https://www.metrotheatre.com.au/event/purity-ring/">More info / tickets</a>]]></description>
      <styleUrl>#purple-dot.png</styleUrl>
      <Point>
        <coordinates>151.206749,-33.8757544,0</coordinates>
      </Point>
    </Placemark>
    <Placemark>
      <name>THE LINKUP ft. SAHXL, JMUNZ, NARO &amp; MORE</name>
      <description><![CDATA[<b>THE LINKUP ft. SAHXL, JMUNZ, NARO &amp; MORE</b><br><i>Music</i><br>Sat 13th Jun<br>Metro Theatre, Sydney<br>Free<br><br>Live music event featuring SAHXL, JMUNZ, NARO and more.<br><br><a href="https://www.metrotheatre.com.au/event/the-linkup-ft-sahxl-jmunz-naro-more/">More info / tickets</a>]]></description>
      <styleUrl>#purple-dot.png</styleUrl>
      <Point>
        <coordinates>151.206749,-33.8757544,0</coordinates>
      </Point>
    </Placemark>
    <Placemark>
      <name>The Devil Wears Prada 2</name>
      <description><![CDATA[<b>The Devil Wears Prada 2</b><br><i>Arts &amp; Culture</i><br>Sat 13th Jun<br>Govindas, Darlinghurst<br>Check site<br><br>A film screening at Govindas.<br><br><a href="https://www.govindas.com.au/movies">More info / tickets</a>]]></description>
      <styleUrl>#orange-dot.png</styleUrl>
      <Point>
        <coordinates>151.2215905,-33.8764268,0</coordinates>
      </Point>
    </Placemark>
    <Placemark>
      <name>Sheltering</name>
      <description><![CDATA[<b>Sheltering</b><br><i>Theatre</i><br>Sat 13th Jun<br>Joan Sutherland Theatre, Sydney Opera House, Bennelong Point, Sydney NSW 2000<br>null<br><br>Sheltering, a powerful triple bill exploring First Nations stories and connection to Country.<br><br><a href="https://concreteplayground.com/sydney/event/sheltering-at-the-sydney-opera-house">More info / tickets</a>]]></description>
      <styleUrl>#blue-dot.png</styleUrl>
      <Point>
        <coordinates>151.2154429,-33.8561299,0</coordinates>
      </Point>
    </Placemark>
    <Placemark>
      <name>Dare To Dream Junior – A Disney Musical Revue</name>
      <description><![CDATA[<b>Dare To Dream Junior – A Disney Musical Revue</b><br><i>Theatre</i><br>Sat 13th Jun<br>Zenith Theatre and Convention Centre, Chatswood<br>$39<br><br>A 60-minute musical revue featuring Disney songs from beloved films.<br><br><a href="https://www.northshoremums.com.au/things-to-do-sydney-weekend/">More info / tickets</a>]]></description>
      <styleUrl>#blue-dot.png</styleUrl>
      <Point>
        <coordinates>151.1814306,-33.7967377,0</coordinates>
      </Point>
    </Placemark>
    <Placemark>
      <name>Play at the Brand-New Somerville Park</name>
      <description><![CDATA[<b>Play at the Brand-New Somerville Park</b><br><i>Family</i><br>Sat 13th Jun<br>Somerville Park, Eastwood<br>FREE<br><br>Grand opening of a new playground with family activities and food.<br><br><a href="https://www.ellaslist.com.au/sydney/events/things-to-do-in-sydney-this-weekend">More info / tickets</a>]]></description>
      <styleUrl>#green-dot.png</styleUrl>
      <Point>
        <coordinates>151.0853766,-33.7826551,0</coordinates>
      </Point>
    </Placemark>
    <Placemark>
      <name>Celebrate the Inner West at Celebrate 2044</name>
      <description><![CDATA[<b>Celebrate the Inner West at Celebrate 2044</b><br><i>Community</i><br>Sat 13th Jun<br>Sydenham Green, Inner West<br>FREE<br><br>Free picnic day with live music, food, and kids' activities.<br><br><a href="https://whatson.cityofsydney.nsw.gov.au/events/2044-street-takeover">More info / tickets</a>]]></description>
      <styleUrl>#yellow-dot.png</styleUrl>
      <Point>
        <coordinates>151.167898,-33.9165738,0</coordinates>
      </Point>
    </Placemark>
    <Placemark>
      <name>Throw Back - 80s, 90s, Noughties - VIVID CLOSING Boat Party</name>
      <description><![CDATA[<b>Throw Back - 80s, 90s, Noughties - VIVID CLOSING Boat Party</b><br><i>Nightlife</i><br>Sat 13th Jun<br>King Street Wharf 3 Darling Harbour, Darling Harbour<br>Check site<br><br>A boat party celebrating music from the 80s, 90s, and 2000s.<br><br><a href="https://humanitix.com/au/events/au--nsw--sydney/thisweekend">More info / tickets</a>]]></description>
      <styleUrl>#purple-dot.png</styleUrl>
      <Point>
        <coordinates>151.2013989,-33.8674525,0</coordinates>
      </Point>
    </Placemark>
    <Placemark>
      <name>Yeah Buoy VIVID CLOSING Boat Party</name>
      <description><![CDATA[<b>Yeah Buoy VIVID CLOSING Boat Party</b><br><i>Nightlife</i><br>Sat 13th Jun<br>King Street Wharf 3 Darling Harbour, Darling Harbour<br>Check site<br><br>A boat party celebrating the closing of VIVID Sydney.<br><br><a href="https://humanitix.com/au/events/au--nsw--sydney/thisweekend">More info / tickets</a>]]></description>
      <styleUrl>#purple-dot.png</styleUrl>
      <Point>
        <coordinates>151.2013989,-33.8674525,0</coordinates>
      </Point>
    </Placemark>
    <Placemark>
      <name>Song Brother + Annfair</name>
      <description><![CDATA[<b>Song Brother + Annfair</b><br><i>Music</i><br>Sat 13th Jun<br>Humph Hall<br>Check site<br><br>A live music performance by Song Brother and Annfair.<br><br><a href="https://humanitix.com/au/events/au--nsw--sydney/thisweekend">More info / tickets</a>]]></description>
      <styleUrl>#purple-dot.png</styleUrl>
      <Point>
        <coordinates>151.2068498,-33.873567,0</coordinates>
      </Point>
    </Placemark>
    <Placemark>
      <name>Guamichi &amp; Tropical Boat Party</name>
      <description><![CDATA[<b>Guamichi &amp; Tropical Boat Party</b><br><i>Nightlife</i><br>Sat 13th Jun<br>King Street Wharf 6<br>Check site<br><br>Vivid Sydney boat party with tropical vibes and live music.<br><br><a href="https://humanitix.com/au/events/au--nsw--sydney/thisweekend">More info / tickets</a>]]></description>
      <styleUrl>#purple-dot.png</styleUrl>
      <Point>
        <coordinates>151.2011961,-33.867813,0</coordinates>
      </Point>
    </Placemark>
    <Placemark>
      <name>Hey Gay! It's Saturday!</name>
      <description><![CDATA[<b>Hey Gay! It's Saturday!</b><br><i>Nightlife</i><br>Sat 13th Jun<br>Kinselas Middle Bar, Taylor Square<br>Check site<br><br>Private LGBTQ+ party with iconic performances and entertainment.<br><br><a href="https://humanitix.com/au/events/au--nsw--sydney/thisweekend">More info / tickets</a>]]></description>
      <styleUrl>#purple-dot.png</styleUrl>
      <Point>
        <coordinates>151.216781,-33.880545,0</coordinates>
      </Point>
    </Placemark>
    <Placemark>
      <name>Textiles Mending Group</name>
      <description><![CDATA[<b>Textiles Mending Group</b><br><i>Community</i><br>Sat 13th Jun<br>Randwick Sustainability Hub, Main Hall<br>Check site<br><br>A group for repairing and mending textiles together.<br><br><a href="https://humanitix.com/au/events/au--nsw--sydney/thisweekend">More info / tickets</a>]]></description>
      <styleUrl>#yellow-dot.png</styleUrl>
      <Point>
        <coordinates>151.1322594,-33.8904674,0</coordinates>
      </Point>
    </Placemark>
    <Placemark>
      <name>Basava Jayanthi Celebrations</name>
      <description><![CDATA[<b>Basava Jayanthi Celebrations</b><br><i>Cultural</i><br>Sat 13th Jun<br>Ermington Community Centre<br>Check site<br><br>A cultural celebration of Basava Jayanthi by the Sydney Basava Samiti.<br><br><a href="https://humanitix.com/au/events/au--nsw--sydney/thisweekend">More info / tickets</a>]]></description>
      <styleUrl>#orange-dot.png</styleUrl>
      <Point>
        <coordinates>151.198443,-33.890324,0</coordinates>
      </Point>
    </Placemark>
    <Placemark>
      <name>Fix-it Hub</name>
      <description><![CDATA[<b>Fix-it Hub</b><br><i>Community</i><br>Sat 13th Jun<br>The Mess Hall at The Coal Loader Centre for Sustainability<br>Check site<br><br>A community workshop for repairing and fixing items.<br><br><a href="https://humanitix.com/au/events/au--nsw--sydney/thisweekend">More info / tickets</a>]]></description>
      <styleUrl>#yellow-dot.png</styleUrl>
      <Point>
        <coordinates>151.1944816,-33.8429629,0</coordinates>
      </Point>
    </Placemark>
    <Placemark>
      <name>Transformation Through Expression 2026</name>
      <description><![CDATA[<b>Transformation Through Expression 2026</b><br><i>Arts &amp; Culture</i><br>Sat 13th Jun<br>Bell Potter, Level 38, Aurora Place<br>Check site<br><br>An event showcasing artistic expressions and personal transformations.<br><br><a href="https://humanitix.com/au/events/au--nsw--sydney/thisweekend">More info / tickets</a>]]></description>
      <styleUrl>#orange-dot.png</styleUrl>
      <Point>
        <coordinates>151.190175,-33.8974027,0</coordinates>
      </Point>
    </Placemark>
    <Placemark>
      <name>DSNSW Disco Social</name>
      <description><![CDATA[<b>DSNSW Disco Social</b><br><i>Nightlife</i><br>Sat 13th Jun<br>Rydges Sydney Central<br>Check site<br><br>A lively disco dance event for all ages.<br><br><a href="https://humanitix.com/au/events/au--nsw--sydney/thisweekend">More info / tickets</a>]]></description>
      <styleUrl>#purple-dot.png</styleUrl>
      <Point>
        <coordinates>151.1791918,-33.8870187,0</coordinates>
      </Point>
    </Placemark>
    <Placemark>
      <name>Leader Con Oceania</name>
      <description><![CDATA[<b>Leader Con Oceania</b><br><i>Community</i><br>Sat 13th Jun<br>Warringah Mall Community Centre, Warringah<br>Check site<br><br>A conference for leaders and professionals in Oceania.<br><br><a href="https://humanitix.com/au/events/au--nsw--sydney/thisweekend">More info / tickets</a>]]></description>
      <styleUrl>#yellow-dot.png</styleUrl>
      <Point>
        <coordinates>151.263087,-33.7672911,0</coordinates>
      </Point>
    </Placemark>
    <Placemark>
      <name>Manly vs Albury NBL1 Home Game</name>
      <description><![CDATA[<b>Manly vs Albury NBL1 Home Game</b><br><i>Sport &amp; Fitness</i><br>Sat 13th Jun<br>Northern Beaches Indoor Sports Centre<br>Check site<br><br>Basketball match between Manly and Albury teams.<br><br><a href="https://humanitix.com/au/events/au--nsw--sydney/thisweekend">More info / tickets</a>]]></description>
      <styleUrl>#ltblue-dot.png</styleUrl>
      <Point>
        <coordinates>151.2962546,-33.6991992,0</coordinates>
      </Point>
    </Placemark>
    <Placemark>
      <name>Pentecost 26 Australia Arise</name>
      <description><![CDATA[<b>Pentecost 26 Australia Arise</b><br><i>Cultural</i><br>Sat 13th Jun<br>Blacktown Showground Precinct (Francis Park)<br>Check site<br><br>Religious event celebrating Pentecost with community gatherings.<br><br><a href="https://humanitix.com/au/events/au--nsw--sydney/thisweekend">More info / tickets</a>]]></description>
      <styleUrl>#orange-dot.png</styleUrl>
      <Point>
        <coordinates>151.223153,-33.88808,0</coordinates>
      </Point>
    </Placemark>
    <Placemark>
      <name>WonderSpace Celebration</name>
      <description><![CDATA[<b>WonderSpace Celebration</b><br><i>Community</i><br>Sat 13th Jun<br>NADO<br>Check site<br><br>Community event celebrating WonderSpace with activities.<br><br><a href="https://humanitix.com/au/events/au--nsw--sydney/thisweekend">More info / tickets</a>]]></description>
      <styleUrl>#yellow-dot.png</styleUrl>
      <Point>
        <coordinates>151.209421,-33.868633,0</coordinates>
      </Point>
    </Placemark>
    <Placemark>
      <name>Akasya Kape Coffee Event</name>
      <description><![CDATA[<b>Akasya Kape Coffee Event</b><br><i>Food &amp; Drink</i><br>Sat 13th Jun<br>Darlington, Darlington<br>Check site<br><br>Coffee tasting or workshop.<br><br><a href="https://humanitix.com/au/events/au--nsw--sydney/thisweekend">More info / tickets</a>]]></description>
      <styleUrl>#red-dot.png</styleUrl>
      <Point>
        <coordinates>151.0334615,-33.7238186,0</coordinates>
      </Point>
    </Placemark>
    <Placemark>
      <name>Guided walk - Edensor Creek</name>
      <description><![CDATA[<b>Guided walk - Edensor Creek</b><br><i>Cultural</i><br>Sat 13th Jun<br>Edensor Park, Sydney<br>Check site<br><br>A guided walk along Edensor Creek.<br><br><a href="https://humanitix.com/au/events/au--nsw--sydney/thisweekend">More info / tickets</a>]]></description>
      <styleUrl>#orange-dot.png</styleUrl>
      <Point>
        <coordinates>150.8740858,-33.8765135,0</coordinates>
      </Point>
    </Placemark>
    <Placemark>
      <name>Markers and Shakers Market</name>
      <description><![CDATA[<b>Markers and Shakers Market</b><br><i>Arts &amp; Culture</i><br>Sat 13th Jun – Sun 14th Jun<br>White Bay Cruise Terminal – James Craig Road Rozelle, Rozelle<br>$6 – kids under 12 years free<br><br>This curated marketplace celebrates the art of handmade, featuring 140 carefully selected stalls showcasing Sydney’s finest artisans and makers.<br><br><a href="https://sydneyexpert.com/sydney-in-june/">More info / tickets</a>]]></description>
      <styleUrl>#orange-dot.png</styleUrl>
      <Point>
        <coordinates>151.1750521,-33.8700163,0</coordinates>
      </Point>
    </Placemark>
    <Placemark>
      <name>Burwood Winter Market</name>
      <description><![CDATA[<b>Burwood Winter Market</b><br><i>Arts &amp; Culture</i><br>Sat 13th Jun<br>Burwood Park, Burwood, Burwood<br>Free entry<br><br>A curated outdoor market in Burwood Park with fashion, homewares, art, jewellery, candles, and gourmet food stalls.<br><br><a href="https://sydneyexpert.com/sydney-in-june/">More info / tickets</a>]]></description>
      <styleUrl>#orange-dot.png</styleUrl>
      <Point>
        <coordinates>151.1028882,-33.8730053,0</coordinates>
      </Point>
    </Placemark>
    <Placemark>
      <name>Rituals of Joy on Sydney Harbour</name>
      <description><![CDATA[<b>Rituals of Joy on Sydney Harbour</b><br><i>Wellness</i><br>Sat 13th Jun<br>Bennelong Lawn, Royal Botanic Garden Sydney, Royal Botanic Garden Sydney<br>Free<br><br>To celebrate Global Wellness Day, Well Traveller is hosting a free wellness experience on the Bennelong Lawn in the Royal Botanic Garden Sydney. The session will include a mindful movement practice, sound bath, and calming meditation – all in a beautiful harbourside setting. The Rituals of Joy event is free but...<br><br><a href="https://sydneyoutdoors.com/whats-on-sydney-events/">More info / tickets</a>]]></description>
      <styleUrl>#ltblue-dot.png</styleUrl>
      <Point>
        <coordinates>151.215711,-33.8627694,0</coordinates>
      </Point>
    </Placemark>
    <Placemark>
      <name>Ben Lee</name>
      <description><![CDATA[<b>Ben Lee</b><br><i>Music</i><br>Sat 13th Jun<br>Regent Theatre, Sydney, NSW, Australia<br>Check site<br><br>Live music performance by Ben Lee.<br><br><a href="https://www.songkick.com/metro-areas/26794-australia-sydney/2026">More info / tickets</a>]]></description>
      <styleUrl>#purple-dot.png</styleUrl>
      <Point>
        <coordinates>151.2082848,-33.8698439,0</coordinates>
      </Point>
    </Placemark>
    <Placemark>
      <name>Chloe Parche</name>
      <description><![CDATA[<b>Chloe Parche</b><br><i>Music</i><br>Sat 13th Jun<br>Mary's Underground, Sydney, NSW, Australia<br>Check site<br><br>Live music performance by Chloe Parche.<br><br><a href="https://www.songkick.com/metro-areas/26794-australia-sydney/2026">More info / tickets</a>]]></description>
      <styleUrl>#purple-dot.png</styleUrl>
      <Point>
        <coordinates>151.2094332,-33.872037,0</coordinates>
      </Point>
    </Placemark>
    <Placemark>
      <name>Peach Fuzz</name>
      <description><![CDATA[<b>Peach Fuzz</b><br><i>Music</i><br>Sat 13th Jun<br>Mary's Underground, Sydney, NSW, Australia<br>Check site<br><br>Live music performance by Peach Fuzz.<br><br><a href="https://www.songkick.com/metro-areas/26794-australia-sydney/2026">More info / tickets</a>]]></description>
      <styleUrl>#purple-dot.png</styleUrl>
      <Point>
        <coordinates>151.2094332,-33.872037,0</coordinates>
      </Point>
    </Placemark>
    <Placemark>
      <name>Angel V Animal</name>
      <description><![CDATA[<b>Angel V Animal</b><br><i>Music</i><br>Sat 13th Jun<br>Marrickville Bowling &amp; Recreation Club, Marrickville, NSW, Australia<br>Check site<br><br>Live music performance by Angel V Animal.<br><br><a href="https://www.songkick.com/metro-areas/26794-australia-sydney/2026">More info / tickets</a>]]></description>
      <styleUrl>#purple-dot.png</styleUrl>
      <Point>
        <coordinates>151.16409,-33.910435,0</coordinates>
      </Point>
    </Placemark>
    <Placemark>
      <name>Cross Pollinate</name>
      <description><![CDATA[<b>Cross Pollinate</b><br><i>Music</i><br>Sat 13th Jun<br>Marrickville Bowling &amp; Recreation Club, Marrickville, NSW, Australia<br>Check site<br><br>Music event featuring Cross Pollinate.<br><br><a href="https://www.songkick.com/metro-areas/26794-australia-sydney/2026">More info / tickets</a>]]></description>
      <styleUrl>#purple-dot.png</styleUrl>
      <Point>
        <coordinates>151.16409,-33.910435,0</coordinates>
      </Point>
    </Placemark>
    <Placemark>
      <name>Simon Hodges and The Department</name>
      <description><![CDATA[<b>Simon Hodges and The Department</b><br><i>Music</i><br>Sat 13th Jun<br>Marrickville Bowling &amp; Recreation Club, Marrickville, NSW, Australia<br>Check site<br><br>Live performance by Simon Hodges and The Department.<br><br><a href="https://www.songkick.com/metro-areas/26794-australia-sydney/2026">More info / tickets</a>]]></description>
      <styleUrl>#purple-dot.png</styleUrl>
      <Point>
        <coordinates>151.16409,-33.910435,0</coordinates>
      </Point>
    </Placemark>
    <Placemark>
      <name>Blood Trails</name>
      <description><![CDATA[<b>Blood Trails</b><br><i>Music</i><br>Sat 13th Jun<br>Dead Set, Sydney, NSW, Australia<br>Check site<br><br>Live music performance by Blood Trails.<br><br><a href="https://www.songkick.com/metro-areas/26794-australia-sydney/2026">More info / tickets</a>]]></description>
      <styleUrl>#purple-dot.png</styleUrl>
      <Point>
        <coordinates>151.216347,-33.880969,0</coordinates>
      </Point>
    </Placemark>
    <Placemark>
      <name>Aaryan Gala</name>
      <description><![CDATA[<b>Aaryan Gala</b><br><i>Cultural</i><br>Sat 13th Jun<br>Indianclubx, Sydney, NSW, Australia<br>Check site<br><br>A cultural celebration featuring performances and entertainment.<br><br><a href="https://www.songkick.com/metro-areas/26794-australia-sydney/2026">More info / tickets</a>]]></description>
      <styleUrl>#orange-dot.png</styleUrl>
      <Point>
        <coordinates>151.209421,-33.868633,0</coordinates>
      </Point>
    </Placemark>
    <Placemark>
      <name>The Above and KLP</name>
      <description><![CDATA[<b>The Above and KLP</b><br><i>Music</i><br>Sat 13th Jun<br>ivy, Sydney, NSW, Australia<br>Check site<br><br>Live music performance by The Above and KLP.<br><br><a href="https://www.songkick.com/metro-areas/26794-australia-sydney/2026">More info / tickets</a>]]></description>
      <styleUrl>#purple-dot.png</styleUrl>
      <Point>
        <coordinates>151.207571,-33.866318,0</coordinates>
      </Point>
    </Placemark>
    <Placemark>
      <name>Blackened Rose</name>
      <description><![CDATA[<b>Blackened Rose</b><br><i>Music</i><br>Sat 13th Jun<br>Sneaky Possum, Sydney, NSW, Australia<br>Check site<br><br>Live music performance by Blackened Rose.<br><br><a href="https://www.songkick.com/metro-areas/26794-australia-sydney/2026">More info / tickets</a>]]></description>
      <styleUrl>#purple-dot.png</styleUrl>
      <Point>
        <coordinates>151.1989078,-33.8871632,0</coordinates>
      </Point>
    </Placemark>
    <Placemark>
      <name>Anteaters</name>
      <description><![CDATA[<b>Anteaters</b><br><i>Music</i><br>Sat 13th Jun<br>Sneaky Possum, Sydney, NSW, Australia<br>Check site<br><br>Live music performance by Anteaters.<br><br><a href="https://www.songkick.com/metro-areas/26794-australia-sydney/2026">More info / tickets</a>]]></description>
      <styleUrl>#purple-dot.png</styleUrl>
      <Point>
        <coordinates>151.1989078,-33.8871632,0</coordinates>
      </Point>
    </Placemark>
    <Placemark>
      <name>The Beanstalks</name>
      <description><![CDATA[<b>The Beanstalks</b><br><i>Music</i><br>Sat 13th Jun<br>The Burdekin Hotel, Darlinghurst, NSW, Australia<br>Check site<br><br>Live music performance by Australian band The Beanstalks.<br><br><a href="https://www.songkick.com/metro-areas/26794-australia-sydney/2026">More info / tickets</a>]]></description>
      <styleUrl>#purple-dot.png</styleUrl>
      <Point>
        <coordinates>151.207723,-33.867868,0</coordinates>
      </Point>
    </Placemark>
    <Placemark>
      <name>Space Cop 2</name>
      <description><![CDATA[<b>Space Cop 2</b><br><i>Comedy</i><br>Sat 13th Jun<br>The Burdekin Hotel, Darlinghurst, NSW, Australia<br>Check site<br><br>A sci-fi comedy about intergalactic law enforcement.<br><br><a href="https://www.songkick.com/metro-areas/26794-australia-sydney/2026">More info / tickets</a>]]></description>
      <styleUrl>#blue-dot.png</styleUrl>
      <Point>
        <coordinates>151.207723,-33.867868,0</coordinates>
      </Point>
    </Placemark>
    <Placemark>
      <name>Dimatik</name>
      <description><![CDATA[<b>Dimatik</b><br><i>Music</i><br>Sat 13th Jun<br>World Square, Sydney, NSW, Australia<br>Check site<br><br>A live music performance by the electronic artist.<br><br><a href="https://www.songkick.com/metro-areas/26794-australia-sydney/2026">More info / tickets</a>]]></description>
      <styleUrl>#purple-dot.png</styleUrl>
      <Point>
        <coordinates>151.207711,-33.876711,0</coordinates>
      </Point>
    </Placemark>
    <Placemark>
      <name>Big Heck</name>
      <description><![CDATA[<b>Big Heck</b><br><i>Comedy</i><br>Sat 13th Jun<br>The Eveleigh Hotel, Redfern, NSW, Australia<br>Check site<br><br>A comedy or music performance by the act.<br><br><a href="https://www.songkick.com/metro-areas/26794-australia-sydney/2026">More info / tickets</a>]]></description>
      <styleUrl>#blue-dot.png</styleUrl>
      <Point>
        <coordinates>151.1983046,-33.8894517,0</coordinates>
      </Point>
    </Placemark>
    <Placemark>
      <name>Team Building</name>
      <description><![CDATA[<b>Team Building</b><br><i>Community</i><br>Sat 13th Jun<br>The Eveleigh Hotel, Redfern, NSW, Australia<br>Check site<br><br>A corporate or group activity for team bonding.<br><br><a href="https://www.songkick.com/metro-areas/26794-australia-sydney/2026">More info / tickets</a>]]></description>
      <styleUrl>#yellow-dot.png</styleUrl>
      <Point>
        <coordinates>151.1983046,-33.8894517,0</coordinates>
      </Point>
    </Placemark>
    <Placemark>
      <name>IVE World Tour</name>
      <description><![CDATA[<b>IVE World Tour</b><br><i>Music</i><br>Sat 13th Jun<br>Sydney, NSW<br>Check site<br><br>Catch global K-pop sensation IVE live in Sydney as they bring their highly anticipated world tour Presented by Live Nation and Starship Entertainment, the show promises an exciting night of powerful performances, fan-favourite hits, and world-class K-pop energy.<br><br><a href="https://www.parkregiscitycentre.com.au/whats-on-sydney-2026/">More info / tickets</a>]]></description>
      <styleUrl>#purple-dot.png</styleUrl>
      <Point>
        <coordinates>151.2082848,-33.8698439,0</coordinates>
      </Point>
    </Placemark>
    <Placemark>
      <name>Fields Quintet</name>
      <description><![CDATA[<b>Fields Quintet</b><br><i>Music</i><br>Sat 13th Jun<br>Butchers Brew Bar, DULWICH HILL<br>$30<br><br>Fields Quintet live music performance.<br><br><a href="https://sydneyjazzclub.org.au/gig-guide/">More info / tickets</a>]]></description>
      <styleUrl>#purple-dot.png</styleUrl>
      <Point>
        <coordinates>151.2020336,-33.9116928,0</coordinates>
      </Point>
    </Placemark>
    <Placemark>
      <name>Geoff Power’s All-Stars</name>
      <description><![CDATA[<b>Geoff Power’s All-Stars</b><br><i>Music</i><br>Sat 13th Jun<br>Freeway Hotel, ARTARMON<br>$15<br><br>Live performance by Geoff Power’s All-Stars.<br><br><a href="https://sydneyjazzclub.org.au/gig-guide/">More info / tickets</a>]]></description>
      <styleUrl>#purple-dot.png</styleUrl>
      <Point>
        <coordinates>151.185909,-33.8141584,0</coordinates>
      </Point>
    </Placemark>
    <Placemark>
      <name>Monique Lysiak (solo)</name>
      <description><![CDATA[<b>Monique Lysiak (solo)</b><br><i>Music</i><br>Sat 13th Jun<br>Jazushi Japanese Restaurant, SURRY HILLS<br>Check site<br><br>Solo performance by Monique Lysiak.<br><br><a href="https://sydneyjazzclub.org.au/gig-guide/">More info / tickets</a>]]></description>
      <styleUrl>#purple-dot.png</styleUrl>
      <Point>
        <coordinates>151.212781,-33.885877,0</coordinates>
      </Point>
    </Placemark>
    <Placemark>
      <name>New Sun Quintet</name>
      <description><![CDATA[<b>New Sun Quintet</b><br><i>Music</i><br>Sat 13th Jun<br>Golden Age Cinema &amp; Bar, SURRY HILLS<br>Check site<br><br>Live performance by New Sun Quintet.<br><br><a href="https://sydneyjazzclub.org.au/gig-guide/">More info / tickets</a>]]></description>
      <styleUrl>#purple-dot.png</styleUrl>
      <Point>
        <coordinates>151.2111071,-33.8794635,0</coordinates>
      </Point>
    </Placemark>
    <Placemark>
      <name>Old Time Jazz Band</name>
      <description><![CDATA[<b>Old Time Jazz Band</b><br><i>Music</i><br>Sat 13th Jun – Sun 14th Jun<br>The Hero of Waterloo Hotel, MILLERS POINT<br>$65<br><br>Live jazz performance by a traditional jazz band.<br><br><a href="https://sydneyjazzclub.org.au/gig-guide/">More info / tickets</a>]]></description>
      <styleUrl>#purple-dot.png</styleUrl>
      <Point>
        <coordinates>151.2058888,-33.8576938,0</coordinates>
      </Point>
    </Placemark>
    <Placemark>
      <name>Paul Mitchell-Brown Trio ft. Craig Scott</name>
      <description><![CDATA[<b>Paul Mitchell-Brown Trio ft. Craig Scott</b><br><i>Music</i><br>Sat 13th Jun<br>Polish Club, ASHFIELD<br>$65<br><br>Jazz performance by the Paul Mitchell-Brown Trio featuring Craig Scott.<br><br><a href="https://sydneyjazzclub.org.au/gig-guide/">More info / tickets</a>]]></description>
      <styleUrl>#purple-dot.png</styleUrl>
      <Point>
        <coordinates>151.1266844,-33.89053,0</coordinates>
      </Point>
    </Placemark>
    <Placemark>
      <name>Paul Sun Trio</name>
      <description><![CDATA[<b>Paul Sun Trio</b><br><i>Music</i><br>Sat 13th Jun<br>Sarino’s Restaurant, BAULKHAM HILLS<br>$65<br><br>Jazz performance by the Paul Sun Trio.<br><br><a href="https://sydneyjazzclub.org.au/gig-guide/">More info / tickets</a>]]></description>
      <styleUrl>#purple-dot.png</styleUrl>
      <Point>
        <coordinates>150.978973,-33.756656,0</coordinates>
      </Point>
    </Placemark>
    <Placemark>
      <name>The Jazz Room Concerts</name>
      <description><![CDATA[<b>The Jazz Room Concerts</b><br><i>Music</i><br>Sat 13th Jun – Sat 22nd Aug<br>The Albert Palace, LEICHHARDT<br>$65 each<br><br>Live jazz concerts in an intimate setting.<br><br><a href="https://feverup.com/en/sydney">More info / tickets</a>]]></description>
      <styleUrl>#purple-dot.png</styleUrl>
      <Point>
        <coordinates>151.10734,-33.842592,0</coordinates>
      </Point>
    </Placemark>
    <Placemark>
      <name>Tumbalong Nights</name>
      <description><![CDATA[<b>Tumbalong Nights</b><br><i>Music</i><br>Sat 13th Jun<br>Tumbalong Park, Darling Harbour<br>Free<br><br>Tumbalong Nights is 23 nights of free music in Tumbalong Park, with a line-up spanning K-Pop stars, Jamaican reggae legends, opera and post-punk. On closing night (Saturday 13 June), who better to serenade than Australian great Matt Corby?<br><br><a href="https://www.vividsydney.com/blog/2026-8-vivid-sydney-gigs-not-to-miss-picked-by-our-music-curator">More info / tickets</a>]]></description>
      <styleUrl>#purple-dot.png</styleUrl>
      <Point>
        <coordinates>151.199,-33.8723,0</coordinates>
      </Point>
    </Placemark>
    <Placemark>
      <name>Matt Corby Live</name>
      <description><![CDATA[<b>Matt Corby Live</b><br><i>Music</i><br>Sat 13th Jun<br>Tumbalong Park, Darling Harbour<br>Free<br><br>Looking for things to do in Sydney? Attend Matt Corby in Sydney at Tumbalong Park on June 13, 2026. Discover exciting art events and activities happening in Sydney.<br><br><a href="https://allevents.in/sydney/live-music">More info / tickets</a>]]></description>
      <styleUrl>#purple-dot.png</styleUrl>
      <Point>
        <coordinates>151.199,-33.8723,0</coordinates>
      </Point>
    </Placemark>
    <Placemark>
      <name>James Johnston: Boots N' Beats</name>
      <description><![CDATA[<b>James Johnston: Boots N' Beats</b><br><i>Music</i><br>Sat 13th Jun<br>Camden Bicentennial Equestrian Park, Camden, NSW, Australia<br>Check site<br><br>Live performance by James Johnston.<br><br><a href="https://www.songkick.com/festivals/countries/au">More info / tickets</a>]]></description>
      <styleUrl>#purple-dot.png</styleUrl>
      <Point>
        <coordinates>150.9922067,-33.8986631,0</coordinates>
      </Point>
    </Placemark>
    <Placemark>
      <name>Winter Latin Makers Market</name>
      <description><![CDATA[<b>Winter Latin Makers Market</b><br><i>Cultural</i><br>Sat 13th Jun<br>MARRICKVILLE TOWN HALL, FOOD &amp; DRINK<br>Free<br><br>A vibrant celebration of Latin American culture with food, art, fashion, accessories, beauty &amp; handmade creations.<br><br><a href="https://whatson.cityofsydney.nsw.gov.au/events/spring-latin-makers-market">More info / tickets</a>]]></description>
      <styleUrl>#orange-dot.png</styleUrl>
      <Point>
        <coordinates>151.1541803,-33.9090631,0</coordinates>
      </Point>
    </Placemark>
    <Placemark>
      <name>Cho Cho San Bottomless</name>
      <description><![CDATA[<b>Cho Cho San Bottomless</b><br><i>Food &amp; Drink</i><br>Sat 13th Jun<br>POTTS POINT, Potts Point<br>Free<br><br>Bottomless lunch with drinks included.<br><br><a href="https://whatson.cityofsydney.nsw.gov.au/events/cho-cho-san-bottomless">More info / tickets</a>]]></description>
      <styleUrl>#red-dot.png</styleUrl>
      <Point>
        <coordinates>151.2232292,-33.8732861,0</coordinates>
      </Point>
    </Placemark>
    <Placemark>
      <name>Noise Complaints</name>
      <description><![CDATA[<b>Noise Complaints</b><br><i>Music</i><br>Sat 13th Jun<br>SYDNEY, FOOD &amp; DRINK<br>Free<br><br>Live music event with late-night performances.<br><br><a href="https://whatson.cityofsydney.nsw.gov.au/events/chucks-presents-noise-complaints">More info / tickets</a>]]></description>
      <styleUrl>#purple-dot.png</styleUrl>
      <Point>
        <coordinates>151.210898,-33.867331,0</coordinates>
      </Point>
    </Placemark>
    <Placemark>
      <name>Refugee Week Store Party</name>
      <description><![CDATA[<b>Refugee Week Store Party</b><br><i>Community</i><br>Sat 13th Jun<br>NEWTOWN, Newtown<br>Free<br><br>Community event supporting refugee employment.<br><br><a href="https://whatson.cityofsydney.nsw.gov.au/events/the-social-outfit-refugee-week-store-party">More info / tickets</a>]]></description>
      <styleUrl>#yellow-dot.png</styleUrl>
      <Point>
        <coordinates>150.8910836,-33.9774849,0</coordinates>
      </Point>
    </Placemark>
    <Placemark>
      <name>Rooftop Sessions</name>
      <description><![CDATA[<b>Rooftop Sessions</b><br><i>Nightlife</i><br>Sat 13th Jun<br>SYDNEY, MUSIC<br>Free<br><br>DJ performances on a rooftop venue.<br><br><a href="https://whatson.cityofsydney.nsw.gov.au/events/live-country-music-at-shady-pines-saloon">More info / tickets</a>]]></description>
      <styleUrl>#purple-dot.png</styleUrl>
      <Point>
        <coordinates>151.1995223,-33.8980469,0</coordinates>
      </Point>
    </Placemark>
    <Placemark>
      <name>Hey Gay! It's Saturday! ICONS Fancy-dress party</name>
      <description><![CDATA[<b>Hey Gay! It's Saturday! ICONS Fancy-dress party</b><br><i>Nightlife</i><br>Sat 13th Jun<br>DARLINGHURST, Darlinghurst<br>Free<br><br>A fancy-dress dance party with best-dressed prizes.<br><br><a href="https://whatson.cityofsydney.nsw.gov.au/events/hey-gay-its-saturday-tm-icons-fancy-dress-party">More info / tickets</a>]]></description>
      <styleUrl>#purple-dot.png</styleUrl>
      <Point>
        <coordinates>151.2133703,-33.8749911,0</coordinates>
      </Point>
    </Placemark>
    <Placemark>
      <name>La Cueva Superclub – Latin Party</name>
      <description><![CDATA[<b>La Cueva Superclub – Latin Party</b><br><i>Nightlife</i><br>Sat 13th Jun<br>POTTS POINT, Potts Point<br>Free<br><br>Sydney’s biggest Latin night with music and dancing.<br><br><a href="https://whatson.cityofsydney.nsw.gov.au/events/la-cueva-latin-party">More info / tickets</a>]]></description>
      <styleUrl>#purple-dot.png</styleUrl>
      <Point>
        <coordinates>151.2232292,-33.8732861,0</coordinates>
      </Point>
    </Placemark>
    <Placemark>
      <name>Art Club</name>
      <description><![CDATA[<b>Art Club</b><br><i>Arts &amp; Culture</i><br>Sat 13th Jun<br>JUANITA NIELSEN COMMUNITY CENTRE, TALKS, COURSES &amp; WORKSHOPS<br>Check site<br><br>Art Club at Empower Create Thrive for hands-on fun, creativity, and good friends!<br><br><a href="https://whatson.cityofsydney.nsw.gov.au/categories/exhibitions">More info / tickets</a>]]></description>
      <styleUrl>#orange-dot.png</styleUrl>
      <Point>
        <coordinates>151.2211238,-33.8702715,0</coordinates>
      </Point>
    </Placemark>
    <Placemark>
      <name>Discover Drawing</name>
      <description><![CDATA[<b>Discover Drawing</b><br><i>Arts &amp; Culture</i><br>Sat 13th Jun<br>NATIONAL ART SCHOOL, TALKS, COURSES &amp; WORKSHOPS<br>Free<br><br>Do you want to learn to draw in a way that’s responsive to the unique qualities of your subject?<br><br><a href="https://whatson.cityofsydney.nsw.gov.au/events/drawing-fundamentals-for-beginners">More info / tickets</a>]]></description>
      <styleUrl>#orange-dot.png</styleUrl>
      <Point>
        <coordinates>151.059822,-33.88687,0</coordinates>
      </Point>
    </Placemark>
    <Placemark>
      <name>Memory Lane Markets - 25th Biennale of Sydney</name>
      <description><![CDATA[<b>Memory Lane Markets - 25th Biennale of Sydney</b><br><i>Arts &amp; Culture</i><br>Sat 13th Jun<br>White Bay Power Station, FOOD &amp; DRINK<br>Free<br><br>Art and design markets at White Bay Power Station.<br><br><a href="https://whatson.cityofsydney.nsw.gov.au/categories/exhibitions">More info / tickets</a>]]></description>
      <styleUrl>#orange-dot.png</styleUrl>
      <Point>
        <coordinates>151.1763669,-33.8669462,0</coordinates>
      </Point>
    </Placemark>
    <Placemark>
      <name>Portrait Drawing: From Sketches to Sustained Studies</name>
      <description><![CDATA[<b>Portrait Drawing: From Sketches to Sustained Studies</b><br><i>Arts &amp; Culture</i><br>Sat 13th Jun<br>National Art School, TALKS, COURSES &amp; WORKSHOPS<br>Free<br><br>Learn to draw forms and structures of the human head, facial features and body dynamics.<br><br><a href="https://whatson.cityofsydney.nsw.gov.au/events/drawing-fundamentals-for-beginners">More info / tickets</a>]]></description>
      <styleUrl>#orange-dot.png</styleUrl>
      <Point>
        <coordinates>151.059822,-33.88687,0</coordinates>
      </Point>
    </Placemark>
    <Placemark>
      <name>Reset by Richard Bell</name>
      <description><![CDATA[<b>Reset by Richard Bell</b><br><i>Arts &amp; Culture</i><br>Sat 13th Jun<br>Sydney Town Hall, COMMUNITY &amp; CAUSES<br>Check site<br><br>A Sydney Biennale project asking (and answering) what a constitution for the 21st century might look like<br><br><a href="https://whatson.cityofsydney.nsw.gov.au/categories/exhibitions">More info / tickets</a>]]></description>
      <styleUrl>#orange-dot.png</styleUrl>
      <Point>
        <coordinates>151.056573,-33.907714,0</coordinates>
      </Point>
    </Placemark>
    <Placemark>
      <name>Transmedia Worldbuilding Residency Exhibition</name>
      <description><![CDATA[<b>Transmedia Worldbuilding Residency Exhibition</b><br><i>Arts &amp; Culture</i><br>Sat 13th Jun<br>4A - Centre for Contemporary Asian Art, EXHIBITIONS<br>Check site<br><br>Exhibition showcasing transmedia worldbuilding projects.<br><br><a href="https://whatson.cityofsydney.nsw.gov.au/categories/exhibitions">More info / tickets</a>]]></description>
      <styleUrl>#orange-dot.png</styleUrl>
      <Point>
        <coordinates>151.2058619,-33.8799622,0</coordinates>
      </Point>
    </Placemark>
    <Placemark>
      <name>Body Blow</name>
      <description><![CDATA[<b>Body Blow</b><br><i>Arts &amp; Culture</i><br>Sat 13th Jun<br>Dendy Newtown, Sydney<br>$27.50<br><br>An erotic thriller starring Paul Capsis as disgraced cop Aiden, who is plunged into Sydney’s neon-lit gay nightlife, with themes of crime, obsession, lust and danger.<br><br><a href="https://www.sydneytravelguide.com.au/sydney-film-festival-guide-dates-top-events-and-tickets/">More info / tickets</a>]]></description>
      <styleUrl>#orange-dot.png</styleUrl>
      <Point>
        <coordinates>151.1804038,-33.8959356,0</coordinates>
      </Point>
    </Placemark>
    <Placemark>
      <name>Sukundimi Walks Before Me</name>
      <description><![CDATA[<b>Sukundimi Walks Before Me</b><br><i>Arts &amp; Culture</i><br>Sat 13th Jun<br>Dendy Newtown, Newtown<br>$27.50<br><br>A documentary revolving around an Indigenous Papua New Guinea community’s campaign to preserve their future when the Sepik River, ‘the Amazon of the Asia-Pacific’, is threatened by mining.<br><br><a href="https://www.sydneytravelguide.com.au/sydney-film-festival-guide-dates-top-events-and-tickets/">More info / tickets</a>]]></description>
      <styleUrl>#orange-dot.png</styleUrl>
      <Point>
        <coordinates>151.1804038,-33.8959356,0</coordinates>
      </Point>
    </Placemark>
    <Placemark>
      <name>Marc by Sofia</name>
      <description><![CDATA[<b>Marc by Sofia</b><br><i>Arts &amp; Culture</i><br>Sat 13th Jun<br>Ritz Cinemas Randwick, Randwick<br>$27.50<br><br>A personal portrait of the iconic designer Marc Jacobs by renowned director Sofia Coppola.<br><br><a href="https://www.sydneytravelguide.com.au/sydney-film-festival-guide-dates-top-events-and-tickets/">More info / tickets</a>]]></description>
      <styleUrl>#orange-dot.png</styleUrl>
      <Point>
        <coordinates>151.2432906,-33.9201716,0</coordinates>
      </Point>
    </Placemark>
    <Placemark>
      <name>Useless</name>
      <description><![CDATA[<b>Useless</b><br><i>Arts &amp; Culture</i><br>Sat 13th Jun<br>Art Gallery of NSW, The Rocks<br>$27.50<br><br>A documentary exploring the human cost of China's industrial transformation through clothing.<br><br><a href="https://www.sydneytravelguide.com.au/sydney-film-festival-guide-dates-top-events-and-tickets/">More info / tickets</a>]]></description>
      <styleUrl>#orange-dot.png</styleUrl>
      <Point>
        <coordinates>151.218028,-33.868457,0</coordinates>
      </Point>
    </Placemark>
    <Placemark>
      <name>Teenage Sex and Death at Camp Miasma</name>
      <description><![CDATA[<b>Teenage Sex and Death at Camp Miasma</b><br><i>Theatre</i><br>Sat 13th Jun<br>Dendy Newtown, Newtown<br>$27.50<br><br>A queer horror film by Jane Schoenbrun starring Hannah Einbinder and Gillian Anderson.<br><br><a href="https://www.sydneytravelguide.com.au/sydney-film-festival-guide-dates-top-events-and-tickets/">More info / tickets</a>]]></description>
      <styleUrl>#blue-dot.png</styleUrl>
      <Point>
        <coordinates>151.1804038,-33.8959356,0</coordinates>
      </Point>
    </Placemark>
    <Placemark>
      <name>Maŋutji (Catching Eyes)</name>
      <description><![CDATA[<b>Maŋutji (Catching Eyes)</b><br><i>Theatre</i><br>Sat 13th Jun<br>Event Cinemas George Street, Sydney<br>$27.50<br><br>A love story exploring how two teens navigate their mutual feelings while maintaining cultural boundaries and kinship.<br><br><a href="https://www.sydneytravelguide.com.au/sydney-film-festival-guide-dates-top-events-and-tickets/">More info / tickets</a>]]></description>
      <styleUrl>#blue-dot.png</styleUrl>
      <Point>
        <coordinates>151.2071686,-33.8666807,0</coordinates>
      </Point>
    </Placemark>
    <Placemark>
      <name>Raft Race</name>
      <description><![CDATA[<b>Raft Race</b><br><i>Theatre</i><br>Sat 13th Jun<br>Event Cinemas George Street, Sydney<br>$27.50<br><br>A story of 11-year-old Frankie, who is suddenly thrust into awareness of her developing body and how the world will perceive her.<br><br><a href="https://www.sydneytravelguide.com.au/sydney-film-festival-guide-dates-top-events-and-tickets/">More info / tickets</a>]]></description>
      <styleUrl>#blue-dot.png</styleUrl>
      <Point>
        <coordinates>151.2071686,-33.8666807,0</coordinates>
      </Point>
    </Placemark>
    <Placemark>
      <name>Flesh Fruit</name>
      <description><![CDATA[<b>Flesh Fruit</b><br><i>Theatre</i><br>Sat 13th Jun<br>Event Cinemas George Street, Sydney<br>$27.50<br><br>A farmer manages to save his livelihood by selling a new fruit product whose origins are best kept a secret between him and his domineering mother.<br><br><a href="https://www.sydneytravelguide.com.au/sydney-film-festival-guide-dates-top-events-and-tickets/">More info / tickets</a>]]></description>
      <styleUrl>#blue-dot.png</styleUrl>
      <Point>
        <coordinates>151.2071686,-33.8666807,0</coordinates>
      </Point>
    </Placemark>
    <Placemark>
      <name>Saint Valentine</name>
      <description><![CDATA[<b>Saint Valentine</b><br><i>Theatre</i><br>Sat 13th Jun<br>Event Cinemas George Street, Sydney<br>$27.50<br><br>A coming-of-age story about two sexually frustrated sisters who encounter two handsome Mormon American boys who come knocking on their door.<br><br><a href="https://www.sydneytravelguide.com.au/sydney-film-festival-guide-dates-top-events-and-tickets/">More info / tickets</a>]]></description>
      <styleUrl>#blue-dot.png</styleUrl>
      <Point>
        <coordinates>151.2071686,-33.8666807,0</coordinates>
      </Point>
    </Placemark>
    <Placemark>
      <name>Our Choir Has Always Been Travelling</name>
      <description><![CDATA[<b>Our Choir Has Always Been Travelling</b><br><i>Arts &amp; Culture</i><br>Sat 13th Jun<br>Event Cinemas George Street, Sydney<br>$27.50<br><br>An animated story charting the international legacy and intergenerational impact of the Ntaria Choir.<br><br><a href="https://www.sydneytravelguide.com.au/sydney-film-festival-guide-dates-top-events-and-tickets/">More info / tickets</a>]]></description>
      <styleUrl>#orange-dot.png</styleUrl>
      <Point>
        <coordinates>151.2071686,-33.8666807,0</coordinates>
      </Point>
    </Placemark>
    <Placemark>
      <name>Wrong Husband</name>
      <description><![CDATA[<b>Wrong Husband</b><br><i>Theatre</i><br>Sat 13th Jun<br>Event Cinemas George Street, Sydney<br>$27.50<br><br>An epic supernatural drama set in 2000 BCE following two lovers defying an evil shaman’s curse.<br><br><a href="https://www.sydneytravelguide.com.au/sydney-film-festival-guide-dates-top-events-and-tickets/">More info / tickets</a>]]></description>
      <styleUrl>#blue-dot.png</styleUrl>
      <Point>
        <coordinates>151.2071686,-33.8666807,0</coordinates>
      </Point>
    </Placemark>
    <Placemark>
      <name>The Native Police</name>
      <description><![CDATA[<b>The Native Police</b><br><i>Cultural</i><br>Sat 13th Jun<br>Ritz Cinemas Randwick, Sydney<br>$27.50<br><br>Historical drama about an Aboriginal officer escorting a girl across desert Country.<br><br><a href="https://www.sydneytravelguide.com.au/sydney-film-festival-guide-dates-top-events-and-tickets/">More info / tickets</a>]]></description>
      <styleUrl>#orange-dot.png</styleUrl>
      <Point>
        <coordinates>151.2432906,-33.9201716,0</coordinates>
      </Point>
    </Placemark>
    <Placemark>
      <name>Árru</name>
      <description><![CDATA[<b>Árru</b><br><i>Arts &amp; Culture</i><br>Sat 13th Jun<br>Ritz Cinemas Randwick, Sydney<br>$27.50<br><br>A powerful, song-filled drama about a Sámi reindeer herder who confronts a mining project threatening her ancestral lands and way of life.<br><br><a href="https://www.sydneytravelguide.com.au/sydney-film-festival-guide-dates-top-events-and-tickets/">More info / tickets</a>]]></description>
      <styleUrl>#orange-dot.png</styleUrl>
      <Point>
        <coordinates>151.2432906,-33.9201716,0</coordinates>
      </Point>
    </Placemark>
    <Placemark>
      <name>Tom Weil: Sixth Sense</name>
      <description><![CDATA[<b>Tom Weil: Sixth Sense</b><br><i>Arts &amp; Culture</i><br>Sat 13th Jun<br>GLEBE TOWN HALL, THEATRE, DANCE &amp; FILM<br>Check site<br><br>Psychic performance exploring intuition and perception.<br><br><a href="https://whatson.cityofsydney.nsw.gov.au/categories/theatre-dance-and-film">More info / tickets</a>]]></description>
      <styleUrl>#orange-dot.png</styleUrl>
      <Point>
        <coordinates>151.1850944,-33.8825963,0</coordinates>
      </Point>
    </Placemark>
    <Placemark>
      <name>Rumba Caribe Salsa Night Party</name>
      <description><![CDATA[<b>Rumba Caribe Salsa Night Party</b><br><i>Nightlife</i><br>Sat 13th Jun<br>Woolloomooloo, Woolloomooloo<br>Free<br><br>Salsa dancing, eating, and drinking in Woolloomooloo.<br><br><a href="https://whatson.cityofsydney.nsw.gov.au/categories/theatre-dance-and-film">More info / tickets</a>]]></description>
      <styleUrl>#purple-dot.png</styleUrl>
      <Point>
        <coordinates>151.2205111,-33.8708317,0</coordinates>
      </Point>
    </Placemark>
    <Placemark>
      <name>Sydney Film Festival: The Tropical Trail</name>
      <description><![CDATA[<b>Sydney Film Festival: The Tropical Trail</b><br><i>Arts &amp; Culture</i><br>Sat 13th Jun – Sun 14th Jun<br>Art Gallery of New South Wales, Sydney<br>Charges apply<br><br>Brazilian cinema series curated by Kleber Mendonça Filho.<br><br><a href="https://www.artgallery.nsw.gov.au/whats-on/cinema/">More info / tickets</a>]]></description>
      <styleUrl>#orange-dot.png</styleUrl>
      <Point>
        <coordinates>151.2174176,-33.8686067,0</coordinates>
      </Point>
    </Placemark>
    <Placemark>
      <name>Sydney Film Festival: Sartorial</name>
      <description><![CDATA[<b>Sydney Film Festival: Sartorial</b><br><i>Arts &amp; Culture</i><br>Sat 13th Jun – Sun 14th Jun<br>Art Gallery of New South Wales, Sydney<br>Charges apply<br><br>Fashion-themed film series.<br><br><a href="https://www.artgallery.nsw.gov.au/whats-on/cinema/">More info / tickets</a>]]></description>
      <styleUrl>#orange-dot.png</styleUrl>
      <Point>
        <coordinates>151.2174176,-33.8686067,0</coordinates>
      </Point>
    </Placemark>
    <Placemark>
      <name>Green Square clothes swap</name>
      <description><![CDATA[<b>Green Square clothes swap</b><br><i>Community</i><br>Sat 13th Jun<br>Green Square Public School and Community Spaces, SHOPPING, MARKETS &amp; FAIRS<br>Free<br><br>Swap preloved clothes for free and refresh your wardrobe.<br><br><a href="https://whatson.cityofsydney.nsw.gov.au/events/clothes-swap">More info / tickets</a>]]></description>
      <styleUrl>#yellow-dot.png</styleUrl>
      <Point>
        <coordinates>151.206522,-33.908279,0</coordinates>
      </Point>
    </Placemark>
    <Placemark>
      <name>Craig McLachlan Live &amp; Intimate</name>
      <description><![CDATA[<b>Craig McLachlan Live &amp; Intimate</b><br><i>Music</i><br>Sat 13th Jun<br>Avoca Beach Theatre, Avoca Beach<br>Check site<br><br>Acoustic performance by Craig McLachlan.<br><br><a href="https://humanitix.com/au/events/australia/sydney">More info / tickets</a>]]></description>
      <styleUrl>#purple-dot.png</styleUrl>
      <Point>
        <coordinates>151.209421,-33.868633,0</coordinates>
      </Point>
    </Placemark>
    <Placemark>
      <name>Razor Gang True Crime Tour</name>
      <description><![CDATA[<b>Razor Gang True Crime Tour</b><br><i>Cultural</i><br>Sat 13th Jun<br>Fire and Rescue NSW Darlinghurst Fire Station, Darlinghurst<br>Free<br><br>A guided tour exploring Sydney's infamous razor gang history.<br><br><a href="https://humanitix.com/au/events/australia/sydney">More info / tickets</a>]]></description>
      <styleUrl>#orange-dot.png</styleUrl>
      <Point>
        <coordinates>151.219439,-33.878132,0</coordinates>
      </Point>
    </Placemark>
    <Placemark>
      <name>Sunrise Meditation</name>
      <description><![CDATA[<b>Sunrise Meditation</b><br><i>Wellness</i><br>Sat 13th Jun<br>Avalon Beach, Avalon Beach<br>Free<br><br>A community meditation session at dawn by the beach.<br><br><a href="https://humanitix.com/au/events/australia/sydney">More info / tickets</a>]]></description>
      <styleUrl>#ltblue-dot.png</styleUrl>
      <Point>
        <coordinates>151.332518,-33.6352831,0</coordinates>
      </Point>
    </Placemark>
    <Placemark>
      <name>S.A.S.H Sydney x Bondi Lines &amp; Magnolia Social</name>
      <description><![CDATA[<b>S.A.S.H Sydney x Bondi Lines &amp; Magnolia Social</b><br><i>Nightlife</i><br>Sun 14th Jun<br>Carousel, Darlinghurst<br>$20<br><br>S.A.S.H Sydney x Bondi Lines &amp; Magnolia Social ★ Saturday 13th June ★, on 10:00 PM, 13 Jun 2026 at Carousel, Oxford Street, Darlinghurst NSW, Australia.<br><br><a href="https://carousel.net.au/events/sash-sydney-x-bondi-lines-magnolia-social-saturday-13th-june">More info / tickets</a>]]></description>
      <styleUrl>#purple-dot.png</styleUrl>
      <Point>
        <coordinates>151.2010869,-33.8743113,0</coordinates>
      </Point>
    </Placemark>
    <Placemark>
      <name>E:SET</name>
      <description><![CDATA[<b>E:SET</b><br><i>Music</i><br>Sun 14th Jun<br>Carousel, Darlinghurst, New South Wales<br>$30<br><br>Live electronic music performance.<br><br><a href="https://carousel.net.au/events/yaeset">More info / tickets</a>]]></description>
      <styleUrl>#purple-dot.png</styleUrl>
      <Point>
        <coordinates>151.2010869,-33.8743113,0</coordinates>
      </Point>
    </Placemark>
    <Placemark>
      <name>James Reyne</name>
      <description><![CDATA[<b>James Reyne</b><br><i>Music</i><br>Sun 14th Jun<br>City Recital Hall, Sydney<br>$80<br><br>James Reyne takes his iconic catalogue on a special run of shows across the country, delivering beloved hits, signature vocals and an unforgettable live experience joined by special guest Alex Lloyd.<br><br><a href="https://www.cityrecitalhall.com/whats-on/events/james-reyne/">More info / tickets</a>]]></description>
      <styleUrl>#purple-dot.png</styleUrl>
      <Point>
        <coordinates>151.2078848,-33.8670193,0</coordinates>
      </Point>
    </Placemark>
    <Placemark>
      <name>Story Club</name>
      <description><![CDATA[<b>Story Club</b><br><i>Comedy</i><br>Sun 14th Jun<br>Factory Theatre, Marrickville, NSW<br>Check site<br><br>Story Club is a live comedy storytelling show packed with special guests, brilliant stories and lots of laughs.<br><br><a href="https://www.factorytheatre.com.au/event/story-club-june/">More info / tickets</a>]]></description>
      <styleUrl>#blue-dot.png</styleUrl>
      <Point>
        <coordinates>151.2075264,-33.8709129,0</coordinates>
      </Point>
    </Placemark>
    <Placemark>
      <name>Cola live with Crocodylus &amp; Stirr</name>
      <description><![CDATA[<b>Cola live with Crocodylus &amp; Stirr</b><br><i>Music</i><br>Sun 14th Jun<br>Mary's Underground, 29 Reiby Place<br>Check site<br><br>Live music performance by Cola with supporting acts.<br><br><a href="https://www.gig-guide.co.uk/au/sydney-nsw">More info / tickets</a>]]></description>
      <styleUrl>#purple-dot.png</styleUrl>
      <Point>
        <coordinates>151.2099702,-33.8627886,0</coordinates>
      </Point>
    </Placemark>
    <Placemark>
      <name>YUKI CHIBA performance</name>
      <description><![CDATA[<b>YUKI CHIBA performance</b><br><i>Music</i><br>Sun 14th Jun<br>Manning Bar, Manning Rd<br>Check site<br><br>Live performance by YUKI CHIBA.<br><br><a href="https://www.gig-guide.co.uk/au/sydney-nsw">More info / tickets</a>]]></description>
      <styleUrl>#purple-dot.png</styleUrl>
      <Point>
        <coordinates>151.2448262,-33.8816605,0</coordinates>
      </Point>
    </Placemark>
    <Placemark>
      <name>Pride Picnic</name>
      <description><![CDATA[<b>Pride Picnic</b><br><i>Cultural</i><br>Sun 14th Jun<br>Coal Loader<br>Free<br><br>Annual LGBTQ+ celebration with food and community.<br><br><a href="https://www.northsydney.nsw.gov.au/events/event/1480/pride-picnic-2026">More info / tickets</a>]]></description>
      <styleUrl>#orange-dot.png</styleUrl>
      <Point>
        <coordinates>151.193639,-33.8444883,0</coordinates>
      </Point>
    </Placemark>
    <Placemark>
      <name>Unnamed event</name>
      <description><![CDATA[<b>Unnamed event</b><br><i>Food &amp; Drink</i><br>Sun 14th Jun<br>Cascade Brewery Bar, South Hobart<br>Check site<br><br>Event at Cascade Brewery Bar.<br><br><a href="https://surreal.live/en-au/events/hobart">More info / tickets</a>]]></description>
      <styleUrl>#red-dot.png</styleUrl>
      <Point>
        <coordinates>151.0718024,-33.8599443,0</coordinates>
      </Point>
    </Placemark>
    <Placemark>
      <name>Courtyard Sessions</name>
      <description><![CDATA[<b>Courtyard Sessions</b><br><i>Music</i><br>Sun 14th Jun<br>177 Captain Springs Road, Onehunga<br>Check site<br><br>Live music or performances in a courtyard setting.<br><br><a href="https://surreal.live/en-nz/events/auckland">More info / tickets</a>]]></description>
      <styleUrl>#purple-dot.png</styleUrl>
      <Point>
        <coordinates>151.209421,-33.868633,0</coordinates>
      </Point>
    </Placemark>
    <Placemark>
      <name>Sunday Session</name>
      <description><![CDATA[<b>Sunday Session</b><br><i>Music</i><br>Sun 14th Jun<br>Saint Alice, Auckland CBD<br>Check site<br><br>A relaxed Sunday music or social event.<br><br><a href="https://surreal.live/en-nz/events/auckland">More info / tickets</a>]]></description>
      <styleUrl>#purple-dot.png</styleUrl>
      <Point>
        <coordinates>151.0108782,-33.8211887,0</coordinates>
      </Point>
    </Placemark>
    <Placemark>
      <name>Family Feastival</name>
      <description><![CDATA[<b>Family Feastival</b><br><i>Family</i><br>Sun 14th Jun<br>Boxpark Liverpool, Liverpool<br>Check site<br><br>A family-friendly festival with food and activities.<br><br><a href="https://surreal.live/en-gb/events/manchester">More info / tickets</a>]]></description>
      <styleUrl>#green-dot.png</styleUrl>
      <Point>
        <coordinates>150.9276398,-33.9245421,0</coordinates>
      </Point>
    </Placemark>
    <Placemark>
      <name>De Fortune Saturday</name>
      <description><![CDATA[<b>De Fortune Saturday</b><br><i>Nightlife</i><br>Sun 14th Jun<br>De Fortune, Houston<br>Check site<br><br>A Saturday event at De Fortune.<br><br><a href="https://surreal.live/en-us/events/houston">More info / tickets</a>]]></description>
      <styleUrl>#purple-dot.png</styleUrl>
      <Point>
        <coordinates>151.2016144,-33.874729,0</coordinates>
      </Point>
    </Placemark>
    <Placemark>
      <name>Melodies and Memories</name>
      <description><![CDATA[<b>Melodies and Memories</b><br><i>Music</i><br>Sun 14th Jun<br>Sound Dojo, Houston<br>Check site<br><br>A musical event featuring nostalgic tunes.<br><br><a href="https://surreal.live/en-us/events/houston">More info / tickets</a>]]></description>
      <styleUrl>#purple-dot.png</styleUrl>
      <Point>
        <coordinates>151.201957,-33.8760067,0</coordinates>
      </Point>
    </Placemark>
    <Placemark>
      <name>Melrose Sundays</name>
      <description><![CDATA[<b>Melrose Sundays</b><br><i>Nightlife</i><br>Sun 14th Jun – Mon 15th Jun<br>Melrose, Houston<br>Check site<br><br>A Sunday event at Melrose.<br><br><a href="https://surreal.live/en-us/events/houston">More info / tickets</a>]]></description>
      <styleUrl>#purple-dot.png</styleUrl>
      <Point>
        <coordinates>151.209421,-33.868633,0</coordinates>
      </Point>
    </Placemark>
    <Placemark>
      <name>Paddy McCann</name>
      <description><![CDATA[<b>Paddy McCann</b><br><i>Music</i><br>Sun 14th Jun<br>Gibbons Hotel, Te Aro<br>Check site<br><br>Live performance by musician Paddy McCann.<br><br><a href="https://surreal.live/en-nz/events/wellington">More info / tickets</a>]]></description>
      <styleUrl>#purple-dot.png</styleUrl>
      <Point>
        <coordinates>151.198702,-33.893003,0</coordinates>
      </Point>
    </Placemark>
    <Placemark>
      <name>World Cup Live Site</name>
      <description><![CDATA[<b>World Cup Live Site</b><br><i>Sport &amp; Fitness</i><br>Sun 14th Jun<br>Cathy Freeman Park, Sydney Olympic Park<br>Free<br><br>Watch the Socceroos' World Cup matches in a lively park setting.<br><br><a href="https://www.sydneyolympicpark.com.au/things-to-see-and-do">More info / tickets</a>]]></description>
      <styleUrl>#ltblue-dot.png</styleUrl>
      <Point>
        <coordinates>151.0664658,-33.8464075,0</coordinates>
      </Point>
    </Placemark>
    <Placemark>
      <name>Josh Pyke</name>
      <description><![CDATA[<b>Josh Pyke</b><br><i>Music</i><br>Sun 14th Jun<br>Petersham Bowling Club<br>Check site<br><br>Live music performance by Josh Pyke.<br><br><a href="https://sydneymusic.net/gig-guide">More info / tickets</a>]]></description>
      <styleUrl>#purple-dot.png</styleUrl>
      <Point>
        <coordinates>151.1524886,-33.8929336,0</coordinates>
      </Point>
    </Placemark>
    <Placemark>
      <name>Sonar</name>
      <description><![CDATA[<b>Sonar</b><br><i>Music</i><br>Sun 14th Jun<br>Rossco's Bar<br>FREE<br><br>Electronic music event at Rossco's Bar.<br><br><a href="https://sydneymusic.net/gig-guide">More info / tickets</a>]]></description>
      <styleUrl>#purple-dot.png</styleUrl>
      <Point>
        <coordinates>151.204081,-33.871194,0</coordinates>
      </Point>
    </Placemark>
    <Placemark>
      <name>Milton Man Gogh</name>
      <description><![CDATA[<b>Milton Man Gogh</b><br><i>Music</i><br>Sun 14th Jun<br>Lazy Thinking<br>Check site<br><br>Live music with supporting acts.<br><br><a href="https://sydneymusic.net/gig-guide">More info / tickets</a>]]></description>
      <styleUrl>#purple-dot.png</styleUrl>
      <Point>
        <coordinates>151.1436185,-33.9028662,0</coordinates>
      </Point>
    </Placemark>
    <Placemark>
      <name>Hilary Kleinig</name>
      <description><![CDATA[<b>Hilary Kleinig</b><br><i>Music</i><br>Sun 14th Jun<br>Church St Studios<br>Check site<br><br>Live performance with Claire Edwardes.<br><br><a href="https://sydneymusic.net/gig-guide">More info / tickets</a>]]></description>
      <styleUrl>#purple-dot.png</styleUrl>
      <Point>
        <coordinates>151.1781634,-33.8880089,0</coordinates>
      </Point>
    </Placemark>
    <Placemark>
      <name>Flint Violet</name>
      <description><![CDATA[<b>Flint Violet</b><br><i>Music</i><br>Sun 14th Jun<br>MoshPit Bar<br>Free<br><br>Live music with supporting acts.<br><br><a href="https://sydneymusic.net/gig-guide">More info / tickets</a>]]></description>
      <styleUrl>#purple-dot.png</styleUrl>
      <Point>
        <coordinates>151.204081,-33.871194,0</coordinates>
      </Point>
    </Placemark>
    <Placemark>
      <name>Paul Berwick</name>
      <description><![CDATA[<b>Paul Berwick</b><br><i>Music</i><br>Sun 14th Jun<br>Butchers Brew Bar<br>Check site<br><br>Live performance by Paul Berwick with supporting act Johnny Batchelor.<br><br><a href="https://sydneymusic.net/gig-guide">More info / tickets</a>]]></description>
      <styleUrl>#purple-dot.png</styleUrl>
      <Point>
        <coordinates>151.2020336,-33.9116928,0</coordinates>
      </Point>
    </Placemark>
    <Placemark>
      <name>Benny Elder</name>
      <description><![CDATA[<b>Benny Elder</b><br><i>Music</i><br>Sun 14th Jun<br>Petersham Bowling Club<br>Free<br><br>Live music show featuring Benny Elder and Anna Weatherup.<br><br><a href="https://sydneymusic.net/gig-guide">More info / tickets</a>]]></description>
      <styleUrl>#purple-dot.png</styleUrl>
      <Point>
        <coordinates>151.1524886,-33.8929336,0</coordinates>
      </Point>
    </Placemark>
    <Placemark>
      <name>Ctrl Pach</name>
      <description><![CDATA[<b>Ctrl Pach</b><br><i>Music</i><br>Sun 14th Jun<br>Lazy Thinking<br>Check site<br><br>Live music event with Ctrl Pach and supporting acts.<br><br><a href="https://sydneymusic.net/gig-guide">More info / tickets</a>]]></description>
      <styleUrl>#purple-dot.png</styleUrl>
      <Point>
        <coordinates>151.1436185,-33.9028662,0</coordinates>
      </Point>
    </Placemark>
    <Placemark>
      <name>Offering III</name>
      <description><![CDATA[<b>Offering III</b><br><i>Music</i><br>Sun 14th Jun<br>Oxford Art Factory, Sydney<br>Check site<br><br>W/ Kavari (UK), Lucas Abela &amp; Defektro, ALICE4EVER, Scariestgirlintheworld, Comorbid, JLL0MLL0<br><br><a href="https://sydneymusic.net/gig-guide">More info / tickets</a>]]></description>
      <styleUrl>#purple-dot.png</styleUrl>
      <Point>
        <coordinates>151.2137927,-33.8779851,0</coordinates>
      </Point>
    </Placemark>
    <Placemark>
      <name>Love Banana</name>
      <description><![CDATA[<b>Love Banana</b><br><i>Music</i><br>Sun 14th Jun<br>Enmore Hotel<br>FREE<br><br>Live music performance by Love Banana.<br><br><a href="https://sydneymusic.net/gig-guide">More info / tickets</a>]]></description>
      <styleUrl>#purple-dot.png</styleUrl>
      <Point>
        <coordinates>151.171519,-33.899452,0</coordinates>
      </Point>
    </Placemark>
    <Placemark>
      <name>Cola (CAN)</name>
      <description><![CDATA[<b>Cola (CAN)</b><br><i>Music</i><br>Sun 14th Jun<br>Mary's Underground<br>Check site<br><br>Live music by Cola with supporting acts.<br><br><a href="https://sydneymusic.net/gig-guide">More info / tickets</a>]]></description>
      <styleUrl>#purple-dot.png</styleUrl>
      <Point>
        <coordinates>151.2094332,-33.872037,0</coordinates>
      </Point>
    </Placemark>
    <Placemark>
      <name>Josie Bakker</name>
      <description><![CDATA[<b>Josie Bakker</b><br><i>Music</i><br>Sun 14th Jun<br>Palomino Lounge<br>FREE<br><br>Live performance by Josie Bakker.<br><br><a href="https://sydneymusic.net/gig-guide">More info / tickets</a>]]></description>
      <styleUrl>#purple-dot.png</styleUrl>
      <Point>
        <coordinates>151.2178865,-33.8690553,0</coordinates>
      </Point>
    </Placemark>
    <Placemark>
      <name>OneSydney</name>
      <description><![CDATA[<b>OneSydney</b><br><i>Music</i><br>Sun 14th Jun<br>Concert Hall, Sydney Opera House<br>Check site<br><br>A contemporary music event celebrating Sydney’s artistic scene.<br><br><a href="https://www.gig-guide.co.uk/au/sydney-nsw">More info / tickets</a>]]></description>
      <styleUrl>#purple-dot.png</styleUrl>
      <Point>
        <coordinates>151.214847,-33.856629,0</coordinates>
      </Point>
    </Placemark>
    <Placemark>
      <name>Pops for Tots: Around the World with PSO</name>
      <description><![CDATA[<b>Pops for Tots: Around the World with PSO</b><br><i>Music</i><br>Sun 14th Jun<br>The Joan, Kids &amp; Family, Music<br>Check site<br><br>A children's concert featuring the Penrith Symphony Orchestra.<br><br><a href="https://www.thejoan.com.au/whats-on">More info / tickets</a>]]></description>
      <styleUrl>#purple-dot.png</styleUrl>
      <Point>
        <coordinates>151.2304442,-33.8271144,0</coordinates>
      </Point>
    </Placemark>
    <Placemark>
      <name>COLA</name>
      <description><![CDATA[<b>COLA</b><br><i>Music</i><br>Sun 14th Jun<br>Mary's Underground, Sydney NSW 2000<br>Check site<br><br>Live music event at Mary's Underground.<br><br><a href="https://whatslively.com/venues/3ed5a170d7f250c012a494e09004c53d">More info / tickets</a>]]></description>
      <styleUrl>#purple-dot.png</styleUrl>
      <Point>
        <coordinates>151.2094332,-33.872037,0</coordinates>
      </Point>
    </Placemark>
    <Placemark>
      <name>CORTISA</name>
      <description><![CDATA[<b>CORTISA</b><br><i>Music</i><br>Sun 14th Jun<br>The Lansdowne Hotel, 2-6 City Rd, Chippendale<br>Check site<br><br>Live music performance at The Lansdowne Hotel.<br><br><a href="https://whatslively.com/venues/7f88181b5fccffb4cbfba22673168d81">More info / tickets</a>]]></description>
      <styleUrl>#purple-dot.png</styleUrl>
      <Point>
        <coordinates>151.1948689,-33.884762,0</coordinates>
      </Point>
    </Placemark>
    <Placemark>
      <name>Watercolour: intermediate</name>
      <description><![CDATA[<b>Watercolour: intermediate</b><br><i>Arts &amp; Culture</i><br>Sun 14th Jun<br>Ultimo Community Centre, Ultimo<br>Free<br><br>A hands-on workshop for advanced watercolour techniques.<br><br><a href="https://whatson.cityofsydney.nsw.gov.au/events/watercolour-intermediate-ultimo-community-centre">More info / tickets</a>]]></description>
      <styleUrl>#orange-dot.png</styleUrl>
      <Point>
        <coordinates>151.1981756,-33.8778673,0</coordinates>
      </Point>
    </Placemark>
    <Placemark>
      <name>Closing Night: Paper Tiger</name>
      <description><![CDATA[<b>Closing Night: Paper Tiger</b><br><i>Film</i><br>Sun 14th Jun<br>State Theatre, Sydney<br>Free<br><br>Bid farewell to the Sydney Film Festival at the Closing Night Ceremony at the State Theatre.<br><br><a href="https://whatson.cityofsydney.nsw.gov.au/events/closing-night-paper-tiger">More info / tickets</a>]]></description>
      <styleUrl>#yellow-dot.png</styleUrl>
      <Point>
        <coordinates>151.2075264,-33.8709129,0</coordinates>
      </Point>
    </Placemark>
    <Placemark>
      <name>LOVE ME</name>
      <description><![CDATA[<b>LOVE ME</b><br><i>Music</i><br>Sun 14th Jun<br>The Marrickville Bowling &amp; Recreation Club, Marrickville<br>FREE<br><br>Live music event at a bowling club.<br><br><a href="http://www.marrickvillebowlingclub.com.au/gig-guide.html">More info / tickets</a>]]></description>
      <styleUrl>#purple-dot.png</styleUrl>
      <Point>
        <coordinates>151.1639707,-33.9103876,0</coordinates>
      </Point>
    </Placemark>
    <Placemark>
      <name>Warm up to Winter</name>
      <description><![CDATA[<b>Warm up to Winter</b><br><i>Arts &amp; Culture</i><br>Sun 14th Jun<br>Willoughby Uniting Church<br>Check site<br><br>A winter-themed event to enjoy warm activities.<br><br><a href="https://humanitix.com/au/events/au--nsw--sydney/thisweekend">More info / tickets</a>]]></description>
      <styleUrl>#orange-dot.png</styleUrl>
      <Point>
        <coordinates>151.1961682,-33.7971778,0</coordinates>
      </Point>
    </Placemark>
    <Placemark>
      <name>High Tea at Nutcote</name>
      <description><![CDATA[<b>High Tea at Nutcote</b><br><i>Food &amp; Drink</i><br>Sun 14th Jun<br>5 Wallaringa Ave<br>Check site<br><br>Elegant afternoon tea experience in a historic setting.<br><br><a href="https://humanitix.com/au/events/au--nsw--sydney/thisweekend">More info / tickets</a>]]></description>
      <styleUrl>#red-dot.png</styleUrl>
      <Point>
        <coordinates>151.2213168,-33.8420572,0</coordinates>
      </Point>
    </Placemark>
    <Placemark>
      <name>Get Stuff Done Group</name>
      <description><![CDATA[<b>Get Stuff Done Group</b><br><i>Community</i><br>Sun 14th Jun<br>RoseyRavelston Books<br>Check site<br><br>A productivity-focused group to help you accomplish tasks together.<br><br><a href="https://humanitix.com/au/events/au--nsw--sydney/thisweekend">More info / tickets</a>]]></description>
      <styleUrl>#yellow-dot.png</styleUrl>
      <Point>
        <coordinates>151.1596713,-33.8879891,0</coordinates>
      </Point>
    </Placemark>
    <Placemark>
      <name>Iranian Music and Poetry Night</name>
      <description><![CDATA[<b>Iranian Music and Poetry Night</b><br><i>Cultural</i><br>Sun 14th Jun<br>Baulkham Hills Community Center<br>Check site<br><br>A cultural evening featuring Iranian music and poetry performances.<br><br><a href="https://humanitix.com/au/events/au--nsw--sydney/thisweekend">More info / tickets</a>]]></description>
      <styleUrl>#orange-dot.png</styleUrl>
      <Point>
        <coordinates>150.9910471,-33.7607833,0</coordinates>
      </Point>
    </Placemark>
    <Placemark>
      <name>Manly Vs COE NBL1 Game</name>
      <description><![CDATA[<b>Manly Vs COE NBL1 Game</b><br><i>Sport &amp; Fitness</i><br>Sun 14th Jun<br>Northern Beaches Indoor Sports Centre, Northern Beaches<br>Check site<br><br>A local basketball match featuring Manly against COE.<br><br><a href="https://humanitix.com/au/events/au--nsw--sydney/thisweekend">More info / tickets</a>]]></description>
      <styleUrl>#ltblue-dot.png</styleUrl>
      <Point>
        <coordinates>151.2962546,-33.6991992,0</coordinates>
      </Point>
    </Placemark>
    <Placemark>
      <name>Hilary Kleinig Album Launch</name>
      <description><![CDATA[<b>Hilary Kleinig Album Launch</b><br><i>Music</i><br>Sun 14th Jun<br>Church Street Studios<br>Check site<br><br>Live music performance celebrating Hilary Kleinig's new album.<br><br><a href="https://humanitix.com/au/events/au--nsw--sydney/thisweekend">More info / tickets</a>]]></description>
      <styleUrl>#purple-dot.png</styleUrl>
      <Point>
        <coordinates>151.1781634,-33.8880089,0</coordinates>
      </Point>
    </Placemark>
    <Placemark>
      <name>Makers and Shakers Market</name>
      <description><![CDATA[<b>Makers and Shakers Market</b><br><i>Arts &amp; Social</i><br>Sun 14th Jun<br>White Bay Cruise Terminal, White Bay<br>Free<br><br>Shop local with over 140 stalls featuring Australian-made ceramics, slow fashion, jewellery, homewares, art, and gourmet food. Creative workshops and kids' activities available.<br><br><a href="https://whatson.cityofsydney.nsw.gov.au/articles/what-to-do-in-sydney-this-june">More info / tickets</a>]]></description>
      <styleUrl>#yellow-dot.png</styleUrl>
      <Point>
        <coordinates>151.18929,-33.860591,0</coordinates>
      </Point>
    </Placemark>
    <Placemark>
      <name>Budjerah</name>
      <description><![CDATA[<b>Budjerah</b><br><i>Music</i><br>Sun 14th Jun<br>Sydney Opera House, Sydney, NSW, Australia<br>Check site<br><br>A performance at the iconic Sydney Opera House.<br><br><a href="https://www.songkick.com/metro-areas/26794-australia-sydney/2026">More info / tickets</a>]]></description>
      <styleUrl>#purple-dot.png</styleUrl>
      <Point>
        <coordinates>151.2151234,-33.857198,0</coordinates>
      </Point>
    </Placemark>
    <Placemark>
      <name>Claire Edwardes</name>
      <description><![CDATA[<b>Claire Edwardes</b><br><i>Music</i><br>Sun 14th Jun<br>Church Street Studios, Camperdown, NSW, Australia<br>Check site<br><br>A musical performance by Claire Edwardes.<br><br><a href="https://www.songkick.com/metro-areas/26794-australia-sydney/2026">More info / tickets</a>]]></description>
      <styleUrl>#purple-dot.png</styleUrl>
      <Point>
        <coordinates>151.1781634,-33.8880089,0</coordinates>
      </Point>
    </Placemark>
    <Placemark>
      <name>Trevor 68</name>
      <description><![CDATA[<b>Trevor 68</b><br><i>Music</i><br>Sun 14th Jun<br>Lazy Thinking, Dulwich Hill, NSW, Australia<br>Check site<br><br>A live performance by Trevor 68.<br><br><a href="https://www.songkick.com/metro-areas/26794-australia-sydney/2026">More info / tickets</a>]]></description>
      <styleUrl>#purple-dot.png</styleUrl>
      <Point>
        <coordinates>151.1436185,-33.9028662,0</coordinates>
      </Point>
    </Placemark>
    <Placemark>
      <name>Common Sins</name>
      <description><![CDATA[<b>Common Sins</b><br><i>Music</i><br>Sun 14th Jun<br>Lazy Thinking, Dulwich Hill, NSW, Australia<br>Check site<br><br>A live music event featuring Common Sins.<br><br><a href="https://www.songkick.com/metro-areas/26794-australia-sydney/2026">More info / tickets</a>]]></description>
      <styleUrl>#purple-dot.png</styleUrl>
      <Point>
        <coordinates>151.1436185,-33.9028662,0</coordinates>
      </Point>
    </Placemark>
    <Placemark>
      <name>Dirty Mags (Aus)</name>
      <description><![CDATA[<b>Dirty Mags (Aus)</b><br><i>Music</i><br>Sun 14th Jun<br>Lazy Thinking, Dulwich Hill, NSW, Australia<br>Check site<br><br>A live performance by Dirty Mags.<br><br><a href="https://www.songkick.com/metro-areas/26794-australia-sydney/2026">More info / tickets</a>]]></description>
      <styleUrl>#purple-dot.png</styleUrl>
      <Point>
        <coordinates>151.1436185,-33.9028662,0</coordinates>
      </Point>
    </Placemark>
    <Placemark>
      <name>Matt Corby</name>
      <description><![CDATA[<b>Matt Corby</b><br><i>Music</i><br>Sun 14th Jun<br>Tumbalong Park - VIVID, Sydney, NSW<br>FREE<br><br>Live performance by Australian singer-songwriter Matt Corby.<br><br><a href="https://livemusic.au/gig-calendar/">More info / tickets</a>]]></description>
      <styleUrl>#purple-dot.png</styleUrl>
      <Point>
        <coordinates>151.201789,-33.875773,0</coordinates>
      </Point>
    </Placemark>
    <Placemark>
      <name>Darren Powell &amp; The Groove Missiles + Insaneorade Allstars</name>
      <description><![CDATA[<b>Darren Powell &amp; The Groove Missiles + Insaneorade Allstars</b><br><i>Music</i><br>Sun 14th Jun<br>LazyBones Lounge, MARRICKVILLE<br>$35<br><br>Live music featuring two bands.<br><br><a href="https://sydneyjazzclub.org.au/gig-guide/">More info / tickets</a>]]></description>
      <styleUrl>#purple-dot.png</styleUrl>
      <Point>
        <coordinates>151.2178865,-33.8690553,0</coordinates>
      </Point>
    </Placemark>
    <Placemark>
      <name>Geoff Bull &amp; The Finer Cuts</name>
      <description><![CDATA[<b>Geoff Bull &amp; The Finer Cuts</b><br><i>Music</i><br>Sun 14th Jun<br>Botany View Hotel, NEWTOWN<br>Check site<br><br>Live music performance by Geoff Bull.<br><br><a href="https://sydneyjazzclub.org.au/gig-guide/">More info / tickets</a>]]></description>
      <styleUrl>#purple-dot.png</styleUrl>
      <Point>
        <coordinates>151.1807446,-33.9058534,0</coordinates>
      </Point>
    </Placemark>
    <Placemark>
      <name>George Washingmachine Trio</name>
      <description><![CDATA[<b>George Washingmachine Trio</b><br><i>Music</i><br>Sun 14th Jun<br>Lord Dudley Hotel, PADDINGTON<br>$20<br><br>Live music by the George Washingmachine Trio.<br><br><a href="https://sydneyjazzclub.org.au/gig-guide/">More info / tickets</a>]]></description>
      <styleUrl>#purple-dot.png</styleUrl>
      <Point>
        <coordinates>151.2374178,-33.8848257,0</coordinates>
      </Point>
    </Placemark>
    <Placemark>
      <name>James Ryan Funktet ft. Pat Powell</name>
      <description><![CDATA[<b>James Ryan Funktet ft. Pat Powell</b><br><i>Music</i><br>Sun 14th Jun<br>Kiss My Brass Music Lounge, MARRICKVILLE<br>$30<br><br>Live funk music with special guest Pat Powell.<br><br><a href="https://sydneyjazzclub.org.au/gig-guide/">More info / tickets</a>]]></description>
      <styleUrl>#purple-dot.png</styleUrl>
      <Point>
        <coordinates>151.1558,-33.9061564,0</coordinates>
      </Point>
    </Placemark>
    <Placemark>
      <name>Leo Bae (solo)</name>
      <description><![CDATA[<b>Leo Bae (solo)</b><br><i>Music</i><br>Sun 14th Jun<br>Jazushi Japanese Restaurant, SURRY HILLS<br>Check site<br><br>Solo jazz performance by Leo Bae.<br><br><a href="https://sydneyjazzclub.org.au/gig-guide/">More info / tickets</a>]]></description>
      <styleUrl>#purple-dot.png</styleUrl>
      <Point>
        <coordinates>151.212781,-33.885877,0</coordinates>
      </Point>
    </Placemark>
    <Placemark>
      <name>Lord Wolseley Jazz Sessions</name>
      <description><![CDATA[<b>Lord Wolseley Jazz Sessions</b><br><i>Music</i><br>Sun 14th Jun<br>Lord Wolseley Hotel, ULTIMO<br>$150-$190<br><br>Jazz sessions at Lord Wolseley Hotel.<br><br><a href="https://sydneyjazzclub.org.au/gig-guide/">More info / tickets</a>]]></description>
      <styleUrl>#purple-dot.png</styleUrl>
      <Point>
        <coordinates>151.1967476,-33.8766843,0</coordinates>
      </Point>
    </Placemark>
    <Placemark>
      <name>Peter Koopman Trio</name>
      <description><![CDATA[<b>Peter Koopman Trio</b><br><i>Music</i><br>Sun 14th Jun<br>Miss Celie’s Music Lounge, ASHFIELD<br>$150-$190<br><br>Live jazz performance by Peter Koopman Trio.<br><br><a href="https://sydneyjazzclub.org.au/gig-guide/">More info / tickets</a>]]></description>
      <styleUrl>#purple-dot.png</styleUrl>
      <Point>
        <coordinates>151.124724,-33.888031,0</coordinates>
      </Point>
    </Placemark>
    <Placemark>
      <name>Winter roast &amp; live jazz</name>
      <description><![CDATA[<b>Winter roast &amp; live jazz</b><br><i>Food &amp; Drink</i><br>Sun 14th Jun<br>The Old Fitzroy Hotel, FOOD &amp; DRINK<br>Free<br><br>Sunday roast with live jazz music.<br><br><a href="https://whatson.cityofsydney.nsw.gov.au/events/winter-roast-and-live-jazz">More info / tickets</a>]]></description>
      <styleUrl>#red-dot.png</styleUrl>
      <Point>
        <coordinates>151.2206302,-33.8731318,0</coordinates>
      </Point>
    </Placemark>
    <Placemark>
      <name>Yuki Chiba live</name>
      <description><![CDATA[<b>Yuki Chiba live</b><br><i>Music</i><br>Sun 14th Jun<br>Manning Bar, MUSIC<br>Free<br><br>Japanese rapper performs in Australia.<br><br><a href="https://whatson.cityofsydney.nsw.gov.au/events/yuki-chiba-2026-australia-shows">More info / tickets</a>]]></description>
      <styleUrl>#purple-dot.png</styleUrl>
      <Point>
        <coordinates>151.1875444,-33.8868499,0</coordinates>
      </Point>
    </Placemark>
    <Placemark>
      <name>Improv comedy cagefight</name>
      <description><![CDATA[<b>Improv comedy cagefight</b><br><i>Comedy</i><br>Sun 14th Jun<br>THE CHIPPO HOTEL, SYDNEY<br>Check site<br><br>A high-energy comedy battle between improvisers.<br><br><a href="https://whatson.cityofsydney.nsw.gov.au/categories/nightlife">More info / tickets</a>]]></description>
      <styleUrl>#blue-dot.png</styleUrl>
      <Point>
        <coordinates>151.1986847,-33.8874295,0</coordinates>
      </Point>
    </Placemark>
    <Placemark>
      <name>Biennale Low Sensory Sessions</name>
      <description><![CDATA[<b>Biennale Low Sensory Sessions</b><br><i>Arts &amp; Culture</i><br>Sun 14th Jun<br>White Bay Power Station, TOURS &amp; EXPERIENCES<br>Free<br><br>Accessible art experience for sensory-sensitive visitors.<br><br><a href="https://whatson.cityofsydney.nsw.gov.au/events/25th-biennale-of-sydney-rememory">More info / tickets</a>]]></description>
      <styleUrl>#orange-dot.png</styleUrl>
      <Point>
        <coordinates>151.1210749,-34.041826,0</coordinates>
      </Point>
    </Placemark>
    <Placemark>
      <name>Biennale Sensory-Friendly Tactile Tours</name>
      <description><![CDATA[<b>Biennale Sensory-Friendly Tactile Tours</b><br><i>Arts &amp; Culture</i><br>Sun 14th Jun<br>White Bay Power Station, TOURS &amp; EXPERIENCES<br>Free<br><br>25th Biennale of Sydney - Sensory Friendly Tactile Tours – White Bay Power Station<br><br><a href="https://whatson.cityofsydney.nsw.gov.au/events/25th-biennale-of-sydney-rememory">More info / tickets</a>]]></description>
      <styleUrl>#orange-dot.png</styleUrl>
      <Point>
        <coordinates>151.1210749,-34.041826,0</coordinates>
      </Point>
    </Placemark>
    <Placemark>
      <name>Replica</name>
      <description><![CDATA[<b>Replica</b><br><i>Arts &amp; Culture</i><br>Sun 14th Jun<br>Dendy Newtown, Newtown<br>$27.50<br><br>A documentary following three Chinese women who turn to AI in search of love and connection, tapping into growing anxieties around artificial intelligence.<br><br><a href="https://www.sydneytravelguide.com.au/sydney-film-festival-guide-dates-top-events-and-tickets/">More info / tickets</a>]]></description>
      <styleUrl>#orange-dot.png</styleUrl>
      <Point>
        <coordinates>151.1804038,-33.8959356,0</coordinates>
      </Point>
    </Placemark>
    <Placemark>
      <name>Minotaur</name>
      <description><![CDATA[<b>Minotaur</b><br><i>Theatre</i><br>Sun 14th Jun<br>Ritz Cinemas Randwick, Randwick<br>$27.50<br><br>A thriller about personal and political conflicts in Russian society.<br><br><a href="https://www.sydneytravelguide.com.au/sydney-film-festival-guide-dates-top-events-and-tickets/">More info / tickets</a>]]></description>
      <styleUrl>#blue-dot.png</styleUrl>
      <Point>
        <coordinates>151.2432906,-33.9201716,0</coordinates>
      </Point>
    </Placemark>
    <Placemark>
      <name>Mile End Kicks</name>
      <description><![CDATA[<b>Mile End Kicks</b><br><i>Theatre</i><br>Sun 14th Jun<br>Dendy Newtown, Newtown<br>$27.50<br><br>A black romantic comedy about a music journalist self-sabotaging her dream assignment for a new fling.<br><br><a href="https://www.sydneytravelguide.com.au/sydney-film-festival-guide-dates-top-events-and-tickets/">More info / tickets</a>]]></description>
      <styleUrl>#blue-dot.png</styleUrl>
      <Point>
        <coordinates>151.1804038,-33.8959356,0</coordinates>
      </Point>
    </Placemark>
    <Placemark>
      <name>The Worst of Us</name>
      <description><![CDATA[<b>The Worst of Us</b><br><i>Theatre</i><br>Sun 14th Jun<br>QTOPIA SYDNEY, THEATRE, DANCE &amp; FILM<br>Check site<br><br>Storytelling with music and spoken word.<br><br><a href="https://whatson.cityofsydney.nsw.gov.au/categories/theatre-dance-and-film">More info / tickets</a>]]></description>
      <styleUrl>#blue-dot.png</styleUrl>
      <Point>
        <coordinates>151.1997264,-33.89557,0</coordinates>
      </Point>
    </Placemark>
    <Placemark>
      <name>Paper Tiger</name>
      <description><![CDATA[<b>Paper Tiger</b><br><i>Arts &amp; Culture</i><br>Sun 14th Jun<br>State Theatre, Sydney<br>Check site<br><br>James Gray's crime thriller premiering at Sydney Film Festival.<br><br><a href="https://www.sff.org.au/program/event/paper-tiger/">More info / tickets</a>]]></description>
      <styleUrl>#orange-dot.png</styleUrl>
      <Point>
        <coordinates>151.2075264,-33.8709129,0</coordinates>
      </Point>
    </Placemark>
    <Placemark>
      <name>Open Mic Comedy Prep Course</name>
      <description><![CDATA[<b>Open Mic Comedy Prep Course</b><br><i>Comedy</i><br>Sun 14th Jun<br>HUSTLE STUDIOS, TALKS, COURSES &amp; WORKSHOPS<br>Free<br><br>A beginner's course to prepare for open mic comedy performances.<br><br><a href="https://whatson.cityofsydney.nsw.gov.au/events/open-mic-comedy-preparation-course-lv-comedy-schools-syd">More info / tickets</a>]]></description>
      <styleUrl>#blue-dot.png</styleUrl>
      <Point>
        <coordinates>151.208063,-33.8866458,0</coordinates>
      </Point>
    </Placemark>
    <Placemark>
      <name>Marrickville Organic Food Market</name>
      <description><![CDATA[<b>Marrickville Organic Food Market</b><br><i>Food &amp; Drink</i><br>Sun 14th Jun<br>The Addison Road Community Centre, Marrickville<br>Free<br><br>Support local farmers at this family-friendly market.<br><br><a href="https://whatson.cityofsydney.nsw.gov.au/events/spring-latin-makers-market">More info / tickets</a>]]></description>
      <styleUrl>#red-dot.png</styleUrl>
      <Point>
        <coordinates>151.1626704,-33.9020174,0</coordinates>
      </Point>
    </Placemark>
    <Placemark>
      <name>Ultimo Community Centre 30th anniversary</name>
      <description><![CDATA[<b>Ultimo Community Centre 30th anniversary</b><br><i>Community</i><br>Sun 14th Jun<br>Ultimo Community Centre, CHILDREN &amp; FAMILY<br>Free<br><br>Celebrate with live music, crafts, and sports.<br><br><a href="https://whatson.cityofsydney.nsw.gov.au/events/ultimo-community-centre-open-day">More info / tickets</a>]]></description>
      <styleUrl>#yellow-dot.png</styleUrl>
      <Point>
        <coordinates>151.1981756,-33.8778673,0</coordinates>
      </Point>
    </Placemark>
  </Document>
</kml>